frame,mode,state,level,enemyCount,normalBulletCount,orbitBulletCount,queryCount,nearbyCandidateCount,bruteForceCandidateCount,candidateReductionPercent,spatialBuildMilliseconds,collisionMilliseconds,separationMilliseconds
1,spatial_grid,scene_stress,0,25,0,0,0,0,0,0,0,0,0
2,spatial_grid,scene_stress,0,25,0,0,0,0,0,0,0,0,0
3,spatial_grid,scene_stress,0,25,0,0,0,0,0,0,0,0,0
4,spatial_grid,scene_stress,0,25,0,0,0,0,0,0,0,0,0
5,spatial_grid,scene_stress,0,25,0,0,0,0,0,0,0,0,0
6,spatial_grid,scene_stress,0,25,0,0,0,0,0,0,0,0,0
7,spatial_grid,scene_stress,0,25,0,0,0,0,0,0,0,0,0
8,spatial_grid,scene_stress,0,25,0,0,0,0,0,0,0,0,0
9,spatial_grid,scene_stress,0,25,0,0,0,0,0,0,0,0,0
10,spatial_grid,scene_stress,0,25,0,0,0,0,0,0,0,0,0
11,spatial_grid,scene_stress,0,25,0,0,0,0,0,0,0,0,0
12,spatial_grid,scene_stress,0,25,0,0,0,0,0,0,0,0,0
13,spatial_grid,scene_stress,0,25,0,0,0,0,0,0,0,0,0
14,spatial_grid,scene_stress,0,25,0,0,0,0,0,0,0,0,0
15,spatial_grid,scene_stress,0,25,0,0,0,0,0,0,0,0,0
16,spatial_grid,scene_stress,0,25,0,0,0,0,0,0,0,0,0
17,spatial_grid,scene_stress,0,25,0,0,0,0,0,0,0,0,0
18,spatial_grid,scene_stress,0,25,0,0,0,0,0,0,0,0,0
19,spatial_grid,scene_stress,0,25,0,0,0,0,0,0,0,0,0
20,spatial_grid,scene_stress,0,25,0,0,0,0,0,0,0,0,0
21,spatial_grid,scene_stress,0,25,0,0,0,0,0,0,0,0,0
22,spatial_grid,scene_stress,0,25,0,0,0,0,0,0,0,0,0
23,spatial_grid,scene_stress,0,25,0,0,0,0,0,0,0,0,0
24,spatial_grid,scene_stress,0,25,0,0,0,0,0,0,0,0,0
25,spatial_grid,scene_stress,0,25,0,0,0,0,0,0,0,0,0
26,spatial_grid,scene_stress,0,25,0,0,0,0,0,0,0,0,0
27,spatial_grid,scene_stress,0,25,0,0,0,0,0,0,0,0,0
28,spatial_grid,scene_stress,0,25,0,0,0,0,0,0,0,0,0
29,spatial_grid,scene_stress,0,25,0,0,0,0,0,0,0,0,0
30,spatial_grid,scene_stress,0,25,0,0,0,0,0,0,0,0,0
31,spatial_grid,scene_stress,0,25,0,0,0,0,0,0,0,0,0
32,spatial_grid,scene_stress,0,25,0,0,0,0,0,0,0,0,0
33,spatial_grid,scene_stress,0,25,0,0,0,0,0,0,0,0,0
34,spatial_grid,scene_stress,0,25,0,0,0,0,0,0,0,0,0
35,spatial_grid,scene_stress,0,25,0,0,0,0,0,0,0,0,0
36,spatial_grid,scene_stress,0,25,0,0,0,0,0,0,0,0,0
37,spatial_grid,scene_stress,0,25,0,0,0,0,0,0,0,0,0
38,spatial_grid,scene_stress,0,25,0,0,0,0,0,0,0,0,0
39,spatial_grid,scene_stress,0,25,0,0,0,0,0,0,0,0,0
40,spatial_grid,scene_stress,0,25,0,0,0,0,0,0,0,0,0
41,spatial_grid,scene_stress,0,25,0,0,0,0,0,0,0,0,0
42,spatial_grid,scene_stress,0,25,0,0,0,0,0,0,0,0,0
43,spatial_grid,scene_stress,0,25,0,0,0,0,0,0,0,0,0
44,spatial_grid,scene_stress,0,25,0,0,0,0,0,0,0,0,0
45,spatial_grid,scene_stress,0,25,0,0,0,0,0,0,0,0,0
46,spatial_grid,scene_stress,0,25,0,0,0,0,0,0,0,0,0
47,spatial_grid,scene_stress,0,25,0,0,0,0,0,0,0,0,0
48,spatial_grid,scene_stress,0,25,0,0,0,0,0,0,0,0,0
49,spatial_grid,scene_stress,0,25,0,0,0,0,0,0,0,0,0
50,spatial_grid,scene_stress,0,25,0,0,0,0,0,0,0,0,0
51,spatial_grid,scene_stress,0,25,0,0,0,0,0,0,0,0,0
52,spatial_grid,scene_stress,0,25,0,0,0,0,0,0,0,0,0
53,spatial_grid,scene_stress,0,25,0,0,0,0,0,0,0,0,0
54,spatial_grid,scene_stress,0,25,0,0,0,0,0,0,0,0,0
55,spatial_grid,scene_stress,0,25,0,0,0,0,0,0,0,0,0
56,spatial_grid,scene_stress,0,25,0,0,0,0,0,0,0,0,0
57,spatial_grid,scene_stress,0,25,0,0,0,0,0,0,0,0,0
58,spatial_grid,scene_stress,0,25,0,0,0,0,0,0,0,0,0
59,spatial_grid,scene_stress,0,25,0,0,0,0,0,0,0,0,0
60,spatial_grid,scene_stress,0,25,0,0,0,0,0,0,0,0,0
61,spatial_grid,scene_stress,0,25,0,0,0,0,0,0,0,0,0
62,spatial_grid,scene_stress,0,25,0,0,0,0,0,0,0,0,0
63,spatial_grid,scene_stress,0,25,0,0,0,0,0,0,0,0,0
64,spatial_grid,scene_stress,0,25,0,0,0,0,0,0,0,0,0
65,spatial_grid,scene_stress,0,25,0,0,0,0,0,0,0,0,0
66,spatial_grid,scene_stress,0,25,0,0,0,0,0,0,0,0,0
67,spatial_grid,scene_stress,0,25,0,0,0,0,0,0,0,0,0
68,spatial_grid,scene_stress,0,25,0,0,0,0,0,0,0,0,0
69,spatial_grid,scene_stress,0,25,0,0,0,0,0,0,0,0,0
70,spatial_grid,scene_stress,0,25,0,0,0,0,0,0,0,0,0
71,spatial_grid,scene_stress,0,25,0,0,0,0,0,0,0,0,0
72,spatial_grid,scene_stress,0,25,0,0,0,0,0,0,0,0,0
73,spatial_grid,scene_stress,0,25,0,0,0,0,0,0,0,0,0
74,spatial_grid,scene_stress,0,25,0,0,0,0,0,0,0,0,0
75,spatial_grid,scene_stress,0,25,0,0,0,0,0,0,0,0,0
76,spatial_grid,scene_stress,0,25,0,0,0,0,0,0,0,0,0
77,spatial_grid,scene_stress,0,25,0,0,0,0,0,0,0,0,0
78,spatial_grid,scene_stress,0,25,0,0,0,0,0,0,0,0,0
79,spatial_grid,scene_stress,0,25,0,0,0,0,0,0,0,0,0
80,spatial_grid,scene_stress,0,25,0,0,0,0,0,0,0,0,0
81,spatial_grid,scene_stress,0,25,0,0,0,0,0,0,0,0,0
82,spatial_grid,scene_stress,0,25,0,0,0,0,0,0,0,0,0
83,spatial_grid,scene_stress,0,25,0,0,0,0,0,0,0,0,0
84,spatial_grid,scene_stress,0,25,0,0,0,0,0,0,0,0,0
85,spatial_grid,scene_stress,0,25,0,0,0,0,0,0,0,0,0
86,spatial_grid,scene_stress,0,25,0,0,0,0,0,0,0,0,0
87,spatial_grid,scene_stress,0,25,0,0,0,0,0,0,0,0,0
88,spatial_grid,scene_stress,0,25,0,0,0,0,0,0,0,0,0
89,spatial_grid,scene_stress,0,25,0,0,0,0,0,0,0,0,0
90,spatial_grid,scene_stress,0,25,0,0,0,0,0,0,0,0,0
91,spatial_grid,scene_stress,0,25,0,0,0,0,0,0,0,0,0
92,spatial_grid,scene_stress,0,25,0,0,0,0,0,0,0,0,0
93,spatial_grid,scene_stress,0,25,0,0,0,0,0,0,0,0,0
94,spatial_grid,scene_stress,0,25,0,0,0,0,0,0,0,0,0
95,spatial_grid,scene_stress,0,25,0,0,0,0,0,0,0,0,0
96,spatial_grid,scene_stress,0,25,0,0,0,0,0,0,0,0,0
97,spatial_grid,scene_stress,0,25,0,0,0,0,0,0,0,0,0
98,spatial_grid,scene_stress,0,25,0,0,0,0,0,0,0,0,0
99,spatial_grid,scene_stress,0,25,0,0,0,0,0,0,0,0,0
100,spatial_grid,scene_stress,0,25,0,0,0,0,0,0,0,0,0
101,spatial_grid,scene_stress,0,25,0,0,0,0,0,0,0,0,0
102,spatial_grid,scene_stress,0,25,0,0,0,0,0,0,0,0,0
103,spatial_grid,scene_stress,0,25,0,0,0,0,0,0,0,0,0
104,spatial_grid,scene_stress,0,25,0,0,0,0,0,0,0,0,0
105,spatial_grid,scene_stress,0,25,0,0,0,0,0,0,0,0,0
106,spatial_grid,scene_stress,0,25,0,0,0,0,0,0,0,0,0
107,spatial_grid,scene_stress,0,25,0,0,0,0,0,0,0,0,0
108,spatial_grid,scene_stress,0,25,0,0,0,0,0,0,0,0,0
109,spatial_grid,scene_stress,0,25,0,0,0,0,0,0,0,0,0
110,spatial_grid,scene_stress,0,25,0,0,0,0,0,0,0,0,0
111,spatial_grid,scene_stress,0,25,0,0,0,0,0,0,0,0,0
112,spatial_grid,scene_stress,0,25,0,0,0,0,0,0,0,0,0
113,spatial_grid,scene_stress,0,25,0,0,0,0,0,0,0,0,0
114,spatial_grid,scene_stress,0,25,0,0,0,0,0,0,0,0,0
115,spatial_grid,scene_stress,0,25,0,0,0,0,0,0,0,0,0
116,spatial_grid,scene_stress,0,25,0,0,0,0,0,0,0,0,0
117,spatial_grid,scene_stress,0,25,0,0,0,0,0,0,0,0,0
118,spatial_grid,scene_stress,0,25,0,0,0,0,0,0,0,0,0
119,spatial_grid,scene_stress,0,25,0,0,0,0,0,0,0,0,0
120,spatial_grid,scene_stress,0,25,0,0,0,0,0,0,0,0,0
121,spatial_grid,scene_stress,0,25,0,0,0,0,0,0,0,0,0
122,spatial_grid,scene_stress,0,25,0,0,0,0,0,0,0,0,0
123,spatial_grid,scene_stress,0,25,0,0,0,0,0,0,0,0,0
124,spatial_grid,scene_stress,0,25,0,0,0,0,0,0,0,0,0
125,spatial_grid,scene_stress,0,25,0,0,0,0,0,0,0,0,0
126,spatial_grid,scene_stress,0,25,0,0,0,0,0,0,0,0,0
127,spatial_grid,scene_stress,0,25,0,0,0,0,0,0,0,0,0
128,spatial_grid,scene_stress,0,25,0,0,0,0,0,0,0,0,0
129,spatial_grid,scene_stress,0,25,0,0,0,0,0,0,0,0,0
130,spatial_grid,scene_stress,0,25,0,0,0,0,0,0,0,0,0
131,spatial_grid,scene_stress,0,25,0,0,0,0,0,0,0,0,0
132,spatial_grid,scene_stress,0,25,0,0,0,0,0,0,0,0,0
133,spatial_grid,scene_stress,0,25,0,0,0,0,0,0,0,0,0
134,spatial_grid,scene_stress,0,25,0,0,0,0,0,0,0,0,0
135,spatial_grid,scene_stress,0,25,0,0,0,0,0,0,0,0,0
136,spatial_grid,scene_stress,0,25,0,0,0,0,0,0,0,0,0
137,spatial_grid,scene_stress,0,25,0,0,0,0,0,0,0,0,0
138,spatial_grid,scene_stress,0,25,0,0,0,0,0,0,0,0,0
139,spatial_grid,scene_stress,0,25,0,0,0,0,0,0,0,0,0
140,spatial_grid,scene_stress,0,25,0,0,0,0,0,0,0,0,0
141,spatial_grid,scene_stress,0,25,0,0,0,0,0,0,0,0,0
142,spatial_grid,scene_stress,0,25,0,0,0,0,0,0,0,0,0
143,spatial_grid,scene_stress,0,25,0,0,0,0,0,0,0,0,0
144,spatial_grid,scene_stress,0,25,0,0,0,0,0,0,0,0,0
145,spatial_grid,scene_stress,0,25,0,0,0,0,0,0,0,0,0
146,spatial_grid,scene_stress,0,25,0,0,0,0,0,0,0,0,0
147,spatial_grid,scene_stress,0,25,0,0,0,0,0,0,0,0,0
148,spatial_grid,scene_stress,0,25,0,0,0,0,0,0,0,0,0
149,spatial_grid,scene_stress,0,25,0,0,0,0,0,0,0,0,0
150,spatial_grid,scene_stress,0,25,0,0,0,0,0,0,0,0,0
151,spatial_grid,scene_stress,0,25,0,0,0,0,0,0,0,0,0
152,spatial_grid,scene_stress,0,25,0,0,0,0,0,0,0,0,0
153,spatial_grid,scene_stress,0,25,0,0,0,0,0,0,0,0,0
154,spatial_grid,scene_stress,0,25,0,0,0,0,0,0,0,0,0
155,spatial_grid,scene_stress,0,25,0,0,0,0,0,0,0,0,0
156,spatial_grid,scene_stress,0,25,0,0,0,0,0,0,0,0,0
157,spatial_grid,scene_stress,0,25,0,0,0,0,0,0,0,0,0
158,spatial_grid,scene_stress,0,25,0,0,0,0,0,0,0,0,0
159,spatial_grid,scene_stress,0,25,0,0,0,0,0,0,0,0,0
160,spatial_grid,scene_stress,0,25,0,0,0,0,0,0,0,0,0
161,spatial_grid,scene_stress,0,25,0,0,0,0,0,0,0,0,0
162,spatial_grid,scene_stress,0,25,0,0,0,0,0,0,0,0,0
163,spatial_grid,scene_stress,0,25,0,0,0,0,0,0,0,0,0
164,spatial_grid,scene_stress,0,25,0,0,0,0,0,0,0,0,0
165,spatial_grid,scene_stress,0,25,0,0,0,0,0,0,0,0,0
166,spatial_grid,scene_stress,0,25,0,0,0,0,0,0,0,0,0
167,spatial_grid,scene_stress,0,25,0,0,0,0,0,0,0,0,0
168,spatial_grid,scene_stress,0,25,0,0,0,0,0,0,0,0,0
169,spatial_grid,scene_stress,0,25,0,0,0,0,0,0,0,0,0
170,spatial_grid,scene_stress,0,25,0,0,0,0,0,0,0,0,0
171,spatial_grid,scene_stress,0,25,0,0,0,0,0,0,0,0,0
172,spatial_grid,scene_stress,0,25,0,0,0,0,0,0,0,0,0
173,spatial_grid,scene_stress,0,25,0,0,0,0,0,0,0,0,0
174,spatial_grid,scene_stress,0,25,0,0,0,0,0,0,0,0,0
175,spatial_grid,scene_stress,0,25,0,0,0,0,0,0,0,0,0
176,spatial_grid,scene_stress,0,25,0,0,0,0,0,0,0,0,0
177,spatial_grid,scene_stress,0,25,0,0,0,0,0,0,0,0,0
178,spatial_grid,scene_stress,0,25,0,0,0,0,0,0,0,0,0
179,spatial_grid,scene_stress,0,25,0,0,0,0,0,0,0,0,0
180,spatial_grid,scene_stress,0,25,0,0,0,0,0,0,0,0,0
181,spatial_grid,scene_stress,0,25,0,0,0,0,0,0,0,0,0
182,spatial_grid,scene_stress,0,25,0,0,0,0,0,0,0,0,0
183,spatial_grid,scene_stress,0,25,0,0,0,0,0,0,0,0,0
184,spatial_grid,scene_stress,0,25,0,0,0,0,0,0,0,0,0
185,spatial_grid,scene_stress,0,25,0,0,0,0,0,0,0,0,0
186,spatial_grid,scene_stress,0,25,0,0,0,0,0,0,0,0,0
187,spatial_grid,scene_stress,0,25,0,0,0,0,0,0,0,0,0
188,spatial_grid,scene_stress,0,25,0,0,0,0,0,0,0,0,0
189,spatial_grid,scene_stress,0,25,0,0,0,0,0,0,0,0,0
190,spatial_grid,scene_stress,0,25,0,0,0,0,0,0,0,0,0
191,spatial_grid,scene_stress,0,25,0,0,0,0,0,0,0,0,0
192,spatial_grid,scene_stress,0,25,0,0,0,0,0,0,0,0,0
193,spatial_grid,scene_stress,0,25,0,0,0,0,0,0,0,0,0
194,spatial_grid,scene_stress,0,25,0,0,0,0,0,0,0,0,0
195,spatial_grid,scene_stress,0,25,0,0,0,0,0,0,0,0,0
196,spatial_grid,scene_stress,0,25,0,0,0,0,0,0,0,0,0
197,spatial_grid,scene_stress,0,25,0,0,0,0,0,0,0,0,0
198,spatial_grid,scene_stress,0,25,0,0,0,0,0,0,0,0,0
199,spatial_grid,scene_stress,0,25,0,0,0,0,0,0,0,0,0
200,spatial_grid,scene_stress,0,25,0,0,0,0,0,0,0,0,0
201,spatial_grid,scene_stress,0,25,0,0,0,0,0,0,0,0,0
202,spatial_grid,scene_stress,0,25,0,0,0,0,0,0,0,0,0
203,spatial_grid,scene_stress,0,25,0,0,0,0,0,0,0,0,0
204,spatial_grid,scene_stress,0,25,0,0,0,0,0,0,0,0,0
205,spatial_grid,scene_stress,0,25,0,0,0,0,0,0,0,0,0
206,spatial_grid,scene_stress,0,25,0,0,0,0,0,0,0,0,0
207,spatial_grid,scene_stress,0,25,0,0,0,0,0,0,0,0,0
208,spatial_grid,scene_stress,0,25,0,0,0,0,0,0,0,0,0
209,spatial_grid,scene_stress,0,25,0,0,0,0,0,0,0,0,0
210,spatial_grid,scene_stress,0,25,0,0,0,0,0,0,0,0,0
211,spatial_grid,scene_stress,0,25,0,0,0,0,0,0,0,0,0
212,spatial_grid,scene_stress,0,25,0,0,0,0,0,0,0,0,0
213,spatial_grid,scene_stress,0,25,0,0,0,0,0,0,0,0,0
214,spatial_grid,scene_stress,0,25,0,0,0,0,0,0,0,0,0
215,spatial_grid,scene_stress,0,25,0,0,0,0,0,0,0,0,0
216,spatial_grid,scene_stress,0,25,0,0,0,0,0,0,0,0,0
217,spatial_grid,scene_stress,0,25,0,0,0,0,0,0,0,0,0
218,spatial_grid,scene_stress,0,25,0,0,0,0,0,0,0,0,0
219,spatial_grid,scene_stress,0,25,0,0,0,0,0,0,0,0,0
220,spatial_grid,scene_stress,0,25,0,0,0,0,0,0,0,0,0
221,spatial_grid,scene_stress,0,25,0,0,0,0,0,0,0,0,0
222,spatial_grid,scene_stress,0,25,0,0,0,0,0,0,0,0,0
223,spatial_grid,scene_stress,0,25,0,0,0,0,0,0,0,0,0
224,spatial_grid,scene_stress,0,25,0,0,0,0,0,0,0,0,0
225,spatial_grid,scene_stress,0,25,0,0,0,0,0,0,0,0,0
226,spatial_grid,scene_stress,0,25,0,0,0,0,0,0,0,0,0
227,spatial_grid,scene_stress,0,25,0,0,0,0,0,0,0,0,0
228,spatial_grid,scene_stress,0,25,0,0,0,0,0,0,0,0,0
229,spatial_grid,scene_stress,0,25,0,0,0,0,0,0,0,0,0
230,spatial_grid,scene_stress,0,25,0,0,0,0,0,0,0,0,0
231,spatial_grid,scene_stress,0,25,0,0,0,0,0,0,0,0,0
232,spatial_grid,scene_stress,0,25,0,0,0,0,0,0,0,0,0
233,spatial_grid,scene_stress,0,25,0,0,0,0,0,0,0,0,0
234,spatial_grid,scene_stress,0,25,0,0,0,0,0,0,0,0,0
235,spatial_grid,scene_stress,0,25,0,0,0,0,0,0,0,0,0
236,spatial_grid,scene_stress,0,25,0,0,0,0,0,0,0,0,0
237,spatial_grid,scene_stress,0,25,0,0,0,0,0,0,0,0,0
238,spatial_grid,scene_stress,0,25,0,0,0,0,0,0,0,0,0
239,spatial_grid,scene_stress,0,25,0,0,0,0,0,0,0,0,0
240,spatial_grid,scene_stress,0,25,0,0,0,0,0,0,0,0,0
241,spatial_grid,scene_stress,0,25,0,0,0,0,0,0,0,0,0
242,spatial_grid,scene_stress,0,25,0,0,0,0,0,0,0,0,0
243,spatial_grid,scene_stress,0,25,0,0,0,0,0,0,0,0,0
244,spatial_grid,scene_stress,0,25,0,0,0,0,0,0,0,0,0
245,spatial_grid,scene_stress,0,25,0,0,0,0,0,0,0,0,0
246,spatial_grid,scene_stress,0,25,0,0,0,0,0,0,0,0,0
247,spatial_grid,scene_stress,0,25,0,0,0,0,0,0,0,0,0
248,spatial_grid,scene_stress,0,25,0,0,0,0,0,0,0,0,0
249,spatial_grid,scene_stress,0,25,0,0,0,0,0,0,0,0,0
250,spatial_grid,scene_stress,0,25,0,0,0,0,0,0,0,0,0
251,spatial_grid,scene_stress,0,25,0,0,0,0,0,0,0,0,0
252,spatial_grid,scene_stress,0,25,0,0,0,0,0,0,0,0,0
253,spatial_grid,scene_stress,0,25,0,0,0,0,0,0,0,0,0
254,spatial_grid,scene_stress,0,25,0,0,0,0,0,0,0,0,0
255,spatial_grid,scene_stress,0,25,0,0,0,0,0,0,0,0,0
256,spatial_grid,scene_stress,0,25,0,0,0,0,0,0,0,0,0
257,spatial_grid,scene_stress,0,25,0,0,0,0,0,0,0,0,0
258,spatial_grid,scene_stress,0,25,0,0,0,0,0,0,0,0,0
259,spatial_grid,scene_stress,0,25,0,0,0,0,0,0,0,0,0
260,spatial_grid,scene_stress,0,25,0,0,0,0,0,0,0,0,0
261,spatial_grid,scene_stress,0,25,0,0,0,0,0,0,0,0,0
262,spatial_grid,scene_stress,0,25,0,0,0,0,0,0,0,0,0
263,spatial_grid,scene_stress,0,25,0,0,0,0,0,0,0,0,0
264,spatial_grid,scene_stress,0,25,0,0,0,0,0,0,0,0,0
265,spatial_grid,scene_stress,0,25,0,0,0,0,0,0,0,0,0
266,spatial_grid,scene_stress,0,25,0,0,0,0,0,0,0,0,0
267,spatial_grid,scene_stress,0,25,0,0,0,0,0,0,0,0,0
268,spatial_grid,scene_stress,0,25,0,0,0,0,0,0,0,0,0
269,spatial_grid,scene_stress,0,25,0,0,0,0,0,0,0,0,0
270,spatial_grid,scene_stress,0,25,0,0,0,0,0,0,0,0,0
271,spatial_grid,scene_stress,0,25,0,0,0,0,0,0,0,0,0
272,spatial_grid,scene_stress,0,25,0,0,0,0,0,0,0,0,0
273,spatial_grid,scene_stress,0,25,0,0,0,0,0,0,0,0,0
274,spatial_grid,scene_stress,0,25,0,0,0,0,0,0,0,0,0
275,spatial_grid,scene_stress,0,25,0,0,0,0,0,0,0,0,0
276,spatial_grid,scene_stress,0,25,0,0,0,0,0,0,0,0,0
277,spatial_grid,scene_stress,0,25,0,0,0,0,0,0,0,0,0
278,spatial_grid,scene_stress,0,25,0,0,0,0,0,0,0,0,0
279,spatial_grid,scene_stress,0,25,0,0,0,0,0,0,0,0,0
280,spatial_grid,scene_stress,0,25,0,0,0,0,0,0,0,0,0
281,spatial_grid,scene_stress,0,25,0,0,0,0,0,0,0,0,0
282,spatial_grid,scene_stress,0,25,0,0,0,0,0,0,0,0,0
283,spatial_grid,scene_stress,0,25,0,0,0,0,0,0,0,0,0
284,spatial_grid,scene_stress,0,25,0,0,0,0,0,0,0,0,0
285,spatial_grid,scene_stress,0,25,0,0,0,0,0,0,0,0,0
286,spatial_grid,scene_stress,0,25,0,0,0,0,0,0,0,0,0
287,spatial_grid,scene_stress,0,25,0,0,0,0,0,0,0,0,0
288,spatial_grid,scene_stress,0,25,0,0,0,0,0,0,0,0,0
289,spatial_grid,scene_stress,0,25,0,0,0,0,0,0,0,0,0
290,spatial_grid,scene_stress,0,27,0,0,28,97,756,87.1693,0.0162,0.0033,0.0253
291,spatial_grid,scene_stress,0,27,0,0,28,97,756,87.1693,0.0109,0.001,0.0189
292,spatial_grid,scene_stress,0,27,0,0,28,98,756,87.037,0.0124,0.0012,0.0202
293,spatial_grid,scene_stress,0,27,0,0,28,98,756,87.037,0.0202,0.0009,0.0201
294,spatial_grid,scene_stress,0,27,0,0,28,98,756,87.037,0.0187,0.0009,0.0204
295,spatial_grid,scene_stress,0,27,0,0,28,101,756,86.6402,0.0131,0.001,0.0224
296,spatial_grid,scene_stress,0,27,0,0,28,100,756,86.7725,0.0139,0.001,0.0223
297,spatial_grid,scene_stress,0,27,0,0,28,100,756,86.7725,0.0126,0.0129,0.0226
298,spatial_grid,scene_stress,0,27,0,0,28,100,756,86.7725,0.0398,0.0009,0.0226
299,spatial_grid,scene_stress,0,27,0,0,28,102,756,86.5079,0.0128,0.001,0.0229
300,spatial_grid,scene_stress,0,27,0,0,28,102,756,86.5079,0.0122,0.0008,0.0227
301,spatial_grid,scene_stress,0,27,0,0,28,101,756,86.6402,0.0176,0.0014,0.0324
302,spatial_grid,scene_stress,0,27,0,0,28,101,756,86.6402,0.0113,0.0009,0.0223
303,spatial_grid,scene_stress,0,27,0,0,28,102,756,86.5079,0.0115,0.001,0.0228
304,spatial_grid,scene_stress,0,27,0,0,28,102,756,86.5079,0.0122,0.0009,0.0231
305,spatial_grid,scene_stress,0,27,0,0,28,102,756,86.5079,0.0116,0.0009,0.0242
306,spatial_grid,scene_stress,0,27,0,0,28,100,756,86.7725,0.011,0.001,0.0228
307,spatial_grid,scene_stress,0,27,0,0,28,100,756,86.7725,0.0126,0.0011,0.0228
308,spatial_grid,scene_stress,0,27,0,0,28,100,756,86.7725,0.0127,0.0016,0.0398
309,spatial_grid,scene_stress,0,27,0,0,28,100,756,86.7725,0.0117,0.001,0.0232
310,spatial_grid,scene_stress,0,27,0,0,28,100,756,86.7725,0.011,0.001,0.0228
311,spatial_grid,scene_stress,0,27,0,0,28,99,756,86.9048,0.0114,0.0009,0.023
312,spatial_grid,scene_stress,0,27,0,0,28,99,756,86.9048,0.0113,0.0009,0.0235
313,spatial_grid,scene_stress,0,27,0,0,28,98,756,87.037,0.0102,0.0009,0.0231
314,spatial_grid,scene_stress,0,27,0,0,28,98,756,87.037,0.0101,0.0008,0.0235
315,spatial_grid,scene_stress,0,27,0,0,28,95,756,87.4339,0.0113,0.001,0.023
316,spatial_grid,scene_stress,0,27,0,0,28,95,756,87.4339,0.0114,0.0009,0.0224
317,spatial_grid,scene_stress,0,27,0,0,28,95,756,87.4339,0.0111,0.0009,0.0223
318,spatial_grid,scene_stress,0,27,0,0,28,93,756,87.6984,0.0096,0.0008,0.0223
319,spatial_grid,scene_stress,0,27,0,0,28,95,756,87.4339,0.0097,0.0008,0.0219
320,spatial_grid,scene_stress,0,27,0,0,28,95,756,87.4339,0.0144,0.0017,0.0375
321,spatial_grid,scene_stress,0,27,0,0,28,97,756,87.1693,0.0096,0.0009,0.0216
322,spatial_grid,scene_stress,0,27,0,0,28,97,756,87.1693,0.0282,0.0008,0.0216
323,spatial_grid,scene_stress,0,27,0,0,28,97,756,87.1693,0.0152,0.0008,0.0218
324,spatial_grid,scene_stress,0,27,0,0,28,97,756,87.1693,0.0114,0.0009,0.023
325,spatial_grid,scene_stress,0,27,0,0,28,99,756,86.9048,0.013,0.0034,0.0218
326,spatial_grid,scene_stress,0,27,0,0,28,100,756,86.7725,0.0122,0.0016,0.0226
327,spatial_grid,scene_stress,0,27,0,0,28,97,756,87.1693,0.0242,0.0008,0.0228
328,spatial_grid,scene_stress,0,27,0,0,28,97,756,87.1693,0.0152,0.0009,0.0234
329,spatial_grid,scene_stress,0,27,0,0,28,97,756,87.1693,0.0124,0.0008,0.0227
330,spatial_grid,scene_stress,0,27,0,0,28,103,756,86.3757,0.0129,0.001,0.0252
331,spatial_grid,scene_stress,0,27,0,0,28,99,756,86.9048,0.0142,0.0011,0.0713
332,spatial_grid,scene_stress,0,27,0,0,28,99,756,86.9048,0.0111,0.013,0.0224
333,spatial_grid,scene_stress,0,27,0,0,28,101,756,86.6402,0.0134,0.0009,0.0227
334,spatial_grid,scene_stress,0,27,0,0,28,101,756,86.6402,0.0132,0.0116,0.0231
335,spatial_grid,scene_stress,0,27,0,0,28,104,756,86.2434,0.0122,0.0009,0.0258
336,spatial_grid,scene_stress,0,27,0,0,28,103,756,86.3757,0.0135,0.0008,0.0223
337,spatial_grid,scene_stress,0,27,0,0,28,105,756,86.1111,0.0131,0.001,0.0234
338,spatial_grid,scene_stress,0,27,0,0,28,109,756,85.582,0.0146,0.001,0.0244
339,spatial_grid,scene_stress,0,27,0,0,28,111,756,85.3175,0.0148,0.0009,0.0253
340,spatial_grid,scene_stress,0,27,0,0,28,111,756,85.3175,0.0132,0.001,0.0363
341,spatial_grid,scene_stress,0,27,1,0,29,111,783,85.8238,0.0131,0.0015,0.0344
342,spatial_grid,scene_stress,0,27,1,0,29,112,783,85.696,0.0149,0.0017,0.0248
343,spatial_grid,scene_stress,0,27,1,0,29,110,783,85.9515,0.0141,0.0012,0.025
344,spatial_grid,scene_stress,0,27,1,0,29,106,783,86.4623,0.0142,0.0012,0.0255
345,spatial_grid,scene_stress,0,27,1,0,29,105,783,86.59,0.0149,0.0014,0.0255
346,spatial_grid,scene_stress,0,27,1,0,29,107,783,86.3346,0.0202,0.0072,0.0246
347,spatial_grid,scene_stress,0,27,1,0,29,105,783,86.59,0.013,0.0011,0.0234
348,spatial_grid,scene_stress,0,27,1,0,29,107,783,86.3346,0.014,0.0017,0.0453
349,spatial_grid,scene_stress,0,27,1,0,29,105,783,86.59,0.0124,0.0059,0.0442
350,spatial_grid,scene_stress,0,27,1,0,29,106,783,86.4623,0.0129,0.0017,0.0243
351,spatial_grid,scene_stress,0,27,1,0,29,105,783,86.59,0.0129,0.0016,0.0249
352,spatial_grid,scene_stress,0,27,1,0,29,105,783,86.59,0.0148,0.0016,0.0248
353,spatial_grid,scene_stress,0,27,1,0,29,105,783,86.59,0.0126,0.0018,0.0246
354,spatial_grid,scene_stress,0,27,1,0,29,104,783,86.7178,0.0126,0.0016,0.0229
355,spatial_grid,scene_stress,0,27,1,0,29,102,783,86.9732,0.0127,0.002,0.0244
356,spatial_grid,scene_stress,0,27,1,0,29,103,783,86.8455,0.0114,0.002,0.0227
357,spatial_grid,scene_stress,0,27,1,0,29,103,783,86.8455,0.011,0.0021,0.0232
358,spatial_grid,scene_stress,0,27,1,0,29,99,783,87.3563,0.0127,0.0019,0.0224
359,spatial_grid,scene_stress,0,27,1,0,29,98,783,87.484,0.0111,0.002,0.0222
360,spatial_grid,scene_stress,0,27,1,0,29,97,783,87.6117,0.0151,0.0019,0.0222
361,spatial_grid,scene_stress,0,27,1,0,29,96,783,87.7395,0.0181,0.0016,0.0214
362,spatial_grid,scene_stress,0,26,1,0,29,96,783,87.7395,0.0106,0.1985,0.0205
363,spatial_grid,scene_stress,0,26,0,0,27,89,702,87.3219,0.0102,0.0009,0.0214
364,spatial_grid,scene_stress,0,26,0,0,27,88,702,87.4644,0.0097,0.0009,0.0211
365,spatial_grid,scene_stress,0,26,0,0,27,88,702,87.4644,0.0121,0.0009,0.0208
366,spatial_grid,scene_stress,0,26,0,0,27,88,702,87.4644,0.0116,0.0009,0.0203
367,spatial_grid,scene_stress,0,26,0,0,27,88,702,87.4644,0.016,0.0018,0.0334
368,spatial_grid,scene_stress,0,26,0,0,27,88,702,87.4644,0.0115,0.001,0.0206
369,spatial_grid,scene_stress,0,26,0,0,27,88,702,87.4644,0.0111,0.0014,0.0208
370,spatial_grid,scene_stress,0,26,0,0,27,91,702,87.037,0.0111,0.0009,0.0219
371,spatial_grid,scene_stress,0,26,0,0,27,92,702,86.8946,0.0111,0.0009,0.0379
372,spatial_grid,scene_stress,0,26,0,0,27,94,702,86.6097,0.0117,0.0009,0.0223
373,spatial_grid,scene_stress,0,26,0,0,27,90,702,87.1795,0.0106,0.0009,0.0227
374,spatial_grid,scene_stress,0,26,0,0,27,90,702,87.1795,0.0112,0.0059,0.0225
375,spatial_grid,scene_stress,0,26,0,0,27,92,702,86.8946,0.0114,0.001,0.0231
376,spatial_grid,scene_stress,0,26,0,0,27,91,702,87.037,0.0125,0.0008,0.0214
377,spatial_grid,scene_stress,0,26,0,0,27,92,702,86.8946,0.0124,0.0011,0.0217
378,spatial_grid,scene_stress,0,26,0,0,27,92,702,86.8946,0.0114,0.0009,0.0211
379,spatial_grid,scene_stress,0,26,0,0,27,95,702,86.4672,0.0122,0.0008,0.022
380,spatial_grid,scene_stress,0,26,0,0,27,95,702,86.4672,0.0122,0.001,0.0229
381,spatial_grid,scene_stress,0,26,0,0,27,95,702,86.4672,0.0119,0.001,0.0228
382,spatial_grid,scene_stress,0,26,0,0,27,95,702,86.4672,0.0118,0.001,0.0233
383,spatial_grid,scene_stress,0,26,0,0,27,95,702,86.4672,0.012,0.0012,0.0227
384,spatial_grid,scene_stress,0,26,0,0,27,95,702,86.4672,0.0151,0.001,0.0393
385,spatial_grid,scene_stress,0,26,0,0,27,97,702,86.1823,0.0173,0.0014,0.022
386,spatial_grid,scene_stress,0,26,0,0,27,99,702,85.8974,0.0138,0.001,0.0212
387,spatial_grid,scene_stress,0,26,0,0,27,102,702,85.4701,0.0116,0.0011,0.0218
388,spatial_grid,scene_stress,0,26,0,0,27,104,702,85.1852,0.0107,0.0009,0.0217
389,spatial_grid,scene_stress,0,26,0,0,27,104,702,85.1852,0.0115,0.0009,0.0214
390,spatial_grid,scene_stress,0,26,0,0,27,105,702,85.0427,0.0125,0.0011,0.0207
391,spatial_grid,scene_stress,0,26,0,0,27,106,702,84.9003,0.0126,0.0011,0.0222
392,spatial_grid,scene_stress,0,26,1,0,28,111,728,84.7527,0.0126,0.0024,0.0238
393,spatial_grid,scene_stress,0,26,1,0,28,111,728,84.7527,0.0135,0.0022,0.0229
394,spatial_grid,scene_stress,0,26,1,0,28,111,728,84.7527,0.0121,0.0024,0.0233
395,spatial_grid,scene_stress,0,26,1,0,28,111,728,84.7527,0.0113,0.002,0.0225
396,spatial_grid,scene_stress,0,26,1,0,28,114,728,84.3407,0.0116,0.002,0.0227
397,spatial_grid,scene_stress,0,26,1,0,28,117,728,83.9286,0.0113,0.0023,0.0223
398,spatial_grid,scene_stress,0,26,1,0,28,119,728,83.6538,0.0114,0.0026,0.0233
399,spatial_grid,scene_stress,0,26,1,0,28,119,728,83.6538,0.0106,0.0027,0.0411
400,spatial_grid,scene_stress,0,25,1,0,28,119,728,83.6538,0.0182,0.0501,0.0246
401,spatial_grid,scene_stress,0,25,0,0,26,112,650,82.7692,0.0094,0.0097,0.0229
402,spatial_grid,scene_stress,0,25,0,0,26,112,650,82.7692,0.0102,0.0014,0.0229
403,spatial_grid,scene_stress,0,27,0,0,28,119,756,84.2593,0.0104,0.0015,0.0251
404,spatial_grid,scene_stress,0,27,0,0,28,121,756,83.9947,0.0122,0.0014,0.041
405,spatial_grid,scene_stress,0,27,0,0,28,121,756,83.9947,0.0113,0.0014,0.0263
406,spatial_grid,scene_stress,0,27,0,0,28,121,756,83.9947,0.0146,0.0108,0.0385
407,spatial_grid,scene_stress,0,27,0,0,28,121,756,83.9947,0.0271,0.0016,0.0255
408,spatial_grid,scene_stress,0,27,0,0,28,121,756,83.9947,0.0271,0.0016,0.0255
409,spatial_grid,scene_stress,0,27,0,0,28,121,756,83.9947,0.0271,0.0016,0.0255
410,spatial_grid,scene_stress,0,27,0,0,28,121,756,83.9947,0.0271,0.0016,0.0255
411,spatial_grid,scene_stress,0,27,0,0,28,121,756,83.9947,0.0271,0.0016,0.0255
412,spatial_grid,scene_stress,0,27,0,0,28,121,756,83.9947,0.0271,0.0016,0.0255
413,spatial_grid,scene_stress,0,27,0,0,28,121,756,83.9947,0.0271,0.0016,0.0255
414,spatial_grid,scene_stress,0,27,0,0,28,121,756,83.9947,0.0271,0.0016,0.0255
415,spatial_grid,scene_stress,0,27,0,0,28,121,756,83.9947,0.0271,0.0016,0.0255
416,spatial_grid,scene_stress,0,27,0,0,28,121,756,83.9947,0.0271,0.0016,0.0255
417,spatial_grid,scene_stress,0,27,0,0,28,121,756,83.9947,0.0271,0.0016,0.0255
418,spatial_grid,scene_stress,0,27,0,0,28,121,756,83.9947,0.0271,0.0016,0.0255
419,spatial_grid,scene_stress,0,27,0,0,28,121,756,83.9947,0.0271,0.0016,0.0255
420,spatial_grid,scene_stress,0,27,0,0,28,121,756,83.9947,0.0271,0.0016,0.0255
421,spatial_grid,scene_stress,0,27,0,0,28,121,756,83.9947,0.0271,0.0016,0.0255
422,spatial_grid,scene_stress,0,27,0,0,28,121,756,83.9947,0.0271,0.0016,0.0255
423,spatial_grid,scene_stress,0,27,0,0,28,121,756,83.9947,0.0271,0.0016,0.0255
424,spatial_grid,scene_stress,0,27,0,0,28,121,756,83.9947,0.0271,0.0016,0.0255
425,spatial_grid,scene_stress,0,27,0,0,28,121,756,83.9947,0.0271,0.0016,0.0255
426,spatial_grid,scene_stress,0,27,0,0,28,121,756,83.9947,0.0271,0.0016,0.0255
427,spatial_grid,scene_stress,0,27,0,0,28,121,756,83.9947,0.0271,0.0016,0.0255
428,spatial_grid,scene_stress,0,27,0,0,28,121,756,83.9947,0.0271,0.0016,0.0255
429,spatial_grid,scene_stress,0,27,0,0,28,121,756,83.9947,0.0271,0.0016,0.0255
430,spatial_grid,scene_stress,0,27,0,0,28,121,756,83.9947,0.0271,0.0016,0.0255
431,spatial_grid,scene_stress,0,27,0,0,28,121,756,83.9947,0.0271,0.0016,0.0255
432,spatial_grid,scene_stress,0,27,0,0,28,121,756,83.9947,0.0271,0.0016,0.0255
433,spatial_grid,scene_stress,0,27,0,0,28,121,756,83.9947,0.0271,0.0016,0.0255
434,spatial_grid,scene_stress,0,27,0,0,28,121,756,83.9947,0.0271,0.0016,0.0255
435,spatial_grid,scene_stress,0,27,0,0,28,121,756,83.9947,0.0271,0.0016,0.0255
436,spatial_grid,scene_stress,0,27,0,0,28,121,756,83.9947,0.0271,0.0016,0.0255
437,spatial_grid,scene_stress,0,27,0,0,28,121,756,83.9947,0.0271,0.0016,0.0255
438,spatial_grid,scene_stress,0,27,0,0,28,121,756,83.9947,0.0271,0.0016,0.0255
439,spatial_grid,scene_stress,0,27,0,0,28,121,756,83.9947,0.0271,0.0016,0.0255
440,spatial_grid,scene_stress,0,27,0,0,28,121,756,83.9947,0.0271,0.0016,0.0255
441,spatial_grid,scene_stress,0,27,0,0,28,121,756,83.9947,0.0271,0.0016,0.0255
442,spatial_grid,scene_stress,0,27,0,0,28,121,756,83.9947,0.0271,0.0016,0.0255
443,spatial_grid,scene_stress,0,27,0,0,28,121,756,83.9947,0.0271,0.0016,0.0255
444,spatial_grid,scene_stress,0,27,0,0,28,121,756,83.9947,0.0271,0.0016,0.0255
445,spatial_grid,scene_stress,0,27,0,0,28,121,756,83.9947,0.0271,0.0016,0.0255
446,spatial_grid,scene_stress,0,27,0,0,28,121,756,83.9947,0.0271,0.0016,0.0255
447,spatial_grid,scene_stress,0,27,0,0,28,121,756,83.9947,0.0271,0.0016,0.0255
448,spatial_grid,scene_stress,0,27,0,0,28,121,756,83.9947,0.0271,0.0016,0.0255
449,spatial_grid,scene_stress,0,27,0,0,28,121,756,83.9947,0.0271,0.0016,0.0255
450,spatial_grid,scene_stress,0,27,0,0,28,121,756,83.9947,0.0271,0.0016,0.0255
451,spatial_grid,scene_stress,0,27,0,0,28,121,756,83.9947,0.0271,0.0016,0.0255
452,spatial_grid,scene_stress,0,27,0,0,28,121,756,83.9947,0.0271,0.0016,0.0255
453,spatial_grid,scene_stress,0,27,0,0,28,121,756,83.9947,0.0271,0.0016,0.0255
454,spatial_grid,scene_stress,0,27,0,0,28,121,756,83.9947,0.0271,0.0016,0.0255
455,spatial_grid,scene_stress,0,27,0,0,28,121,756,83.9947,0.0271,0.0016,0.0255
456,spatial_grid,scene_stress,0,27,0,0,28,121,756,83.9947,0.0271,0.0016,0.0255
457,spatial_grid,scene_stress,0,27,0,0,28,121,756,83.9947,0.0271,0.0016,0.0255
458,spatial_grid,scene_stress,0,27,0,0,28,121,756,83.9947,0.0271,0.0016,0.0255
459,spatial_grid,scene_stress,0,27,0,0,28,121,756,83.9947,0.0271,0.0016,0.0255
460,spatial_grid,scene_stress,0,27,0,0,28,121,756,83.9947,0.0271,0.0016,0.0255
461,spatial_grid,scene_stress,0,27,0,0,28,121,756,83.9947,0.0271,0.0016,0.0255
462,spatial_grid,scene_stress,0,27,0,0,28,121,756,83.9947,0.0271,0.0016,0.0255
463,spatial_grid,scene_stress,0,27,0,0,28,121,756,83.9947,0.0271,0.0016,0.0255
464,spatial_grid,scene_stress,0,27,0,0,28,121,756,83.9947,0.0271,0.0016,0.0255
465,spatial_grid,scene_stress,0,27,0,0,28,121,756,83.9947,0.0271,0.0016,0.0255
466,spatial_grid,scene_stress,0,27,0,0,28,121,756,83.9947,0.0271,0.0016,0.0255
467,spatial_grid,scene_stress,0,27,0,0,28,121,756,83.9947,0.0271,0.0016,0.0255
468,spatial_grid,scene_stress,0,27,0,0,28,121,756,83.9947,0.0271,0.0016,0.0255
469,spatial_grid,scene_stress,0,27,0,0,28,121,756,83.9947,0.0271,0.0016,0.0255
470,spatial_grid,scene_stress,0,27,0,0,28,121,756,83.9947,0.0271,0.0016,0.0255
471,spatial_grid,scene_stress,0,27,0,0,28,121,756,83.9947,0.0271,0.0016,0.0255
472,spatial_grid,scene_stress,0,27,0,0,28,121,756,83.9947,0.0271,0.0016,0.0255
473,spatial_grid,scene_stress,0,27,0,0,28,121,756,83.9947,0.0271,0.0016,0.0255
474,spatial_grid,scene_stress,0,27,0,0,28,121,756,83.9947,0.0271,0.0016,0.0255
475,spatial_grid,scene_stress,0,27,0,0,28,121,756,83.9947,0.0271,0.0016,0.0255
476,spatial_grid,scene_stress,0,27,0,0,28,121,756,83.9947,0.0271,0.0016,0.0255
477,spatial_grid,scene_stress,0,27,0,0,28,121,756,83.9947,0.0271,0.0016,0.0255
478,spatial_grid,scene_stress,0,27,0,0,28,121,756,83.9947,0.0271,0.0016,0.0255
479,spatial_grid,scene_stress,0,27,0,0,28,121,756,83.9947,0.0271,0.0016,0.0255
480,spatial_grid,scene_stress,0,27,0,0,28,121,756,83.9947,0.0271,0.0016,0.0255
481,spatial_grid,scene_stress,0,27,0,0,28,121,756,83.9947,0.0271,0.0016,0.0255
482,spatial_grid,scene_stress,0,27,0,0,28,121,756,83.9947,0.0271,0.0016,0.0255
483,spatial_grid,scene_stress,0,27,0,0,28,121,756,83.9947,0.0271,0.0016,0.0255
484,spatial_grid,scene_stress,0,27,0,0,28,121,756,83.9947,0.0271,0.0016,0.0255
485,spatial_grid,scene_stress,0,27,0,0,28,121,756,83.9947,0.0271,0.0016,0.0255
486,spatial_grid,scene_stress,0,27,0,0,28,121,756,83.9947,0.0271,0.0016,0.0255
487,spatial_grid,scene_stress,0,27,0,0,28,121,756,83.9947,0.0271,0.0016,0.0255
488,spatial_grid,scene_stress,0,27,0,0,28,121,756,83.9947,0.0271,0.0016,0.0255
489,spatial_grid,scene_stress,0,27,0,0,28,121,756,83.9947,0.0271,0.0016,0.0255
490,spatial_grid,scene_stress,0,27,0,0,28,121,756,83.9947,0.0271,0.0016,0.0255
491,spatial_grid,scene_stress,0,27,0,0,28,121,756,83.9947,0.0271,0.0016,0.0255
492,spatial_grid,scene_stress,0,27,0,0,28,121,756,83.9947,0.0271,0.0016,0.0255
493,spatial_grid,scene_stress,0,27,0,0,28,121,756,83.9947,0.0271,0.0016,0.0255
494,spatial_grid,scene_stress,0,27,0,0,28,121,756,83.9947,0.0271,0.0016,0.0255
495,spatial_grid,scene_stress,0,27,0,0,28,121,756,83.9947,0.0271,0.0016,0.0255
496,spatial_grid,scene_stress,0,27,0,0,28,121,756,83.9947,0.0271,0.0016,0.0255
497,spatial_grid,scene_stress,0,27,0,0,28,121,756,83.9947,0.0271,0.0016,0.0255
498,spatial_grid,scene_stress,0,27,0,0,28,121,756,83.9947,0.0271,0.0016,0.0255
499,spatial_grid,scene_stress,0,27,0,0,28,121,756,83.9947,0.0271,0.0016,0.0255
500,spatial_grid,scene_stress,0,27,0,0,28,121,756,83.9947,0.0271,0.0016,0.0255
501,spatial_grid,scene_stress,0,27,0,0,28,121,756,83.9947,0.0271,0.0016,0.0255
502,spatial_grid,scene_stress,0,27,0,0,28,121,756,83.9947,0.0271,0.0016,0.0255
503,spatial_grid,scene_stress,0,27,0,0,28,121,756,83.9947,0.0271,0.0016,0.0255
504,spatial_grid,scene_stress,0,27,0,0,28,121,756,83.9947,0.0271,0.0016,0.0255
505,spatial_grid,scene_stress,0,27,0,0,28,121,756,83.9947,0.0271,0.0016,0.0255
506,spatial_grid,scene_stress,0,27,0,0,28,121,756,83.9947,0.0271,0.0016,0.0255
507,spatial_grid,scene_stress,0,27,0,0,28,121,756,83.9947,0.0271,0.0016,0.0255
508,spatial_grid,scene_stress,0,27,0,0,28,121,756,83.9947,0.0271,0.0016,0.0255
509,spatial_grid,scene_stress,0,27,0,0,28,121,756,83.9947,0.0271,0.0016,0.0255
510,spatial_grid,scene_stress,0,27,0,0,28,121,756,83.9947,0.0271,0.0016,0.0255
511,spatial_grid,scene_stress,0,27,0,0,28,121,756,83.9947,0.0271,0.0016,0.0255
512,spatial_grid,scene_stress,0,27,0,0,28,121,756,83.9947,0.0271,0.0016,0.0255
513,spatial_grid,scene_stress,0,27,0,0,28,121,756,83.9947,0.0271,0.0016,0.0255
514,spatial_grid,scene_stress,0,27,0,0,28,121,756,83.9947,0.0271,0.0016,0.0255
515,spatial_grid,scene_stress,0,27,0,0,28,121,756,83.9947,0.0271,0.0016,0.0255
516,spatial_grid,scene_stress,0,27,0,0,28,121,756,83.9947,0.0271,0.0016,0.0255
517,spatial_grid,scene_stress,0,27,0,0,28,121,756,83.9947,0.0271,0.0016,0.0255
518,spatial_grid,scene_stress,0,27,0,0,28,121,756,83.9947,0.0271,0.0016,0.0255
519,spatial_grid,scene_stress,0,27,0,0,28,121,756,83.9947,0.0271,0.0016,0.0255
520,spatial_grid,scene_stress,0,27,0,0,28,121,756,83.9947,0.0271,0.0016,0.0255
521,spatial_grid,scene_stress,0,27,0,0,28,121,756,83.9947,0.0271,0.0016,0.0255
522,spatial_grid,scene_stress,0,27,0,0,28,121,756,83.9947,0.0271,0.0016,0.0255
523,spatial_grid,scene_stress,0,27,0,0,28,121,756,83.9947,0.0271,0.0016,0.0255
524,spatial_grid,scene_stress,0,27,0,0,28,121,756,83.9947,0.0271,0.0016,0.0255
525,spatial_grid,scene_stress,0,27,0,0,28,121,756,83.9947,0.0271,0.0016,0.0255
526,spatial_grid,scene_stress,0,27,0,0,28,121,756,83.9947,0.0271,0.0016,0.0255
527,spatial_grid,scene_stress,0,27,0,0,28,121,756,83.9947,0.0271,0.0016,0.0255
528,spatial_grid,scene_stress,0,27,0,0,28,121,756,83.9947,0.0271,0.0016,0.0255
529,spatial_grid,scene_stress,0,27,0,0,28,121,756,83.9947,0.0271,0.0016,0.0255
530,spatial_grid,scene_stress,0,27,0,0,28,121,756,83.9947,0.0271,0.0016,0.0255
531,spatial_grid,scene_stress,0,27,0,0,28,121,756,83.9947,0.0271,0.0016,0.0255
532,spatial_grid,scene_stress,0,27,0,0,28,121,756,83.9947,0.0271,0.0016,0.0255
533,spatial_grid,scene_stress,0,27,0,0,28,121,756,83.9947,0.0271,0.0016,0.0255
534,spatial_grid,scene_stress,0,27,0,0,28,121,756,83.9947,0.0271,0.0016,0.0255
535,spatial_grid,scene_stress,0,27,0,0,28,121,756,83.9947,0.0271,0.0016,0.0255
536,spatial_grid,scene_stress,0,27,0,0,28,121,756,83.9947,0.0271,0.0016,0.0255
537,spatial_grid,scene_stress,0,27,0,0,28,121,756,83.9947,0.0271,0.0016,0.0255
538,spatial_grid,scene_stress,0,27,0,0,28,121,756,83.9947,0.0271,0.0016,0.0255
539,spatial_grid,scene_stress,0,27,0,0,28,121,756,83.9947,0.0271,0.0016,0.0255
540,spatial_grid,scene_stress,0,27,0,0,28,121,756,83.9947,0.0271,0.0016,0.0255
541,spatial_grid,scene_stress,0,27,0,0,28,121,756,83.9947,0.0271,0.0016,0.0255
542,spatial_grid,scene_stress,0,27,0,0,28,121,756,83.9947,0.0271,0.0016,0.0255
543,spatial_grid,scene_stress,0,27,0,0,28,121,756,83.9947,0.0271,0.0016,0.0255
544,spatial_grid,scene_stress,0,27,0,0,28,121,756,83.9947,0.0271,0.0016,0.0255
545,spatial_grid,scene_stress,0,27,0,0,28,121,756,83.9947,0.0271,0.0016,0.0255
546,spatial_grid,scene_stress,0,27,0,0,28,121,756,83.9947,0.0271,0.0016,0.0255
547,spatial_grid,scene_stress,0,27,0,0,28,121,756,83.9947,0.0271,0.0016,0.0255
548,spatial_grid,scene_stress,0,27,0,0,28,121,756,83.9947,0.0271,0.0016,0.0255
549,spatial_grid,scene_stress,0,27,0,0,28,121,756,83.9947,0.0271,0.0016,0.0255
550,spatial_grid,scene_stress,0,27,0,0,28,121,756,83.9947,0.0271,0.0016,0.0255
551,spatial_grid,scene_stress,0,27,0,0,28,121,756,83.9947,0.0271,0.0016,0.0255
552,spatial_grid,scene_stress,0,27,0,0,28,121,756,83.9947,0.0271,0.0016,0.0255
553,spatial_grid,scene_stress,0,27,0,0,28,121,756,83.9947,0.0271,0.0016,0.0255
554,spatial_grid,scene_stress,0,27,0,0,28,121,756,83.9947,0.0271,0.0016,0.0255
555,spatial_grid,scene_stress,0,27,0,0,28,121,756,83.9947,0.0271,0.0016,0.0255
556,spatial_grid,scene_stress,0,27,0,0,28,121,756,83.9947,0.0271,0.0016,0.0255
557,spatial_grid,scene_stress,0,27,0,0,28,121,756,83.9947,0.0271,0.0016,0.0255
558,spatial_grid,scene_stress,0,27,0,0,28,121,756,83.9947,0.0271,0.0016,0.0255
559,spatial_grid,scene_stress,0,27,0,0,28,121,756,83.9947,0.0271,0.0016,0.0255
560,spatial_grid,scene_stress,0,27,0,0,28,121,756,83.9947,0.0271,0.0016,0.0255
561,spatial_grid,scene_stress,0,27,0,0,28,121,756,83.9947,0.0271,0.0016,0.0255
562,spatial_grid,scene_stress,0,27,0,0,28,121,756,83.9947,0.0271,0.0016,0.0255
563,spatial_grid,scene_stress,0,27,0,0,28,121,756,83.9947,0.0271,0.0016,0.0255
564,spatial_grid,scene_stress,0,27,0,0,28,121,756,83.9947,0.0271,0.0016,0.0255
565,spatial_grid,scene_stress,0,27,0,0,28,121,756,83.9947,0.0271,0.0016,0.0255
566,spatial_grid,scene_stress,0,27,0,0,28,121,756,83.9947,0.0271,0.0016,0.0255
567,spatial_grid,scene_stress,0,27,0,0,28,121,756,83.9947,0.0271,0.0016,0.0255
568,spatial_grid,scene_stress,0,27,0,0,28,121,756,83.9947,0.0271,0.0016,0.0255
569,spatial_grid,scene_stress,0,27,0,0,28,121,756,83.9947,0.0271,0.0016,0.0255
570,spatial_grid,scene_stress,0,27,0,0,28,121,756,83.9947,0.0271,0.0016,0.0255
571,spatial_grid,scene_stress,0,27,0,0,28,121,756,83.9947,0.0271,0.0016,0.0255
572,spatial_grid,scene_stress,0,27,0,0,28,121,756,83.9947,0.0271,0.0016,0.0255
573,spatial_grid,scene_stress,0,27,0,0,28,121,756,83.9947,0.0271,0.0016,0.0255
574,spatial_grid,scene_stress,0,27,0,0,28,121,756,83.9947,0.0271,0.0016,0.0255
575,spatial_grid,scene_stress,0,27,0,0,28,121,756,83.9947,0.0271,0.0016,0.0255
576,spatial_grid,scene_stress,0,27,0,0,28,121,756,83.9947,0.0271,0.0016,0.0255
577,spatial_grid,scene_stress,0,27,0,0,28,121,756,83.9947,0.0271,0.0016,0.0255
578,spatial_grid,scene_stress,0,27,0,0,28,121,756,83.9947,0.0271,0.0016,0.0255
579,spatial_grid,scene_stress,0,27,0,0,28,121,756,83.9947,0.0271,0.0016,0.0255
580,spatial_grid,scene_stress,0,27,0,0,28,121,756,83.9947,0.0271,0.0016,0.0255
581,spatial_grid,scene_stress,0,27,0,0,28,121,756,83.9947,0.0271,0.0016,0.0255
582,spatial_grid,scene_stress,0,27,0,0,28,121,756,83.9947,0.0271,0.0016,0.0255
583,spatial_grid,scene_stress,0,27,0,0,28,121,756,83.9947,0.0271,0.0016,0.0255
584,spatial_grid,scene_stress,0,27,0,0,28,121,756,83.9947,0.0271,0.0016,0.0255
585,spatial_grid,scene_stress,0,27,0,0,28,121,756,83.9947,0.0271,0.0016,0.0255
586,spatial_grid,scene_stress,0,27,0,0,28,121,756,83.9947,0.0271,0.0016,0.0255
587,spatial_grid,scene_stress,0,27,0,0,28,121,756,83.9947,0.0271,0.0016,0.0255
588,spatial_grid,scene_stress,0,27,0,0,28,121,756,83.9947,0.0271,0.0016,0.0255
589,spatial_grid,scene_stress,0,27,0,0,28,121,756,83.9947,0.0271,0.0016,0.0255
590,spatial_grid,scene_stress,0,27,0,0,28,121,756,83.9947,0.0271,0.0016,0.0255
591,spatial_grid,scene_stress,0,27,0,0,28,121,756,83.9947,0.0271,0.0016,0.0255
592,spatial_grid,scene_stress,0,27,0,0,28,121,756,83.9947,0.0271,0.0016,0.0255
593,spatial_grid,scene_stress,0,27,0,0,28,121,756,83.9947,0.0271,0.0016,0.0255
594,spatial_grid,scene_stress,0,27,0,0,28,121,756,83.9947,0.0271,0.0016,0.0255
595,spatial_grid,scene_stress,0,27,0,0,28,121,756,83.9947,0.0271,0.0016,0.0255
596,spatial_grid,scene_stress,0,27,0,0,28,121,756,83.9947,0.0271,0.0016,0.0255
597,spatial_grid,scene_stress,0,27,0,0,28,121,756,83.9947,0.0271,0.0016,0.0255
598,spatial_grid,scene_stress,0,27,0,0,28,121,756,83.9947,0.0271,0.0016,0.0255
599,spatial_grid,scene_stress,0,27,0,0,28,121,756,83.9947,0.0271,0.0016,0.0255
600,spatial_grid,scene_stress,0,27,0,0,28,121,756,83.9947,0.0271,0.0016,0.0255
601,spatial_grid,scene_stress,0,27,0,0,28,121,756,83.9947,0.0271,0.0016,0.0255
602,spatial_grid,scene_stress,0,27,0,0,28,121,756,83.9947,0.0271,0.0016,0.0255
603,spatial_grid,scene_stress,0,27,0,0,28,121,756,83.9947,0.0271,0.0016,0.0255
604,spatial_grid,scene_stress,0,27,0,0,28,121,756,83.9947,0.0271,0.0016,0.0255
605,spatial_grid,scene_stress,0,27,0,0,28,121,756,83.9947,0.0271,0.0016,0.0255
606,spatial_grid,scene_stress,0,27,0,0,28,121,756,83.9947,0.0271,0.0016,0.0255
607,spatial_grid,scene_stress,0,27,0,0,28,121,756,83.9947,0.0271,0.0016,0.0255
608,spatial_grid,scene_stress,0,27,0,0,28,121,756,83.9947,0.0271,0.0016,0.0255
609,spatial_grid,scene_stress,0,27,0,0,28,121,756,83.9947,0.0271,0.0016,0.0255
610,spatial_grid,scene_stress,0,27,0,0,28,121,756,83.9947,0.0271,0.0016,0.0255
611,spatial_grid,scene_stress,0,27,0,0,28,121,756,83.9947,0.0271,0.0016,0.0255
612,spatial_grid,scene_stress,0,27,0,0,28,121,756,83.9947,0.0271,0.0016,0.0255
613,spatial_grid,scene_stress,0,27,0,0,28,121,756,83.9947,0.0271,0.0016,0.0255
614,spatial_grid,scene_stress,0,27,0,0,28,121,756,83.9947,0.0271,0.0016,0.0255
615,spatial_grid,scene_stress,0,27,0,0,28,121,756,83.9947,0.0271,0.0016,0.0255
616,spatial_grid,scene_stress,0,27,0,0,28,121,756,83.9947,0.0271,0.0016,0.0255
617,spatial_grid,scene_stress,0,27,0,0,28,121,756,83.9947,0.0271,0.0016,0.0255
618,spatial_grid,scene_stress,0,27,0,0,28,121,756,83.9947,0.0271,0.0016,0.0255
619,spatial_grid,scene_stress,0,27,0,0,28,121,756,83.9947,0.0271,0.0016,0.0255
620,spatial_grid,scene_stress,0,27,0,0,28,121,756,83.9947,0.0271,0.0016,0.0255
621,spatial_grid,scene_stress,0,27,0,0,28,121,756,83.9947,0.0271,0.0016,0.0255
622,spatial_grid,scene_stress,0,27,0,0,28,121,756,83.9947,0.0271,0.0016,0.0255
623,spatial_grid,scene_stress,0,27,0,0,28,121,756,83.9947,0.0271,0.0016,0.0255
624,spatial_grid,scene_stress,0,27,0,0,28,121,756,83.9947,0.0271,0.0016,0.0255
625,spatial_grid,scene_stress,0,27,0,0,28,121,756,83.9947,0.0271,0.0016,0.0255
626,spatial_grid,scene_stress,0,27,0,0,28,121,756,83.9947,0.0271,0.0016,0.0255
627,spatial_grid,scene_stress,0,27,0,0,28,121,756,83.9947,0.0271,0.0016,0.0255
628,spatial_grid,scene_stress,0,27,0,0,28,121,756,83.9947,0.0271,0.0016,0.0255
629,spatial_grid,scene_stress,0,27,0,0,28,121,756,83.9947,0.0271,0.0016,0.0255
630,spatial_grid,scene_stress,0,27,0,0,28,121,756,83.9947,0.0271,0.0016,0.0255
631,spatial_grid,scene_stress,0,27,0,0,28,121,756,83.9947,0.0271,0.0016,0.0255
632,spatial_grid,scene_stress,0,27,0,0,28,121,756,83.9947,0.0271,0.0016,0.0255
633,spatial_grid,scene_stress,0,27,0,0,28,121,756,83.9947,0.0271,0.0016,0.0255
634,spatial_grid,scene_stress,0,27,0,0,28,121,756,83.9947,0.0271,0.0016,0.0255
635,spatial_grid,scene_stress,0,27,0,0,28,121,756,83.9947,0.0271,0.0016,0.0255
636,spatial_grid,scene_stress,0,27,0,0,28,121,756,83.9947,0.0271,0.0016,0.0255
637,spatial_grid,scene_stress,0,27,0,0,28,121,756,83.9947,0.0271,0.0016,0.0255
638,spatial_grid,scene_stress,0,27,0,0,28,121,756,83.9947,0.0271,0.0016,0.0255
639,spatial_grid,scene_stress,0,27,0,0,28,121,756,83.9947,0.0271,0.0016,0.0255
640,spatial_grid,scene_stress,0,27,0,0,28,121,756,83.9947,0.0271,0.0016,0.0255
641,spatial_grid,scene_stress,0,27,0,0,28,121,756,83.9947,0.0271,0.0016,0.0255
642,spatial_grid,scene_stress,0,27,0,0,28,121,756,83.9947,0.0271,0.0016,0.0255
643,spatial_grid,scene_stress,0,27,0,0,28,121,756,83.9947,0.0271,0.0016,0.0255
644,spatial_grid,scene_stress,0,27,0,0,28,121,756,83.9947,0.0271,0.0016,0.0255
645,spatial_grid,scene_stress,0,27,0,0,28,121,756,83.9947,0.0271,0.0016,0.0255
646,spatial_grid,scene_stress,0,27,0,0,28,121,756,83.9947,0.0271,0.0016,0.0255
647,spatial_grid,scene_stress,0,27,0,0,28,121,756,83.9947,0.0271,0.0016,0.0255
648,spatial_grid,scene_stress,0,27,0,0,28,121,756,83.9947,0.0271,0.0016,0.0255
649,spatial_grid,scene_stress,0,27,0,0,28,121,756,83.9947,0.0271,0.0016,0.0255
650,spatial_grid,scene_stress,0,27,0,0,28,121,756,83.9947,0.0271,0.0016,0.0255
651,spatial_grid,scene_stress,0,27,0,0,28,121,756,83.9947,0.0271,0.0016,0.0255
652,spatial_grid,scene_stress,0,27,0,0,28,121,756,83.9947,0.0271,0.0016,0.0255
653,spatial_grid,scene_stress,0,27,0,0,28,121,756,83.9947,0.0271,0.0016,0.0255
654,spatial_grid,scene_stress,0,27,0,0,28,121,756,83.9947,0.0271,0.0016,0.0255
655,spatial_grid,scene_stress,0,27,0,0,28,121,756,83.9947,0.0271,0.0016,0.0255
656,spatial_grid,scene_stress,0,27,0,0,28,121,756,83.9947,0.0271,0.0016,0.0255
657,spatial_grid,scene_stress,0,27,0,0,28,121,756,83.9947,0.0271,0.0016,0.0255
658,spatial_grid,scene_stress,0,27,0,0,28,121,756,83.9947,0.0271,0.0016,0.0255
659,spatial_grid,scene_stress,0,27,0,0,28,121,756,83.9947,0.0271,0.0016,0.0255
660,spatial_grid,scene_stress,0,27,0,0,28,121,756,83.9947,0.0271,0.0016,0.0255
661,spatial_grid,scene_stress,0,27,0,0,28,121,756,83.9947,0.0271,0.0016,0.0255
662,spatial_grid,scene_stress,0,27,0,0,28,121,756,83.9947,0.0271,0.0016,0.0255
663,spatial_grid,scene_stress,0,27,0,0,28,121,756,83.9947,0.0271,0.0016,0.0255
664,spatial_grid,scene_stress,0,27,0,0,28,121,756,83.9947,0.0271,0.0016,0.0255
665,spatial_grid,scene_stress,0,27,0,0,28,121,756,83.9947,0.0271,0.0016,0.0255
666,spatial_grid,scene_stress,0,27,0,0,28,121,756,83.9947,0.0271,0.0016,0.0255
667,spatial_grid,scene_stress,0,27,0,0,28,121,756,83.9947,0.0271,0.0016,0.0255
668,spatial_grid,scene_stress,0,27,0,0,28,121,756,83.9947,0.0271,0.0016,0.0255
669,spatial_grid,scene_stress,0,27,0,0,28,121,756,83.9947,0.0271,0.0016,0.0255
670,spatial_grid,scene_stress,0,27,0,0,28,121,756,83.9947,0.0271,0.0016,0.0255
671,spatial_grid,scene_stress,0,27,0,0,28,121,756,83.9947,0.0271,0.0016,0.0255
672,spatial_grid,scene_stress,0,27,0,0,28,121,756,83.9947,0.0271,0.0016,0.0255
673,spatial_grid,scene_stress,0,27,0,0,28,121,756,83.9947,0.0271,0.0016,0.0255
674,spatial_grid,scene_stress,0,27,0,0,28,121,756,83.9947,0.0271,0.0016,0.0255
675,spatial_grid,scene_stress,0,27,0,0,28,121,756,83.9947,0.0271,0.0016,0.0255
676,spatial_grid,scene_stress,0,27,0,0,28,121,756,83.9947,0.0271,0.0016,0.0255
677,spatial_grid,scene_stress,0,27,0,0,28,121,756,83.9947,0.0271,0.0016,0.0255
678,spatial_grid,scene_stress,0,27,0,0,28,121,756,83.9947,0.0271,0.0016,0.0255
679,spatial_grid,scene_stress,0,27,0,0,28,121,756,83.9947,0.0271,0.0016,0.0255
680,spatial_grid,scene_stress,0,27,0,0,28,121,756,83.9947,0.0271,0.0016,0.0255
681,spatial_grid,scene_stress,0,27,0,0,28,121,756,83.9947,0.0271,0.0016,0.0255
682,spatial_grid,scene_stress,0,27,0,0,28,121,756,83.9947,0.0271,0.0016,0.0255
683,spatial_grid,scene_stress,0,27,0,0,28,121,756,83.9947,0.0271,0.0016,0.0255
684,spatial_grid,scene_stress,0,27,0,0,28,121,756,83.9947,0.0271,0.0016,0.0255
685,spatial_grid,scene_stress,0,27,0,0,28,121,756,83.9947,0.0271,0.0016,0.0255
686,spatial_grid,scene_stress,0,27,0,0,28,121,756,83.9947,0.0271,0.0016,0.0255
687,spatial_grid,scene_stress,0,27,0,0,28,121,756,83.9947,0.0271,0.0016,0.0255
688,spatial_grid,scene_stress,0,27,0,0,28,121,756,83.9947,0.0271,0.0016,0.0255
689,spatial_grid,scene_stress,0,27,0,0,28,121,756,83.9947,0.0271,0.0016,0.0255
690,spatial_grid,scene_stress,0,27,0,0,28,121,756,83.9947,0.0271,0.0016,0.0255
691,spatial_grid,scene_stress,0,27,0,0,28,121,756,83.9947,0.0271,0.0016,0.0255
692,spatial_grid,scene_stress,0,27,0,0,28,121,756,83.9947,0.0271,0.0016,0.0255
693,spatial_grid,scene_stress,0,27,0,0,28,121,756,83.9947,0.0271,0.0016,0.0255
694,spatial_grid,scene_stress,0,27,0,0,28,121,756,83.9947,0.0271,0.0016,0.0255
695,spatial_grid,scene_stress,0,27,0,0,28,121,756,83.9947,0.0271,0.0016,0.0255
696,spatial_grid,scene_stress,0,27,0,0,28,121,756,83.9947,0.0271,0.0016,0.0255
697,spatial_grid,scene_stress,0,27,0,0,28,121,756,83.9947,0.0271,0.0016,0.0255
698,spatial_grid,scene_stress,0,27,0,0,28,121,756,83.9947,0.0271,0.0016,0.0255
699,spatial_grid,scene_stress,0,27,0,0,28,121,756,83.9947,0.0271,0.0016,0.0255
700,spatial_grid,scene_stress,0,27,0,0,28,121,756,83.9947,0.0271,0.0016,0.0255
701,spatial_grid,scene_stress,0,27,0,0,28,121,756,83.9947,0.0271,0.0016,0.0255
702,spatial_grid,scene_stress,0,27,0,0,28,121,756,83.9947,0.0271,0.0016,0.0255
703,spatial_grid,scene_stress,0,27,0,0,28,121,756,83.9947,0.0271,0.0016,0.0255
704,spatial_grid,scene_stress,0,27,0,0,28,121,756,83.9947,0.0271,0.0016,0.0255
705,spatial_grid,scene_stress,0,27,0,0,28,121,756,83.9947,0.0271,0.0016,0.0255
706,spatial_grid,scene_stress,0,27,0,0,28,121,756,83.9947,0.0271,0.0016,0.0255
707,spatial_grid,scene_stress,0,27,0,0,28,121,756,83.9947,0.0271,0.0016,0.0255
708,spatial_grid,scene_stress,0,27,0,0,28,121,756,83.9947,0.0271,0.0016,0.0255
709,spatial_grid,scene_stress,0,27,0,0,28,121,756,83.9947,0.0271,0.0016,0.0255
710,spatial_grid,scene_stress,0,27,0,0,28,121,756,83.9947,0.0271,0.0016,0.0255
711,spatial_grid,scene_stress,0,27,0,0,28,121,756,83.9947,0.0271,0.0016,0.0255
712,spatial_grid,scene_stress,0,27,0,0,28,121,756,83.9947,0.0271,0.0016,0.0255
713,spatial_grid,scene_stress,0,27,0,0,28,121,756,83.9947,0.0271,0.0016,0.0255
714,spatial_grid,scene_stress,0,27,0,0,28,121,756,83.9947,0.0271,0.0016,0.0255
715,spatial_grid,scene_stress,0,27,0,0,28,121,756,83.9947,0.0271,0.0016,0.0255
716,spatial_grid,scene_stress,0,27,0,0,28,121,756,83.9947,0.0271,0.0016,0.0255
717,spatial_grid,scene_stress,0,27,0,0,28,121,756,83.9947,0.0271,0.0016,0.0255
718,spatial_grid,scene_stress,0,27,0,0,28,121,756,83.9947,0.0271,0.0016,0.0255
719,spatial_grid,scene_stress,0,27,0,0,28,121,756,83.9947,0.0271,0.0016,0.0255
720,spatial_grid,scene_stress,0,27,0,0,28,121,756,83.9947,0.0271,0.0016,0.0255
721,spatial_grid,scene_stress,0,27,0,0,28,121,756,83.9947,0.0271,0.0016,0.0255
722,spatial_grid,scene_stress,0,27,0,0,28,121,756,83.9947,0.0271,0.0016,0.0255
723,spatial_grid,scene_stress,0,27,0,0,28,121,756,83.9947,0.0271,0.0016,0.0255
724,spatial_grid,scene_stress,0,27,0,0,28,121,756,83.9947,0.0271,0.0016,0.0255
725,spatial_grid,scene_stress,0,27,0,0,28,121,756,83.9947,0.0271,0.0016,0.0255
726,spatial_grid,scene_stress,0,27,0,0,28,121,756,83.9947,0.0271,0.0016,0.0255
727,spatial_grid,scene_stress,0,27,0,0,28,121,756,83.9947,0.0271,0.0016,0.0255
728,spatial_grid,scene_stress,0,27,0,0,28,121,756,83.9947,0.0271,0.0016,0.0255
729,spatial_grid,scene_stress,0,27,0,0,28,121,756,83.9947,0.0271,0.0016,0.0255
730,spatial_grid,scene_stress,0,27,0,0,28,121,756,83.9947,0.0271,0.0016,0.0255
731,spatial_grid,scene_stress,0,27,0,0,28,121,756,83.9947,0.0271,0.0016,0.0255
732,spatial_grid,scene_stress,0,27,0,0,28,121,756,83.9947,0.0271,0.0016,0.0255
733,spatial_grid,scene_stress,0,27,0,0,28,121,756,83.9947,0.0271,0.0016,0.0255
734,spatial_grid,scene_stress,0,27,0,0,28,121,756,83.9947,0.0271,0.0016,0.0255
735,spatial_grid,scene_stress,0,27,0,0,28,121,756,83.9947,0.0271,0.0016,0.0255
736,spatial_grid,scene_stress,0,27,0,0,28,121,756,83.9947,0.0271,0.0016,0.0255
737,spatial_grid,scene_stress,0,27,0,0,28,121,756,83.9947,0.0271,0.0016,0.0255
738,spatial_grid,scene_stress,0,27,0,0,28,121,756,83.9947,0.0271,0.0016,0.0255
739,spatial_grid,scene_stress,0,27,0,0,28,121,756,83.9947,0.0271,0.0016,0.0255
740,spatial_grid,scene_stress,0,27,0,0,28,121,756,83.9947,0.0271,0.0016,0.0255
741,spatial_grid,scene_stress,0,27,0,0,28,121,756,83.9947,0.0271,0.0016,0.0255
742,spatial_grid,scene_stress,0,27,0,0,28,121,756,83.9947,0.0271,0.0016,0.0255
743,spatial_grid,scene_stress,0,27,0,0,28,121,756,83.9947,0.0271,0.0016,0.0255
744,spatial_grid,scene_stress,0,27,0,0,28,121,756,83.9947,0.0271,0.0016,0.0255
745,spatial_grid,scene_stress,0,27,0,0,28,121,756,83.9947,0.0271,0.0016,0.0255
746,spatial_grid,scene_stress,0,27,0,0,28,121,756,83.9947,0.0271,0.0016,0.0255
747,spatial_grid,scene_stress,0,27,0,0,28,121,756,83.9947,0.0271,0.0016,0.0255
748,spatial_grid,scene_stress,0,27,0,0,28,121,756,83.9947,0.0271,0.0016,0.0255
749,spatial_grid,scene_stress,0,27,0,0,28,121,756,83.9947,0.0271,0.0016,0.0255
750,spatial_grid,scene_stress,0,27,0,0,28,121,756,83.9947,0.0271,0.0016,0.0255
751,spatial_grid,scene_stress,0,27,0,0,28,121,756,83.9947,0.0271,0.0016,0.0255
752,spatial_grid,scene_stress,0,27,0,0,28,121,756,83.9947,0.0271,0.0016,0.0255
753,spatial_grid,scene_stress,0,27,0,0,28,121,756,83.9947,0.0271,0.0016,0.0255
754,spatial_grid,scene_stress,0,27,0,0,28,121,756,83.9947,0.0271,0.0016,0.0255
755,spatial_grid,scene_stress,0,27,0,0,28,121,756,83.9947,0.0271,0.0016,0.0255
756,spatial_grid,scene_stress,0,27,0,0,28,121,756,83.9947,0.0271,0.0016,0.0255
757,spatial_grid,scene_stress,0,27,0,0,28,121,756,83.9947,0.0271,0.0016,0.0255
758,spatial_grid,scene_stress,0,27,0,0,28,121,756,83.9947,0.0271,0.0016,0.0255
759,spatial_grid,scene_stress,0,27,0,0,28,121,756,83.9947,0.0271,0.0016,0.0255
760,spatial_grid,scene_stress,0,27,0,0,28,121,756,83.9947,0.0271,0.0016,0.0255
761,spatial_grid,scene_stress,0,27,0,0,28,121,756,83.9947,0.0271,0.0016,0.0255
762,spatial_grid,scene_stress,0,27,0,0,28,121,756,83.9947,0.0271,0.0016,0.0255
763,spatial_grid,scene_stress,0,27,0,0,28,121,756,83.9947,0.0271,0.0016,0.0255
764,spatial_grid,scene_stress,0,27,0,0,28,121,756,83.9947,0.0271,0.0016,0.0255
765,spatial_grid,scene_stress,0,27,0,0,28,121,756,83.9947,0.0271,0.0016,0.0255
766,spatial_grid,scene_stress,0,27,0,0,28,121,756,83.9947,0.0271,0.0016,0.0255
767,spatial_grid,scene_stress,0,27,0,0,28,121,756,83.9947,0.0271,0.0016,0.0255
768,spatial_grid,scene_stress,0,27,0,0,28,121,756,83.9947,0.0271,0.0016,0.0255
769,spatial_grid,scene_stress,0,27,0,0,28,121,756,83.9947,0.0271,0.0016,0.0255
770,spatial_grid,scene_stress,0,27,0,0,28,121,756,83.9947,0.0271,0.0016,0.0255
771,spatial_grid,scene_stress,0,27,0,0,28,121,756,83.9947,0.0271,0.0016,0.0255
772,spatial_grid,scene_stress,0,27,0,0,28,121,756,83.9947,0.0271,0.0016,0.0255
773,spatial_grid,scene_stress,0,27,0,0,28,121,756,83.9947,0.0271,0.0016,0.0255
774,spatial_grid,scene_stress,0,27,0,0,28,121,756,83.9947,0.0271,0.0016,0.0255
775,spatial_grid,scene_stress,0,27,0,0,28,121,756,83.9947,0.0271,0.0016,0.0255
776,spatial_grid,scene_stress,0,27,0,0,28,121,756,83.9947,0.0271,0.0016,0.0255
777,spatial_grid,scene_stress,0,27,0,0,28,121,756,83.9947,0.0271,0.0016,0.0255
778,spatial_grid,scene_stress,0,27,0,0,28,121,756,83.9947,0.0271,0.0016,0.0255
779,spatial_grid,scene_stress,0,27,0,0,28,121,756,83.9947,0.0271,0.0016,0.0255
780,spatial_grid,scene_stress,0,27,0,0,28,121,756,83.9947,0.0271,0.0016,0.0255
781,spatial_grid,scene_stress,0,27,0,0,28,121,756,83.9947,0.0271,0.0016,0.0255
782,spatial_grid,scene_stress,0,27,0,0,28,121,756,83.9947,0.0271,0.0016,0.0255
783,spatial_grid,scene_stress,0,27,0,0,28,121,756,83.9947,0.0271,0.0016,0.0255
784,spatial_grid,scene_stress,0,27,0,0,28,121,756,83.9947,0.0271,0.0016,0.0255
785,spatial_grid,scene_stress,0,27,0,0,28,121,756,83.9947,0.0271,0.0016,0.0255
786,spatial_grid,scene_stress,0,27,0,0,28,121,756,83.9947,0.0271,0.0016,0.0255
787,spatial_grid,scene_stress,0,27,0,0,28,121,756,83.9947,0.0271,0.0016,0.0255
788,spatial_grid,scene_stress,0,27,0,0,28,121,756,83.9947,0.0271,0.0016,0.0255
789,spatial_grid,scene_stress,0,27,0,0,28,121,756,83.9947,0.0271,0.0016,0.0255
790,spatial_grid,scene_stress,0,27,0,0,28,121,756,83.9947,0.0271,0.0016,0.0255
791,spatial_grid,scene_stress,0,27,0,0,28,121,756,83.9947,0.0271,0.0016,0.0255
792,spatial_grid,scene_stress,0,27,0,0,28,121,756,83.9947,0.0271,0.0016,0.0255
793,spatial_grid,scene_stress,0,27,0,0,28,121,756,83.9947,0.0271,0.0016,0.0255
794,spatial_grid,scene_stress,0,27,0,0,28,121,756,83.9947,0.0271,0.0016,0.0255
795,spatial_grid,scene_stress,0,27,0,0,28,121,756,83.9947,0.0271,0.0016,0.0255
796,spatial_grid,scene_stress,0,27,0,0,28,121,756,83.9947,0.0271,0.0016,0.0255
797,spatial_grid,scene_stress,0,27,0,0,28,121,756,83.9947,0.0271,0.0016,0.0255
798,spatial_grid,scene_stress,0,27,0,0,28,121,756,83.9947,0.0271,0.0016,0.0255
799,spatial_grid,scene_stress,0,27,0,0,28,121,756,83.9947,0.0271,0.0016,0.0255
800,spatial_grid,scene_stress,0,27,0,0,28,121,756,83.9947,0.0271,0.0016,0.0255
801,spatial_grid,scene_stress,0,27,0,0,28,121,756,83.9947,0.0271,0.0016,0.0255
802,spatial_grid,scene_stress,0,27,0,0,28,121,756,83.9947,0.0271,0.0016,0.0255
803,spatial_grid,scene_stress,0,27,0,0,28,121,756,83.9947,0.0271,0.0016,0.0255
804,spatial_grid,scene_stress,0,27,0,0,28,121,756,83.9947,0.0271,0.0016,0.0255
805,spatial_grid,scene_stress,0,27,0,0,28,121,756,83.9947,0.0271,0.0016,0.0255
806,spatial_grid,scene_stress,0,27,0,0,28,121,756,83.9947,0.0271,0.0016,0.0255
807,spatial_grid,scene_stress,0,27,0,0,28,121,756,83.9947,0.0271,0.0016,0.0255
808,spatial_grid,scene_stress,0,27,0,0,28,121,756,83.9947,0.0271,0.0016,0.0255
809,spatial_grid,scene_stress,0,27,0,0,28,121,756,83.9947,0.0271,0.0016,0.0255
810,spatial_grid,scene_stress,0,27,0,0,28,121,756,83.9947,0.0271,0.0016,0.0255
811,spatial_grid,scene_stress,0,27,0,0,28,121,756,83.9947,0.0271,0.0016,0.0255
812,spatial_grid,scene_stress,0,27,0,0,28,121,756,83.9947,0.0271,0.0016,0.0255
813,spatial_grid,scene_stress,0,27,0,0,28,121,756,83.9947,0.0271,0.0016,0.0255
814,spatial_grid,scene_stress,0,27,0,0,28,121,756,83.9947,0.0271,0.0016,0.0255
815,spatial_grid,scene_stress,0,27,0,0,28,121,756,83.9947,0.0271,0.0016,0.0255
816,spatial_grid,scene_stress,0,27,0,0,28,121,756,83.9947,0.0271,0.0016,0.0255
817,spatial_grid,scene_stress,0,27,0,0,28,121,756,83.9947,0.0271,0.0016,0.0255
818,spatial_grid,scene_stress,0,27,0,0,28,121,756,83.9947,0.0271,0.0016,0.0255
819,spatial_grid,scene_stress,0,27,0,0,28,121,756,83.9947,0.0271,0.0016,0.0255
820,spatial_grid,scene_stress,0,27,0,0,28,121,756,83.9947,0.0271,0.0016,0.0255
821,spatial_grid,scene_stress,0,27,0,0,28,121,756,83.9947,0.0271,0.0016,0.0255
822,spatial_grid,scene_stress,0,27,0,0,28,121,756,83.9947,0.0271,0.0016,0.0255
823,spatial_grid,scene_stress,0,27,0,0,28,121,756,83.9947,0.0271,0.0016,0.0255
824,spatial_grid,scene_stress,0,27,0,0,28,121,756,83.9947,0.0271,0.0016,0.0255
825,spatial_grid,scene_stress,0,27,0,0,28,121,756,83.9947,0.0271,0.0016,0.0255
826,spatial_grid,scene_stress,0,27,0,0,28,121,756,83.9947,0.0271,0.0016,0.0255
827,spatial_grid,scene_stress,0,27,0,0,28,121,756,83.9947,0.0271,0.0016,0.0255
828,spatial_grid,scene_stress,0,27,0,0,28,121,756,83.9947,0.0271,0.0016,0.0255
829,spatial_grid,scene_stress,0,27,0,0,28,121,756,83.9947,0.0271,0.0016,0.0255
830,spatial_grid,scene_stress,0,27,0,0,28,121,756,83.9947,0.0271,0.0016,0.0255
831,spatial_grid,scene_stress,0,27,0,0,28,121,756,83.9947,0.0271,0.0016,0.0255
832,spatial_grid,scene_stress,0,27,0,0,28,121,756,83.9947,0.0271,0.0016,0.0255
833,spatial_grid,scene_stress,0,27,0,0,28,121,756,83.9947,0.0271,0.0016,0.0255
834,spatial_grid,scene_stress,0,27,0,0,28,121,756,83.9947,0.0271,0.0016,0.0255
835,spatial_grid,scene_stress,0,27,0,0,28,121,756,83.9947,0.0271,0.0016,0.0255
836,spatial_grid,scene_stress,0,27,0,0,28,121,756,83.9947,0.0271,0.0016,0.0255
837,spatial_grid,scene_stress,0,27,0,0,28,121,756,83.9947,0.0271,0.0016,0.0255
838,spatial_grid,scene_stress,0,27,0,0,28,121,756,83.9947,0.0271,0.0016,0.0255
839,spatial_grid,scene_stress,0,27,0,0,28,121,756,83.9947,0.0271,0.0016,0.0255
840,spatial_grid,scene_stress,0,27,0,0,28,121,756,83.9947,0.0271,0.0016,0.0255
841,spatial_grid,scene_stress,0,27,0,0,28,121,756,83.9947,0.0271,0.0016,0.0255
842,spatial_grid,scene_stress,0,27,0,0,28,121,756,83.9947,0.0271,0.0016,0.0255
843,spatial_grid,scene_stress,0,27,0,0,28,121,756,83.9947,0.0271,0.0016,0.0255
844,spatial_grid,scene_stress,0,27,0,0,28,121,756,83.9947,0.0271,0.0016,0.0255
845,spatial_grid,scene_stress,0,27,0,0,28,121,756,83.9947,0.0271,0.0016,0.0255
846,spatial_grid,scene_stress,0,27,0,0,28,121,756,83.9947,0.0271,0.0016,0.0255
847,spatial_grid,scene_stress,0,27,0,0,28,121,756,83.9947,0.0271,0.0016,0.0255
848,spatial_grid,scene_stress,0,27,0,0,28,121,756,83.9947,0.0271,0.0016,0.0255
849,spatial_grid,scene_stress,0,27,0,0,28,121,756,83.9947,0.0271,0.0016,0.0255
850,spatial_grid,scene_stress,0,27,0,0,28,121,756,83.9947,0.0271,0.0016,0.0255
851,spatial_grid,scene_stress,0,27,0,0,28,121,756,83.9947,0.0271,0.0016,0.0255
852,spatial_grid,scene_stress,0,27,0,0,28,121,756,83.9947,0.0271,0.0016,0.0255
853,spatial_grid,scene_stress,0,27,0,0,28,121,756,83.9947,0.0271,0.0016,0.0255
854,spatial_grid,scene_stress,0,27,0,0,28,121,756,83.9947,0.0271,0.0016,0.0255
855,spatial_grid,scene_stress,0,27,0,0,28,121,756,83.9947,0.0271,0.0016,0.0255
856,spatial_grid,scene_stress,0,27,0,0,28,121,756,83.9947,0.0271,0.0016,0.0255
857,spatial_grid,scene_stress,0,27,0,0,28,121,756,83.9947,0.0271,0.0016,0.0255
858,spatial_grid,scene_stress,0,27,0,0,28,121,756,83.9947,0.0271,0.0016,0.0255
859,spatial_grid,scene_stress,0,27,0,0,28,121,756,83.9947,0.0271,0.0016,0.0255
860,spatial_grid,scene_stress,0,27,0,0,28,121,756,83.9947,0.0271,0.0016,0.0255
861,spatial_grid,scene_stress,0,27,0,0,28,121,756,83.9947,0.0271,0.0016,0.0255
862,spatial_grid,scene_stress,0,27,0,0,28,121,756,83.9947,0.0271,0.0016,0.0255
863,spatial_grid,scene_stress,0,27,0,0,28,121,756,83.9947,0.0271,0.0016,0.0255
864,spatial_grid,scene_stress,0,27,0,0,28,121,756,83.9947,0.0271,0.0016,0.0255
865,spatial_grid,scene_stress,0,27,0,0,28,121,756,83.9947,0.0271,0.0016,0.0255
866,spatial_grid,scene_stress,0,27,0,0,28,121,756,83.9947,0.0271,0.0016,0.0255
867,spatial_grid,scene_stress,0,27,0,0,28,121,756,83.9947,0.0271,0.0016,0.0255
868,spatial_grid,scene_stress,0,27,0,0,28,121,756,83.9947,0.0271,0.0016,0.0255
869,spatial_grid,scene_stress,0,27,0,0,28,121,756,83.9947,0.0271,0.0016,0.0255
870,spatial_grid,scene_stress,0,27,0,0,28,121,756,83.9947,0.0271,0.0016,0.0255
871,spatial_grid,scene_stress,0,27,0,0,28,121,756,83.9947,0.0271,0.0016,0.0255
872,spatial_grid,scene_stress,0,27,0,0,28,121,756,83.9947,0.0271,0.0016,0.0255
873,spatial_grid,scene_stress,0,27,0,0,28,121,756,83.9947,0.0271,0.0016,0.0255
874,spatial_grid,scene_stress,0,27,0,0,28,121,756,83.9947,0.0271,0.0016,0.0255
875,spatial_grid,scene_stress,0,27,0,0,28,121,756,83.9947,0.0271,0.0016,0.0255
876,spatial_grid,scene_stress,0,27,0,0,28,121,756,83.9947,0.0271,0.0016,0.0255
877,spatial_grid,scene_stress,0,27,0,0,28,121,756,83.9947,0.0271,0.0016,0.0255
878,spatial_grid,scene_stress,0,27,0,0,28,121,756,83.9947,0.0271,0.0016,0.0255
879,spatial_grid,scene_stress,0,27,0,0,28,121,756,83.9947,0.0271,0.0016,0.0255
880,spatial_grid,scene_stress,0,27,0,0,28,121,756,83.9947,0.0271,0.0016,0.0255
881,spatial_grid,scene_stress,0,27,0,0,28,121,756,83.9947,0.0271,0.0016,0.0255
882,spatial_grid,scene_stress,0,27,0,0,28,121,756,83.9947,0.0271,0.0016,0.0255
883,spatial_grid,scene_stress,0,27,0,0,28,121,756,83.9947,0.0271,0.0016,0.0255
884,spatial_grid,scene_stress,0,27,0,0,28,121,756,83.9947,0.0271,0.0016,0.0255
885,spatial_grid,scene_stress,0,27,0,0,28,121,756,83.9947,0.0271,0.0016,0.0255
886,spatial_grid,scene_stress,0,27,0,0,28,121,756,83.9947,0.0271,0.0016,0.0255
887,spatial_grid,scene_stress,0,27,0,0,28,121,756,83.9947,0.0271,0.0016,0.0255
888,spatial_grid,scene_stress,0,27,0,0,28,121,756,83.9947,0.0271,0.0016,0.0255
889,spatial_grid,scene_stress,0,27,0,0,28,121,756,83.9947,0.0271,0.0016,0.0255
890,spatial_grid,scene_stress,0,27,0,0,28,121,756,83.9947,0.0271,0.0016,0.0255
891,spatial_grid,scene_stress,0,27,0,0,28,121,756,83.9947,0.0271,0.0016,0.0255
892,spatial_grid,scene_stress,0,27,0,0,28,121,756,83.9947,0.0271,0.0016,0.0255
893,spatial_grid,scene_stress,0,27,0,0,28,121,756,83.9947,0.0271,0.0016,0.0255
894,spatial_grid,scene_stress,0,27,0,0,28,121,756,83.9947,0.0271,0.0016,0.0255
895,spatial_grid,scene_stress,0,27,0,0,28,121,756,83.9947,0.0271,0.0016,0.0255
896,spatial_grid,scene_stress,0,27,0,0,28,121,756,83.9947,0.0271,0.0016,0.0255
897,spatial_grid,scene_stress,0,27,0,0,28,121,756,83.9947,0.0271,0.0016,0.0255
898,spatial_grid,scene_stress,0,27,0,0,28,121,756,83.9947,0.0271,0.0016,0.0255
899,spatial_grid,scene_stress,0,27,0,0,28,121,756,83.9947,0.0271,0.0016,0.0255
900,spatial_grid,scene_stress,0,27,0,0,28,121,756,83.9947,0.0271,0.0016,0.0255
901,spatial_grid,scene_stress,0,27,0,0,28,121,756,83.9947,0.0271,0.0016,0.0255
902,spatial_grid,scene_stress,0,27,0,0,28,121,756,83.9947,0.0271,0.0016,0.0255
903,spatial_grid,scene_stress,0,27,0,0,28,121,756,83.9947,0.0271,0.0016,0.0255
904,spatial_grid,scene_stress,0,27,0,0,28,121,756,83.9947,0.0271,0.0016,0.0255
905,spatial_grid,scene_stress,0,27,0,0,28,121,756,83.9947,0.0271,0.0016,0.0255
906,spatial_grid,scene_stress,0,27,0,0,28,121,756,83.9947,0.0271,0.0016,0.0255
907,spatial_grid,scene_stress,0,27,0,0,28,121,756,83.9947,0.0271,0.0016,0.0255
908,spatial_grid,scene_stress,0,27,0,0,28,121,756,83.9947,0.0271,0.0016,0.0255
909,spatial_grid,scene_stress,0,27,0,0,28,121,756,83.9947,0.0271,0.0016,0.0255
910,spatial_grid,scene_stress,0,27,0,0,28,121,756,83.9947,0.0271,0.0016,0.0255
911,spatial_grid,scene_stress,0,27,0,0,28,121,756,83.9947,0.0271,0.0016,0.0255
912,spatial_grid,scene_stress,0,27,0,0,28,121,756,83.9947,0.0271,0.0016,0.0255
913,spatial_grid,scene_stress,0,27,0,0,28,121,756,83.9947,0.0271,0.0016,0.0255
914,spatial_grid,scene_stress,0,27,0,0,28,121,756,83.9947,0.0271,0.0016,0.0255
915,spatial_grid,scene_stress,0,27,0,0,28,121,756,83.9947,0.0271,0.0016,0.0255
916,spatial_grid,scene_stress,0,27,0,0,28,121,756,83.9947,0.0271,0.0016,0.0255
917,spatial_grid,scene_stress,0,27,0,0,28,121,756,83.9947,0.0271,0.0016,0.0255
918,spatial_grid,scene_stress,0,27,0,0,28,121,756,83.9947,0.0271,0.0016,0.0255
919,spatial_grid,scene_stress,0,27,0,0,28,121,756,83.9947,0.0271,0.0016,0.0255
920,spatial_grid,scene_stress,0,27,0,0,28,121,756,83.9947,0.0271,0.0016,0.0255
921,spatial_grid,scene_stress,0,27,0,0,28,121,756,83.9947,0.0271,0.0016,0.0255
922,spatial_grid,scene_stress,0,27,0,0,28,121,756,83.9947,0.0271,0.0016,0.0255
923,spatial_grid,scene_stress,0,27,0,0,28,121,756,83.9947,0.0271,0.0016,0.0255
924,spatial_grid,scene_stress,0,27,0,0,28,121,756,83.9947,0.0271,0.0016,0.0255
925,spatial_grid,scene_stress,0,27,0,0,28,121,756,83.9947,0.0271,0.0016,0.0255
926,spatial_grid,scene_stress,0,27,0,0,28,121,756,83.9947,0.0271,0.0016,0.0255
927,spatial_grid,scene_stress,0,27,0,0,28,121,756,83.9947,0.0271,0.0016,0.0255
928,spatial_grid,scene_stress,0,27,0,0,28,121,756,83.9947,0.0271,0.0016,0.0255
929,spatial_grid,scene_stress,0,27,0,0,28,121,756,83.9947,0.0271,0.0016,0.0255
930,spatial_grid,scene_stress,0,27,0,0,28,121,756,83.9947,0.0271,0.0016,0.0255
931,spatial_grid,scene_stress,0,27,0,0,28,121,756,83.9947,0.0271,0.0016,0.0255
932,spatial_grid,scene_stress,0,27,0,0,28,121,756,83.9947,0.0271,0.0016,0.0255
933,spatial_grid,scene_stress,0,27,0,0,28,121,756,83.9947,0.0271,0.0016,0.0255
934,spatial_grid,scene_stress,0,27,0,0,28,121,756,83.9947,0.0271,0.0016,0.0255
935,spatial_grid,scene_stress,0,27,0,0,28,121,756,83.9947,0.0271,0.0016,0.0255
936,spatial_grid,scene_stress,0,27,0,0,28,121,756,83.9947,0.0271,0.0016,0.0255
937,spatial_grid,scene_stress,0,27,0,0,28,121,756,83.9947,0.0271,0.0016,0.0255
938,spatial_grid,scene_stress,0,27,0,0,28,121,756,83.9947,0.0271,0.0016,0.0255
939,spatial_grid,scene_stress,0,27,0,0,28,121,756,83.9947,0.0271,0.0016,0.0255
940,spatial_grid,scene_stress,0,27,0,0,28,121,756,83.9947,0.0271,0.0016,0.0255
941,spatial_grid,scene_stress,0,27,0,0,28,121,756,83.9947,0.0271,0.0016,0.0255
942,spatial_grid,scene_stress,0,27,0,0,28,121,756,83.9947,0.0271,0.0016,0.0255
943,spatial_grid,scene_stress,0,27,0,0,28,121,756,83.9947,0.0271,0.0016,0.0255
944,spatial_grid,scene_stress,0,27,0,0,28,121,756,83.9947,0.0271,0.0016,0.0255
945,spatial_grid,scene_stress,0,27,0,0,28,121,756,83.9947,0.0271,0.0016,0.0255
946,spatial_grid,scene_stress,0,27,0,0,28,121,756,83.9947,0.0271,0.0016,0.0255
947,spatial_grid,scene_stress,0,27,0,0,28,121,756,83.9947,0.0271,0.0016,0.0255
948,spatial_grid,scene_stress,0,27,0,0,28,121,756,83.9947,0.0271,0.0016,0.0255
949,spatial_grid,scene_stress,0,27,0,0,28,121,756,83.9947,0.0271,0.0016,0.0255
950,spatial_grid,scene_stress,0,27,0,0,28,121,756,83.9947,0.0271,0.0016,0.0255
951,spatial_grid,scene_stress,0,27,0,0,28,121,756,83.9947,0.0271,0.0016,0.0255
952,spatial_grid,scene_stress,0,27,0,0,28,121,756,83.9947,0.0271,0.0016,0.0255
953,spatial_grid,scene_stress,0,27,0,0,28,121,756,83.9947,0.0271,0.0016,0.0255
954,spatial_grid,scene_stress,0,27,0,0,28,121,756,83.9947,0.0271,0.0016,0.0255
955,spatial_grid,scene_stress,0,27,0,0,28,121,756,83.9947,0.0271,0.0016,0.0255
956,spatial_grid,scene_stress,0,27,0,0,28,121,756,83.9947,0.0271,0.0016,0.0255
957,spatial_grid,scene_stress,0,27,0,0,28,121,756,83.9947,0.0271,0.0016,0.0255
958,spatial_grid,scene_stress,0,27,0,0,28,121,756,83.9947,0.0271,0.0016,0.0255
959,spatial_grid,scene_stress,0,27,0,0,28,121,756,83.9947,0.0271,0.0016,0.0255
960,spatial_grid,scene_stress,0,27,0,0,28,121,756,83.9947,0.0271,0.0016,0.0255
961,spatial_grid,scene_stress,0,27,0,0,28,121,756,83.9947,0.0271,0.0016,0.0255
962,spatial_grid,scene_stress,0,27,0,0,28,121,756,83.9947,0.0271,0.0016,0.0255
963,spatial_grid,scene_stress,0,27,0,0,28,121,756,83.9947,0.0271,0.0016,0.0255
964,spatial_grid,scene_stress,0,27,0,0,28,121,756,83.9947,0.0271,0.0016,0.0255
965,spatial_grid,scene_stress,0,27,0,0,28,121,756,83.9947,0.0271,0.0016,0.0255
966,spatial_grid,scene_stress,0,27,0,0,28,121,756,83.9947,0.0271,0.0016,0.0255
967,spatial_grid,scene_stress,0,27,0,0,28,121,756,83.9947,0.0271,0.0016,0.0255
968,spatial_grid,scene_stress,0,27,0,0,28,121,756,83.9947,0.0271,0.0016,0.0255
969,spatial_grid,scene_stress,0,27,0,0,28,121,756,83.9947,0.0271,0.0016,0.0255
970,spatial_grid,scene_stress,0,27,0,0,28,121,756,83.9947,0.0271,0.0016,0.0255
971,spatial_grid,scene_stress,0,27,0,0,28,121,756,83.9947,0.0271,0.0016,0.0255
972,spatial_grid,scene_stress,0,27,0,0,28,121,756,83.9947,0.0271,0.0016,0.0255
973,spatial_grid,scene_stress,0,27,0,0,28,121,756,83.9947,0.0271,0.0016,0.0255
974,spatial_grid,scene_stress,0,27,0,0,28,121,756,83.9947,0.0271,0.0016,0.0255
975,spatial_grid,scene_stress,0,27,0,0,28,121,756,83.9947,0.0271,0.0016,0.0255
976,spatial_grid,scene_stress,0,27,0,0,28,121,756,83.9947,0.0271,0.0016,0.0255
977,spatial_grid,scene_stress,0,27,0,0,28,121,756,83.9947,0.0271,0.0016,0.0255
978,spatial_grid,scene_stress,0,27,0,0,28,121,756,83.9947,0.0271,0.0016,0.0255
979,spatial_grid,scene_stress,0,27,0,0,28,121,756,83.9947,0.0271,0.0016,0.0255
980,spatial_grid,scene_stress,0,27,0,0,28,121,756,83.9947,0.0271,0.0016,0.0255
981,spatial_grid,scene_stress,0,27,0,0,28,121,756,83.9947,0.0271,0.0016,0.0255
982,spatial_grid,scene_stress,0,27,0,0,28,121,756,83.9947,0.0271,0.0016,0.0255
983,spatial_grid,scene_stress,0,27,0,0,28,121,756,83.9947,0.0271,0.0016,0.0255
984,spatial_grid,scene_stress,0,27,0,0,28,121,756,83.9947,0.0271,0.0016,0.0255
985,spatial_grid,scene_stress,0,27,0,0,28,121,756,83.9947,0.0271,0.0016,0.0255
986,spatial_grid,scene_stress,0,27,0,0,28,121,756,83.9947,0.0271,0.0016,0.0255
987,spatial_grid,scene_stress,0,27,0,0,28,121,756,83.9947,0.0271,0.0016,0.0255
988,spatial_grid,scene_stress,0,27,0,0,28,121,756,83.9947,0.0271,0.0016,0.0255
989,spatial_grid,scene_stress,0,27,0,0,28,121,756,83.9947,0.0271,0.0016,0.0255
990,spatial_grid,scene_stress,0,27,0,0,28,121,756,83.9947,0.0271,0.0016,0.0255
991,spatial_grid,scene_stress,0,27,0,0,28,121,756,83.9947,0.0271,0.0016,0.0255
992,spatial_grid,scene_stress,0,27,0,0,28,121,756,83.9947,0.0271,0.0016,0.0255
993,spatial_grid,scene_stress,0,27,0,0,28,121,756,83.9947,0.0271,0.0016,0.0255
994,spatial_grid,scene_stress,0,27,0,0,28,121,756,83.9947,0.0271,0.0016,0.0255
995,spatial_grid,scene_stress,0,27,0,0,28,121,756,83.9947,0.0271,0.0016,0.0255
996,spatial_grid,scene_stress,0,27,0,0,28,121,756,83.9947,0.0271,0.0016,0.0255
997,spatial_grid,scene_stress,0,27,0,0,28,121,756,83.9947,0.0271,0.0016,0.0255
998,spatial_grid,scene_stress,0,27,0,0,28,121,756,83.9947,0.0271,0.0016,0.0255
999,spatial_grid,scene_stress,0,27,0,0,28,121,756,83.9947,0.0271,0.0016,0.0255
1000,spatial_grid,scene_stress,0,27,0,0,28,121,756,83.9947,0.0271,0.0016,0.0255
1001,spatial_grid,scene_stress,0,27,0,0,28,121,756,83.9947,0.0271,0.0016,0.0255
1002,spatial_grid,scene_stress,0,27,0,0,28,121,756,83.9947,0.0271,0.0016,0.0255
1003,spatial_grid,scene_stress,0,27,0,0,28,121,756,83.9947,0.0271,0.0016,0.0255
1004,spatial_grid,scene_stress,0,27,0,0,28,121,756,83.9947,0.0271,0.0016,0.0255
1005,spatial_grid,scene_stress,0,27,0,0,28,121,756,83.9947,0.0271,0.0016,0.0255
1006,spatial_grid,scene_stress,0,27,0,0,28,121,756,83.9947,0.0271,0.0016,0.0255
1007,spatial_grid,scene_stress,0,27,0,0,28,121,756,83.9947,0.0271,0.0016,0.0255
1008,spatial_grid,scene_stress,0,27,0,0,28,121,756,83.9947,0.0271,0.0016,0.0255
1009,spatial_grid,scene_stress,0,27,0,0,28,121,756,83.9947,0.0271,0.0016,0.0255
1010,spatial_grid,scene_stress,0,27,0,0,28,121,756,83.9947,0.0271,0.0016,0.0255
1011,spatial_grid,scene_stress,0,27,0,0,28,121,756,83.9947,0.0271,0.0016,0.0255
1012,spatial_grid,scene_stress,0,27,0,0,28,121,756,83.9947,0.0271,0.0016,0.0255
1013,spatial_grid,scene_stress,0,27,0,0,28,121,756,83.9947,0.0271,0.0016,0.0255
1014,spatial_grid,scene_stress,0,27,0,0,28,121,756,83.9947,0.0271,0.0016,0.0255
1015,spatial_grid,scene_stress,0,27,0,0,28,121,756,83.9947,0.0271,0.0016,0.0255
1016,spatial_grid,scene_stress,0,27,0,0,28,121,756,83.9947,0.0271,0.0016,0.0255
1017,spatial_grid,scene_stress,0,27,0,0,28,121,756,83.9947,0.0271,0.0016,0.0255
1018,spatial_grid,scene_stress,0,27,0,0,28,121,756,83.9947,0.0271,0.0016,0.0255
1019,spatial_grid,scene_stress,0,27,0,0,28,121,756,83.9947,0.0271,0.0016,0.0255
1020,spatial_grid,scene_stress,0,27,0,0,28,121,756,83.9947,0.0271,0.0016,0.0255
1021,spatial_grid,scene_stress,0,27,0,0,28,121,756,83.9947,0.0271,0.0016,0.0255
1022,spatial_grid,scene_stress,0,27,0,0,28,121,756,83.9947,0.0271,0.0016,0.0255
1023,spatial_grid,scene_stress,0,27,0,0,28,121,756,83.9947,0.0271,0.0016,0.0255
1024,spatial_grid,scene_stress,0,27,0,0,28,121,756,83.9947,0.0271,0.0016,0.0255
1025,spatial_grid,scene_stress,0,27,0,0,28,121,756,83.9947,0.0271,0.0016,0.0255
1026,spatial_grid,scene_stress,0,27,0,0,28,121,756,83.9947,0.0271,0.0016,0.0255
1027,spatial_grid,scene_stress,0,27,0,0,28,121,756,83.9947,0.0271,0.0016,0.0255
1028,spatial_grid,scene_stress,0,27,0,0,28,121,756,83.9947,0.0271,0.0016,0.0255
1029,spatial_grid,scene_stress,0,27,0,0,28,121,756,83.9947,0.0271,0.0016,0.0255
1030,spatial_grid,scene_stress,0,27,0,0,28,121,756,83.9947,0.0271,0.0016,0.0255
1031,spatial_grid,scene_stress,0,27,0,0,28,121,756,83.9947,0.0271,0.0016,0.0255
1032,spatial_grid,scene_stress,0,27,0,0,28,121,756,83.9947,0.0271,0.0016,0.0255
1033,spatial_grid,scene_stress,0,27,0,0,28,121,756,83.9947,0.0271,0.0016,0.0255
1034,spatial_grid,scene_stress,0,27,0,0,28,121,756,83.9947,0.0271,0.0016,0.0255
1035,spatial_grid,scene_stress,0,27,0,0,28,121,756,83.9947,0.0271,0.0016,0.0255
1036,spatial_grid,scene_stress,0,27,0,0,28,121,756,83.9947,0.0271,0.0016,0.0255
1037,spatial_grid,scene_stress,0,27,0,0,28,121,756,83.9947,0.0271,0.0016,0.0255
1038,spatial_grid,scene_stress,0,27,0,0,28,121,756,83.9947,0.0271,0.0016,0.0255
1039,spatial_grid,scene_stress,0,27,0,0,28,121,756,83.9947,0.0271,0.0016,0.0255
1040,spatial_grid,scene_stress,0,27,0,0,28,121,756,83.9947,0.0271,0.0016,0.0255
1041,spatial_grid,scene_stress,0,27,0,0,28,121,756,83.9947,0.0271,0.0016,0.0255
1042,spatial_grid,scene_stress,0,27,0,0,28,121,756,83.9947,0.0271,0.0016,0.0255
1043,spatial_grid,scene_stress,0,27,0,0,28,121,756,83.9947,0.0271,0.0016,0.0255
1044,spatial_grid,scene_stress,0,27,0,0,28,121,756,83.9947,0.0271,0.0016,0.0255
1045,spatial_grid,scene_stress,0,27,0,0,28,121,756,83.9947,0.0271,0.0016,0.0255
1046,spatial_grid,scene_stress,0,27,0,0,28,121,756,83.9947,0.0271,0.0016,0.0255
1047,spatial_grid,scene_stress,0,27,0,0,28,121,756,83.9947,0.0271,0.0016,0.0255
1048,spatial_grid,scene_stress,0,27,0,0,28,121,756,83.9947,0.0271,0.0016,0.0255
1049,spatial_grid,scene_stress,0,27,0,0,28,121,756,83.9947,0.0271,0.0016,0.0255
1050,spatial_grid,scene_stress,0,27,0,0,28,121,756,83.9947,0.0271,0.0016,0.0255
1051,spatial_grid,scene_stress,0,27,0,0,28,121,756,83.9947,0.0271,0.0016,0.0255
1052,spatial_grid,scene_stress,0,27,0,0,28,121,756,83.9947,0.0271,0.0016,0.0255
1053,spatial_grid,scene_stress,0,27,0,0,28,121,756,83.9947,0.0271,0.0016,0.0255
1054,spatial_grid,scene_stress,0,27,0,0,28,121,756,83.9947,0.0271,0.0016,0.0255
1055,spatial_grid,scene_stress,0,27,0,0,28,121,756,83.9947,0.0271,0.0016,0.0255
1056,spatial_grid,scene_stress,0,27,0,0,28,121,756,83.9947,0.0271,0.0016,0.0255
1057,spatial_grid,scene_stress,0,27,0,0,28,121,756,83.9947,0.0271,0.0016,0.0255
1058,spatial_grid,scene_stress,0,27,0,0,28,121,756,83.9947,0.0271,0.0016,0.0255
1059,spatial_grid,scene_stress,0,27,0,0,28,121,756,83.9947,0.0271,0.0016,0.0255
1060,spatial_grid,scene_stress,0,27,0,0,28,121,756,83.9947,0.0271,0.0016,0.0255
1061,spatial_grid,scene_stress,0,27,0,0,28,121,756,83.9947,0.0271,0.0016,0.0255
1062,spatial_grid,scene_stress,0,27,0,0,28,121,756,83.9947,0.0271,0.0016,0.0255
1063,spatial_grid,scene_stress,0,27,0,0,28,121,756,83.9947,0.0271,0.0016,0.0255
1064,spatial_grid,scene_stress,0,27,0,0,28,121,756,83.9947,0.0271,0.0016,0.0255
1065,spatial_grid,scene_stress,0,27,0,0,28,121,756,83.9947,0.0271,0.0016,0.0255
1066,spatial_grid,scene_stress,0,27,0,0,28,121,756,83.9947,0.0271,0.0016,0.0255
1067,spatial_grid,scene_stress,0,27,0,0,28,121,756,83.9947,0.0271,0.0016,0.0255
1068,spatial_grid,scene_stress,0,27,0,0,28,121,756,83.9947,0.0271,0.0016,0.0255
1069,spatial_grid,scene_stress,0,27,0,0,28,121,756,83.9947,0.0271,0.0016,0.0255
1070,spatial_grid,scene_stress,0,27,0,0,28,121,756,83.9947,0.0271,0.0016,0.0255
1071,spatial_grid,scene_stress,0,27,0,0,28,121,756,83.9947,0.0271,0.0016,0.0255
1072,spatial_grid,scene_stress,0,27,0,0,28,121,756,83.9947,0.0271,0.0016,0.0255
1073,spatial_grid,scene_stress,0,27,0,0,28,121,756,83.9947,0.0271,0.0016,0.0255
1074,spatial_grid,scene_stress,0,27,0,0,28,121,756,83.9947,0.0271,0.0016,0.0255
1075,spatial_grid,scene_stress,0,27,0,0,28,121,756,83.9947,0.0271,0.0016,0.0255
1076,spatial_grid,scene_stress,0,27,0,0,28,121,756,83.9947,0.0271,0.0016,0.0255
1077,spatial_grid,scene_stress,0,27,0,0,28,121,756,83.9947,0.0271,0.0016,0.0255
1078,spatial_grid,scene_stress,0,27,0,0,28,121,756,83.9947,0.0271,0.0016,0.0255
1079,spatial_grid,scene_stress,0,27,0,0,28,121,756,83.9947,0.0271,0.0016,0.0255
1080,spatial_grid,scene_stress,0,27,0,0,28,121,756,83.9947,0.0271,0.0016,0.0255
1081,spatial_grid,scene_stress,0,27,0,0,28,121,756,83.9947,0.0271,0.0016,0.0255
1082,spatial_grid,scene_stress,0,27,0,0,28,121,756,83.9947,0.0271,0.0016,0.0255
1083,spatial_grid,scene_stress,0,27,0,0,28,121,756,83.9947,0.0271,0.0016,0.0255
1084,spatial_grid,scene_stress,0,27,0,0,28,121,756,83.9947,0.0271,0.0016,0.0255
1085,spatial_grid,scene_stress,0,27,0,0,28,121,756,83.9947,0.0271,0.0016,0.0255
1086,spatial_grid,scene_stress,0,27,0,0,28,121,756,83.9947,0.0271,0.0016,0.0255
1087,spatial_grid,scene_stress,0,27,0,0,28,121,756,83.9947,0.0271,0.0016,0.0255
1088,spatial_grid,scene_stress,0,27,0,0,28,121,756,83.9947,0.0271,0.0016,0.0255
1089,spatial_grid,scene_stress,0,27,0,0,28,121,756,83.9947,0.0271,0.0016,0.0255
1090,spatial_grid,scene_stress,0,27,0,0,28,121,756,83.9947,0.0271,0.0016,0.0255
1091,spatial_grid,scene_stress,0,27,0,0,28,121,756,83.9947,0.0271,0.0016,0.0255
1092,spatial_grid,scene_stress,0,27,0,0,28,121,756,83.9947,0.0271,0.0016,0.0255
1093,spatial_grid,scene_stress,0,27,0,0,28,121,756,83.9947,0.0271,0.0016,0.0255
1094,spatial_grid,scene_stress,0,27,0,0,28,121,756,83.9947,0.0271,0.0016,0.0255
1095,spatial_grid,scene_stress,0,27,0,0,28,121,756,83.9947,0.0271,0.0016,0.0255
1096,spatial_grid,scene_stress,0,27,0,0,28,121,756,83.9947,0.0271,0.0016,0.0255
1097,spatial_grid,scene_stress,0,27,0,0,28,121,756,83.9947,0.0271,0.0016,0.0255
1098,spatial_grid,scene_stress,0,27,0,0,28,121,756,83.9947,0.0271,0.0016,0.0255
1099,spatial_grid,scene_stress,0,27,0,0,28,121,756,83.9947,0.0271,0.0016,0.0255
1100,spatial_grid,scene_stress,0,27,0,0,28,121,756,83.9947,0.0271,0.0016,0.0255
1101,spatial_grid,scene_stress,0,27,0,0,28,121,756,83.9947,0.0271,0.0016,0.0255
1102,spatial_grid,scene_stress,0,27,0,0,28,121,756,83.9947,0.0271,0.0016,0.0255
1103,spatial_grid,scene_stress,0,27,0,0,28,121,756,83.9947,0.0271,0.0016,0.0255
1104,spatial_grid,scene_stress,0,27,0,0,28,121,756,83.9947,0.0271,0.0016,0.0255
1105,spatial_grid,scene_stress,0,27,0,0,28,121,756,83.9947,0.0271,0.0016,0.0255
1106,spatial_grid,scene_stress,0,27,0,0,28,121,756,83.9947,0.0271,0.0016,0.0255
1107,spatial_grid,scene_stress,0,27,0,0,28,121,756,83.9947,0.0271,0.0016,0.0255
1108,spatial_grid,scene_stress,0,27,0,0,28,121,756,83.9947,0.0271,0.0016,0.0255
1109,spatial_grid,scene_stress,0,27,0,0,28,121,756,83.9947,0.0271,0.0016,0.0255
1110,spatial_grid,scene_stress,0,27,0,0,28,121,756,83.9947,0.0271,0.0016,0.0255
1111,spatial_grid,scene_stress,0,27,0,0,28,121,756,83.9947,0.0271,0.0016,0.0255
1112,spatial_grid,scene_stress,0,27,0,0,28,121,756,83.9947,0.0271,0.0016,0.0255
1113,spatial_grid,scene_stress,0,27,0,0,28,121,756,83.9947,0.0271,0.0016,0.0255
1114,spatial_grid,scene_stress,0,27,0,0,28,121,756,83.9947,0.0271,0.0016,0.0255
1115,spatial_grid,scene_stress,0,27,0,0,28,121,756,83.9947,0.0271,0.0016,0.0255
1116,spatial_grid,scene_stress,0,27,0,0,28,121,756,83.9947,0.0271,0.0016,0.0255
1117,spatial_grid,scene_stress,0,27,0,0,28,121,756,83.9947,0.0271,0.0016,0.0255
1118,spatial_grid,scene_stress,0,27,0,0,28,121,756,83.9947,0.0271,0.0016,0.0255
1119,spatial_grid,scene_stress,0,27,0,0,28,121,756,83.9947,0.0271,0.0016,0.0255
1120,spatial_grid,scene_stress,0,27,0,0,28,121,756,83.9947,0.0271,0.0016,0.0255
1121,spatial_grid,scene_stress,0,27,0,0,28,121,756,83.9947,0.0271,0.0016,0.0255
1122,spatial_grid,scene_stress,0,27,0,0,28,121,756,83.9947,0.0271,0.0016,0.0255
1123,spatial_grid,scene_stress,0,27,0,0,28,121,756,83.9947,0.0271,0.0016,0.0255
1124,spatial_grid,scene_stress,0,27,0,0,28,121,756,83.9947,0.0271,0.0016,0.0255
1125,spatial_grid,scene_stress,0,27,0,0,28,121,756,83.9947,0.0271,0.0016,0.0255
1126,spatial_grid,scene_stress,0,27,0,0,28,121,756,83.9947,0.0271,0.0016,0.0255
1127,spatial_grid,scene_stress,0,27,0,0,28,121,756,83.9947,0.0271,0.0016,0.0255
1128,spatial_grid,scene_stress,0,27,0,0,28,121,756,83.9947,0.0271,0.0016,0.0255
1129,spatial_grid,scene_stress,0,27,0,0,28,121,756,83.9947,0.0271,0.0016,0.0255
1130,spatial_grid,scene_stress,0,27,0,0,28,121,756,83.9947,0.0271,0.0016,0.0255
1131,spatial_grid,scene_stress,0,27,0,0,28,121,756,83.9947,0.0271,0.0016,0.0255
1132,spatial_grid,scene_stress,0,27,0,0,28,121,756,83.9947,0.0271,0.0016,0.0255
1133,spatial_grid,scene_stress,0,27,0,0,28,121,756,83.9947,0.0271,0.0016,0.0255
1134,spatial_grid,scene_stress,0,27,0,0,28,121,756,83.9947,0.0271,0.0016,0.0255
1135,spatial_grid,scene_stress,0,27,0,0,28,121,756,83.9947,0.0271,0.0016,0.0255
1136,spatial_grid,scene_stress,0,27,0,0,28,121,756,83.9947,0.0271,0.0016,0.0255
1137,spatial_grid,scene_stress,0,27,0,0,28,121,756,83.9947,0.0271,0.0016,0.0255
1138,spatial_grid,scene_stress,0,27,0,0,28,121,756,83.9947,0.0271,0.0016,0.0255
1139,spatial_grid,scene_stress,0,27,0,0,28,121,756,83.9947,0.0271,0.0016,0.0255
1140,spatial_grid,scene_stress,0,27,0,0,28,121,756,83.9947,0.0271,0.0016,0.0255
1141,spatial_grid,scene_stress,0,27,0,0,28,121,756,83.9947,0.0271,0.0016,0.0255
1142,spatial_grid,scene_stress,0,27,0,0,28,121,756,83.9947,0.0271,0.0016,0.0255
1143,spatial_grid,scene_stress,0,27,0,0,28,121,756,83.9947,0.0271,0.0016,0.0255
1144,spatial_grid,scene_stress,0,27,0,0,28,121,756,83.9947,0.0271,0.0016,0.0255
1145,spatial_grid,scene_stress,0,27,0,0,28,121,756,83.9947,0.0271,0.0016,0.0255
1146,spatial_grid,scene_stress,0,27,0,0,28,121,756,83.9947,0.0271,0.0016,0.0255
1147,spatial_grid,scene_stress,0,27,0,0,28,121,756,83.9947,0.0271,0.0016,0.0255
1148,spatial_grid,scene_stress,0,27,0,0,28,121,756,83.9947,0.0271,0.0016,0.0255
1149,spatial_grid,scene_stress,0,27,0,0,28,121,756,83.9947,0.0271,0.0016,0.0255
1150,spatial_grid,scene_stress,0,27,0,0,28,121,756,83.9947,0.0271,0.0016,0.0255
1151,spatial_grid,scene_stress,0,27,0,0,28,121,756,83.9947,0.0271,0.0016,0.0255
1152,spatial_grid,scene_stress,0,27,0,0,28,121,756,83.9947,0.0271,0.0016,0.0255
1153,spatial_grid,scene_stress,0,27,0,0,28,121,756,83.9947,0.0271,0.0016,0.0255
1154,spatial_grid,scene_stress,0,27,0,0,28,121,756,83.9947,0.0271,0.0016,0.0255
1155,spatial_grid,scene_stress,0,27,0,0,28,121,756,83.9947,0.0271,0.0016,0.0255
1156,spatial_grid,scene_stress,0,27,0,0,28,121,756,83.9947,0.0271,0.0016,0.0255
1157,spatial_grid,scene_stress,0,27,0,0,28,121,756,83.9947,0.0271,0.0016,0.0255
1158,spatial_grid,scene_stress,0,27,0,0,28,121,756,83.9947,0.0271,0.0016,0.0255
1159,spatial_grid,scene_stress,0,27,0,0,28,121,756,83.9947,0.0271,0.0016,0.0255
1160,spatial_grid,scene_stress,0,27,0,0,28,121,756,83.9947,0.0271,0.0016,0.0255
1161,spatial_grid,scene_stress,0,27,0,0,28,121,756,83.9947,0.0271,0.0016,0.0255
1162,spatial_grid,scene_stress,0,27,0,0,28,121,756,83.9947,0.0271,0.0016,0.0255
1163,spatial_grid,scene_stress,0,27,0,0,28,121,756,83.9947,0.0271,0.0016,0.0255
1164,spatial_grid,scene_stress,0,27,0,0,28,121,756,83.9947,0.0271,0.0016,0.0255
1165,spatial_grid,scene_stress,0,27,0,0,28,121,756,83.9947,0.0271,0.0016,0.0255
1166,spatial_grid,scene_stress,0,27,0,0,28,121,756,83.9947,0.0271,0.0016,0.0255
1167,spatial_grid,scene_stress,0,27,0,0,28,121,756,83.9947,0.0271,0.0016,0.0255
1168,spatial_grid,scene_stress,0,27,0,0,28,121,756,83.9947,0.0271,0.0016,0.0255
1169,spatial_grid,scene_stress,0,27,0,0,28,121,756,83.9947,0.0271,0.0016,0.0255
1170,spatial_grid,scene_stress,0,27,0,0,28,121,756,83.9947,0.0271,0.0016,0.0255
1171,spatial_grid,scene_stress,0,27,0,0,28,121,756,83.9947,0.0271,0.0016,0.0255
1172,spatial_grid,scene_stress,0,27,0,0,28,121,756,83.9947,0.0271,0.0016,0.0255
1173,spatial_grid,scene_stress,0,27,0,0,28,121,756,83.9947,0.0271,0.0016,0.0255
1174,spatial_grid,scene_stress,0,27,0,0,28,121,756,83.9947,0.0271,0.0016,0.0255
1175,spatial_grid,scene_stress,0,27,0,0,28,121,756,83.9947,0.0271,0.0016,0.0255
1176,spatial_grid,scene_stress,0,27,0,0,28,121,756,83.9947,0.0271,0.0016,0.0255
1177,spatial_grid,scene_stress,0,27,0,0,28,121,756,83.9947,0.0271,0.0016,0.0255
1178,spatial_grid,scene_stress,0,27,0,0,28,121,756,83.9947,0.0271,0.0016,0.0255
1179,spatial_grid,scene_stress,0,27,0,0,28,121,756,83.9947,0.0271,0.0016,0.0255
1180,spatial_grid,scene_stress,0,27,0,0,28,121,756,83.9947,0.0271,0.0016,0.0255
1181,spatial_grid,scene_stress,0,27,0,0,28,121,756,83.9947,0.0271,0.0016,0.0255
1182,spatial_grid,scene_stress,0,27,0,0,28,121,756,83.9947,0.0271,0.0016,0.0255
1183,spatial_grid,scene_stress,0,27,0,0,28,121,756,83.9947,0.0271,0.0016,0.0255
1184,spatial_grid,scene_stress,0,27,0,0,28,121,756,83.9947,0.0271,0.0016,0.0255
1185,spatial_grid,scene_stress,0,27,0,0,28,121,756,83.9947,0.0271,0.0016,0.0255
1186,spatial_grid,scene_stress,0,27,0,0,28,121,756,83.9947,0.0271,0.0016,0.0255
1187,spatial_grid,scene_stress,0,27,0,0,28,121,756,83.9947,0.0271,0.0016,0.0255
1188,spatial_grid,scene_stress,0,27,0,0,28,121,756,83.9947,0.0271,0.0016,0.0255
1189,spatial_grid,scene_stress,0,27,0,0,28,121,756,83.9947,0.0271,0.0016,0.0255
1190,spatial_grid,scene_stress,0,27,0,0,28,121,756,83.9947,0.0271,0.0016,0.0255
1191,spatial_grid,scene_stress,0,27,0,0,28,121,756,83.9947,0.0271,0.0016,0.0255
1192,spatial_grid,scene_stress,0,27,0,0,28,121,756,83.9947,0.0271,0.0016,0.0255
1193,spatial_grid,scene_stress,0,27,0,0,28,121,756,83.9947,0.0271,0.0016,0.0255
1194,spatial_grid,scene_stress,0,27,0,0,28,121,756,83.9947,0.0271,0.0016,0.0255
1195,spatial_grid,scene_stress,0,27,0,0,28,121,756,83.9947,0.0271,0.0016,0.0255
1196,spatial_grid,scene_stress,0,27,0,0,28,121,756,83.9947,0.0271,0.0016,0.0255
1197,spatial_grid,scene_stress,0,27,0,0,28,121,756,83.9947,0.0271,0.0016,0.0255
1198,spatial_grid,scene_stress,0,27,0,0,28,121,756,83.9947,0.0271,0.0016,0.0255
1199,spatial_grid,scene_stress,0,27,0,0,28,121,756,83.9947,0.0271,0.0016,0.0255
1200,spatial_grid,scene_stress,0,27,0,0,28,121,756,83.9947,0.0271,0.0016,0.0255
1,brute_force,scene_stress,0,25,0,0,0,0,0,0,0,0,0
2,brute_force,scene_stress,0,25,0,0,0,0,0,0,0,0,0
3,brute_force,scene_stress,0,25,0,0,0,0,0,0,0,0,0
4,brute_force,scene_stress,0,25,0,0,0,0,0,0,0,0,0
5,brute_force,scene_stress,0,25,0,0,0,0,0,0,0,0,0
6,brute_force,scene_stress,0,25,0,0,0,0,0,0,0,0,0
7,brute_force,scene_stress,0,25,0,0,0,0,0,0,0,0,0
8,brute_force,scene_stress,0,25,0,0,0,0,0,0,0,0,0
9,brute_force,scene_stress,0,25,0,0,0,0,0,0,0,0,0
10,brute_force,scene_stress,0,25,0,0,0,0,0,0,0,0,0
11,brute_force,scene_stress,0,25,0,0,0,0,0,0,0,0,0
12,brute_force,scene_stress,0,25,0,0,0,0,0,0,0,0,0
13,brute_force,scene_stress,0,25,0,0,0,0,0,0,0,0,0
14,brute_force,scene_stress,0,25,0,0,0,0,0,0,0,0,0
15,brute_force,scene_stress,0,25,0,0,0,0,0,0,0,0,0
16,brute_force,scene_stress,0,25,0,0,0,0,0,0,0,0,0
17,brute_force,scene_stress,0,25,0,0,0,0,0,0,0,0,0
18,brute_force,scene_stress,0,25,0,0,0,0,0,0,0,0,0
19,brute_force,scene_stress,0,25,0,0,0,0,0,0,0,0,0
20,brute_force,scene_stress,0,25,0,0,0,0,0,0,0,0,0
21,brute_force,scene_stress,0,25,0,0,0,0,0,0,0,0,0
22,brute_force,scene_stress,0,25,0,0,0,0,0,0,0,0,0
23,brute_force,scene_stress,0,25,0,0,0,0,0,0,0,0,0
24,brute_force,scene_stress,0,25,0,0,0,0,0,0,0,0,0
25,brute_force,scene_stress,0,25,0,0,0,0,0,0,0,0,0
26,brute_force,scene_stress,0,25,0,0,0,0,0,0,0,0,0
27,brute_force,scene_stress,0,25,0,0,0,0,0,0,0,0,0
28,brute_force,scene_stress,0,25,0,0,0,0,0,0,0,0,0
29,brute_force,scene_stress,0,25,0,0,0,0,0,0,0,0,0
30,brute_force,scene_stress,0,25,0,0,0,0,0,0,0,0,0
31,brute_force,scene_stress,0,25,0,0,0,0,0,0,0,0,0
32,brute_force,scene_stress,0,25,0,0,0,0,0,0,0,0,0
33,brute_force,scene_stress,0,25,0,0,0,0,0,0,0,0,0
34,brute_force,scene_stress,0,25,0,0,0,0,0,0,0,0,0
35,brute_force,scene_stress,0,25,0,0,0,0,0,0,0,0,0
36,brute_force,scene_stress,0,25,0,0,0,0,0,0,0,0,0
37,brute_force,scene_stress,0,25,0,0,0,0,0,0,0,0,0
38,brute_force,scene_stress,0,25,0,0,0,0,0,0,0,0,0
39,brute_force,scene_stress,0,25,0,0,0,0,0,0,0,0,0
40,brute_force,scene_stress,0,25,0,0,0,0,0,0,0,0,0
41,brute_force,scene_stress,0,25,0,0,0,0,0,0,0,0,0
42,brute_force,scene_stress,0,25,0,0,0,0,0,0,0,0,0
43,brute_force,scene_stress,0,25,0,0,0,0,0,0,0,0,0
44,brute_force,scene_stress,0,25,0,0,0,0,0,0,0,0,0
45,brute_force,scene_stress,0,25,0,0,0,0,0,0,0,0,0
46,brute_force,scene_stress,0,25,0,0,0,0,0,0,0,0,0
47,brute_force,scene_stress,0,25,0,0,0,0,0,0,0,0,0
48,brute_force,scene_stress,0,25,0,0,0,0,0,0,0,0,0
49,brute_force,scene_stress,0,25,0,0,0,0,0,0,0,0,0
50,brute_force,scene_stress,0,25,0,0,0,0,0,0,0,0,0
51,brute_force,scene_stress,0,25,0,0,0,0,0,0,0,0,0
52,brute_force,scene_stress,0,25,0,0,0,0,0,0,0,0,0
53,brute_force,scene_stress,0,25,0,0,0,0,0,0,0,0,0
54,brute_force,scene_stress,0,25,0,0,0,0,0,0,0,0,0
55,brute_force,scene_stress,0,25,0,0,0,0,0,0,0,0,0
56,brute_force,scene_stress,0,25,0,0,0,0,0,0,0,0,0
57,brute_force,scene_stress,0,25,0,0,0,0,0,0,0,0,0
58,brute_force,scene_stress,0,25,0,0,0,0,0,0,0,0,0
59,brute_force,scene_stress,0,25,0,0,0,0,0,0,0,0,0
60,brute_force,scene_stress,0,25,0,0,0,0,0,0,0,0,0
61,brute_force,scene_stress,0,25,0,0,0,0,0,0,0,0,0
62,brute_force,scene_stress,0,25,0,0,0,0,0,0,0,0,0
63,brute_force,scene_stress,0,25,0,0,0,0,0,0,0,0,0
64,brute_force,scene_stress,0,25,0,0,0,0,0,0,0,0,0
65,brute_force,scene_stress,0,25,0,0,0,0,0,0,0,0,0
66,brute_force,scene_stress,0,25,0,0,0,0,0,0,0,0,0
67,brute_force,scene_stress,0,25,0,0,0,0,0,0,0,0,0
68,brute_force,scene_stress,0,25,0,0,0,0,0,0,0,0,0
69,brute_force,scene_stress,0,25,0,0,0,0,0,0,0,0,0
70,brute_force,scene_stress,0,25,0,0,0,0,0,0,0,0,0
71,brute_force,scene_stress,0,25,0,0,0,0,0,0,0,0,0
72,brute_force,scene_stress,0,25,0,0,0,0,0,0,0,0,0
73,brute_force,scene_stress,0,25,0,0,0,0,0,0,0,0,0
74,brute_force,scene_stress,0,25,0,0,0,0,0,0,0,0,0
75,brute_force,scene_stress,0,25,0,0,0,0,0,0,0,0,0
76,brute_force,scene_stress,0,25,0,0,0,0,0,0,0,0,0
77,brute_force,scene_stress,0,25,0,0,0,0,0,0,0,0,0
78,brute_force,scene_stress,0,25,0,0,0,0,0,0,0,0,0
79,brute_force,scene_stress,0,25,0,0,0,0,0,0,0,0,0
80,brute_force,scene_stress,0,25,0,0,0,0,0,0,0,0,0
81,brute_force,scene_stress,0,25,0,0,0,0,0,0,0,0,0
82,brute_force,scene_stress,0,25,0,0,0,0,0,0,0,0,0
83,brute_force,scene_stress,0,25,0,0,0,0,0,0,0,0,0
84,brute_force,scene_stress,0,25,0,0,0,0,0,0,0,0,0
85,brute_force,scene_stress,0,25,0,0,0,0,0,0,0,0,0
86,brute_force,scene_stress,0,25,0,0,0,0,0,0,0,0,0
87,brute_force,scene_stress,0,25,0,0,0,0,0,0,0,0,0
88,brute_force,scene_stress,0,25,0,0,0,0,0,0,0,0,0
89,brute_force,scene_stress,0,25,0,0,0,0,0,0,0,0,0
90,brute_force,scene_stress,0,25,0,0,0,0,0,0,0,0,0
91,brute_force,scene_stress,0,25,0,0,0,0,0,0,0,0,0
92,brute_force,scene_stress,0,25,0,0,0,0,0,0,0,0,0
93,brute_force,scene_stress,0,25,0,0,0,0,0,0,0,0,0
94,brute_force,scene_stress,0,25,0,0,0,0,0,0,0,0,0
95,brute_force,scene_stress,0,25,0,0,0,0,0,0,0,0,0
96,brute_force,scene_stress,0,25,0,0,0,0,0,0,0,0,0
97,brute_force,scene_stress,0,25,0,0,0,0,0,0,0,0,0
98,brute_force,scene_stress,0,25,0,0,0,0,0,0,0,0,0
99,brute_force,scene_stress,0,25,0,0,0,0,0,0,0,0,0
100,brute_force,scene_stress,0,25,0,0,0,0,0,0,0,0,0
101,brute_force,scene_stress,0,25,0,0,0,0,0,0,0,0,0
102,brute_force,scene_stress,0,25,0,0,0,0,0,0,0,0,0
103,brute_force,scene_stress,0,25,0,0,0,0,0,0,0,0,0
104,brute_force,scene_stress,0,25,0,0,0,0,0,0,0,0,0
105,brute_force,scene_stress,0,25,0,0,0,0,0,0,0,0,0
106,brute_force,scene_stress,0,25,0,0,0,0,0,0,0,0,0
107,brute_force,scene_stress,0,25,0,0,0,0,0,0,0,0,0
108,brute_force,scene_stress,0,25,0,0,0,0,0,0,0,0,0
109,brute_force,scene_stress,0,25,0,0,0,0,0,0,0,0,0
110,brute_force,scene_stress,0,25,0,0,0,0,0,0,0,0,0
111,brute_force,scene_stress,0,25,0,0,0,0,0,0,0,0,0
112,brute_force,scene_stress,0,25,0,0,0,0,0,0,0,0,0
113,brute_force,scene_stress,0,25,0,0,0,0,0,0,0,0,0
114,brute_force,scene_stress,0,25,0,0,0,0,0,0,0,0,0
115,brute_force,scene_stress,0,25,0,0,0,0,0,0,0,0,0
116,brute_force,scene_stress,0,25,0,0,0,0,0,0,0,0,0
117,brute_force,scene_stress,0,25,0,0,0,0,0,0,0,0,0
118,brute_force,scene_stress,0,25,0,0,0,0,0,0,0,0,0
119,brute_force,scene_stress,0,25,0,0,0,0,0,0,0,0,0
120,brute_force,scene_stress,0,25,0,0,0,0,0,0,0,0,0
121,brute_force,scene_stress,0,25,0,0,0,0,0,0,0,0,0
122,brute_force,scene_stress,0,25,0,0,0,0,0,0,0,0,0
123,brute_force,scene_stress,0,25,0,0,0,0,0,0,0,0,0
124,brute_force,scene_stress,0,25,0,0,0,0,0,0,0,0,0
125,brute_force,scene_stress,0,25,0,0,0,0,0,0,0,0,0
126,brute_force,scene_stress,0,25,0,0,0,0,0,0,0,0,0
127,brute_force,scene_stress,0,25,0,0,0,0,0,0,0,0,0
128,brute_force,scene_stress,0,25,0,0,0,0,0,0,0,0,0
129,brute_force,scene_stress,0,25,0,0,0,0,0,0,0,0,0
130,brute_force,scene_stress,0,25,0,0,0,0,0,0,0,0,0
131,brute_force,scene_stress,0,25,0,0,0,0,0,0,0,0,0
132,brute_force,scene_stress,0,25,0,0,0,0,0,0,0,0,0
133,brute_force,scene_stress,0,25,0,0,0,0,0,0,0,0,0
134,brute_force,scene_stress,0,25,0,0,0,0,0,0,0,0,0
135,brute_force,scene_stress,0,25,0,0,0,0,0,0,0,0,0
136,brute_force,scene_stress,0,25,0,0,0,0,0,0,0,0,0
137,brute_force,scene_stress,0,25,0,0,0,0,0,0,0,0,0
138,brute_force,scene_stress,0,25,0,0,0,0,0,0,0,0,0
139,brute_force,scene_stress,0,25,0,0,0,0,0,0,0,0,0
140,brute_force,scene_stress,0,25,0,0,0,0,0,0,0,0,0
141,brute_force,scene_stress,0,25,0,0,0,0,0,0,0,0,0
142,brute_force,scene_stress,0,25,0,0,0,0,0,0,0,0,0
143,brute_force,scene_stress,0,25,0,0,0,0,0,0,0,0,0
144,brute_force,scene_stress,0,25,0,0,0,0,0,0,0,0,0
145,brute_force,scene_stress,0,25,0,0,0,0,0,0,0,0,0
146,brute_force,scene_stress,0,25,0,0,0,0,0,0,0,0,0
147,brute_force,scene_stress,0,25,0,0,0,0,0,0,0,0,0
148,brute_force,scene_stress,0,25,0,0,0,0,0,0,0,0,0
149,brute_force,scene_stress,0,25,0,0,0,0,0,0,0,0,0
150,brute_force,scene_stress,0,25,0,0,0,0,0,0,0,0,0
151,brute_force,scene_stress,0,25,0,0,0,0,0,0,0,0,0
152,brute_force,scene_stress,0,25,0,0,0,0,0,0,0,0,0
153,brute_force,scene_stress,0,25,0,0,0,0,0,0,0,0,0
154,brute_force,scene_stress,0,25,0,0,0,0,0,0,0,0,0
155,brute_force,scene_stress,0,25,0,0,0,0,0,0,0,0,0
156,brute_force,scene_stress,0,25,0,0,0,0,0,0,0,0,0
157,brute_force,scene_stress,0,25,0,0,0,0,0,0,0,0,0
158,brute_force,scene_stress,0,25,0,0,0,0,0,0,0,0,0
159,brute_force,scene_stress,0,25,0,0,0,0,0,0,0,0,0
160,brute_force,scene_stress,0,25,0,0,0,0,0,0,0,0,0
161,brute_force,scene_stress,0,25,0,0,0,0,0,0,0,0,0
162,brute_force,scene_stress,0,25,0,0,0,0,0,0,0,0,0
163,brute_force,scene_stress,0,25,0,0,0,0,0,0,0,0,0
164,brute_force,scene_stress,0,25,0,0,0,0,0,0,0,0,0
165,brute_force,scene_stress,0,25,0,0,0,0,0,0,0,0,0
166,brute_force,scene_stress,0,25,0,0,0,0,0,0,0,0,0
167,brute_force,scene_stress,0,25,0,0,0,0,0,0,0,0,0
168,brute_force,scene_stress,0,25,0,0,0,0,0,0,0,0,0
169,brute_force,scene_stress,0,25,0,0,0,0,0,0,0,0,0
170,brute_force,scene_stress,0,25,0,0,0,0,0,0,0,0,0
171,brute_force,scene_stress,0,25,0,0,0,0,0,0,0,0,0
172,brute_force,scene_stress,0,25,0,0,0,0,0,0,0,0,0
173,brute_force,scene_stress,0,25,0,0,0,0,0,0,0,0,0
174,brute_force,scene_stress,0,25,0,0,0,0,0,0,0,0,0
175,brute_force,scene_stress,0,25,0,0,0,0,0,0,0,0,0
176,brute_force,scene_stress,0,25,0,0,0,0,0,0,0,0,0
177,brute_force,scene_stress,0,25,0,0,0,0,0,0,0,0,0
178,brute_force,scene_stress,0,25,0,0,0,0,0,0,0,0,0
179,brute_force,scene_stress,0,25,0,0,0,0,0,0,0,0,0
180,brute_force,scene_stress,0,25,0,0,0,0,0,0,0,0,0
181,brute_force,scene_stress,0,25,0,0,0,0,0,0,0,0,0
182,brute_force,scene_stress,0,25,0,0,0,0,0,0,0,0,0
183,brute_force,scene_stress,0,25,0,0,0,0,0,0,0,0,0
184,brute_force,scene_stress,0,25,0,0,0,0,0,0,0,0,0
185,brute_force,scene_stress,0,25,0,0,0,0,0,0,0,0,0
186,brute_force,scene_stress,0,25,0,0,0,0,0,0,0,0,0
187,brute_force,scene_stress,0,25,0,0,0,0,0,0,0,0,0
188,brute_force,scene_stress,0,25,0,0,0,0,0,0,0,0,0
189,brute_force,scene_stress,0,25,0,0,0,0,0,0,0,0,0
190,brute_force,scene_stress,0,25,0,0,0,0,0,0,0,0,0
191,brute_force,scene_stress,0,25,0,0,0,0,0,0,0,0,0
192,brute_force,scene_stress,0,25,0,0,0,0,0,0,0,0,0
193,brute_force,scene_stress,0,25,0,0,0,0,0,0,0,0,0
194,brute_force,scene_stress,0,25,0,0,0,0,0,0,0,0,0
195,brute_force,scene_stress,0,25,0,0,0,0,0,0,0,0,0
196,brute_force,scene_stress,0,25,0,0,0,0,0,0,0,0,0
197,brute_force,scene_stress,0,25,0,0,0,0,0,0,0,0,0
198,brute_force,scene_stress,0,25,0,0,0,0,0,0,0,0,0
199,brute_force,scene_stress,0,25,0,0,0,0,0,0,0,0,0
200,brute_force,scene_stress,0,25,0,0,0,0,0,0,0,0,0
201,brute_force,scene_stress,0,25,0,0,0,0,0,0,0,0,0
202,brute_force,scene_stress,0,25,0,0,0,0,0,0,0,0,0
203,brute_force,scene_stress,0,25,0,0,0,0,0,0,0,0,0
204,brute_force,scene_stress,0,25,0,0,0,0,0,0,0,0,0
205,brute_force,scene_stress,0,25,0,0,0,0,0,0,0,0,0
206,brute_force,scene_stress,0,25,0,0,0,0,0,0,0,0,0
207,brute_force,scene_stress,0,25,0,0,0,0,0,0,0,0,0
208,brute_force,scene_stress,0,25,0,0,0,0,0,0,0,0,0
209,brute_force,scene_stress,0,25,0,0,0,0,0,0,0,0,0
210,brute_force,scene_stress,0,25,0,0,0,0,0,0,0,0,0
211,brute_force,scene_stress,0,25,0,0,0,0,0,0,0,0,0
212,brute_force,scene_stress,0,25,0,0,0,0,0,0,0,0,0
213,brute_force,scene_stress,0,25,0,0,0,0,0,0,0,0,0
214,brute_force,scene_stress,0,25,0,0,0,0,0,0,0,0,0
215,brute_force,scene_stress,0,25,0,0,0,0,0,0,0,0,0
216,brute_force,scene_stress,0,25,0,0,0,0,0,0,0,0,0
217,brute_force,scene_stress,0,25,0,0,0,0,0,0,0,0,0
218,brute_force,scene_stress,0,25,0,0,0,0,0,0,0,0,0
219,brute_force,scene_stress,0,25,0,0,0,0,0,0,0,0,0
220,brute_force,scene_stress,0,25,0,0,0,0,0,0,0,0,0
221,brute_force,scene_stress,0,25,0,0,0,0,0,0,0,0,0
222,brute_force,scene_stress,0,25,0,0,0,0,0,0,0,0,0
223,brute_force,scene_stress,0,25,0,0,0,0,0,0,0,0,0
224,brute_force,scene_stress,0,25,0,0,0,0,0,0,0,0,0
225,brute_force,scene_stress,0,25,0,0,0,0,0,0,0,0,0
226,brute_force,scene_stress,0,25,0,0,0,0,0,0,0,0,0
227,brute_force,scene_stress,0,25,0,0,0,0,0,0,0,0,0
228,brute_force,scene_stress,0,25,0,0,0,0,0,0,0,0,0
229,brute_force,scene_stress,0,25,0,0,0,0,0,0,0,0,0
230,brute_force,scene_stress,0,25,0,0,0,0,0,0,0,0,0
231,brute_force,scene_stress,0,25,0,0,0,0,0,0,0,0,0
232,brute_force,scene_stress,0,25,0,0,0,0,0,0,0,0,0
233,brute_force,scene_stress,0,25,0,0,0,0,0,0,0,0,0
234,brute_force,scene_stress,0,25,0,0,0,0,0,0,0,0,0
235,brute_force,scene_stress,0,25,0,0,0,0,0,0,0,0,0
236,brute_force,scene_stress,0,25,0,0,0,0,0,0,0,0,0
237,brute_force,scene_stress,0,25,0,0,0,0,0,0,0,0,0
238,brute_force,scene_stress,0,25,0,0,0,0,0,0,0,0,0
239,brute_force,scene_stress,0,25,0,0,0,0,0,0,0,0,0
240,brute_force,scene_stress,0,25,0,0,0,0,0,0,0,0,0
241,brute_force,scene_stress,0,25,0,0,0,0,0,0,0,0,0
242,brute_force,scene_stress,0,25,0,0,0,0,0,0,0,0,0
243,brute_force,scene_stress,0,25,0,0,0,0,0,0,0,0,0
244,brute_force,scene_stress,0,25,0,0,0,0,0,0,0,0,0
245,brute_force,scene_stress,0,25,0,0,0,0,0,0,0,0,0
246,brute_force,scene_stress,0,25,0,0,0,0,0,0,0,0,0
247,brute_force,scene_stress,0,25,0,0,0,0,0,0,0,0,0
248,brute_force,scene_stress,0,25,0,0,0,0,0,0,0,0,0
249,brute_force,scene_stress,0,25,0,0,0,0,0,0,0,0,0
250,brute_force,scene_stress,0,25,0,0,0,0,0,0,0,0,0
251,brute_force,scene_stress,0,25,0,0,0,0,0,0,0,0,0
252,brute_force,scene_stress,0,25,0,0,0,0,0,0,0,0,0
253,brute_force,scene_stress,0,25,0,0,0,0,0,0,0,0,0
254,brute_force,scene_stress,0,25,0,0,0,0,0,0,0,0,0
255,brute_force,scene_stress,0,25,0,0,0,0,0,0,0,0,0
256,brute_force,scene_stress,0,25,0,0,0,0,0,0,0,0,0
257,brute_force,scene_stress,0,25,0,0,0,0,0,0,0,0,0
258,brute_force,scene_stress,0,25,0,0,0,0,0,0,0,0,0
259,brute_force,scene_stress,0,25,0,0,0,0,0,0,0,0,0
260,brute_force,scene_stress,0,25,0,0,0,0,0,0,0,0,0
261,brute_force,scene_stress,0,25,0,0,0,0,0,0,0,0,0
262,brute_force,scene_stress,0,25,0,0,0,0,0,0,0,0,0
263,brute_force,scene_stress,0,25,0,0,0,0,0,0,0,0,0
264,brute_force,scene_stress,0,25,0,0,0,0,0,0,0,0,0
265,brute_force,scene_stress,0,25,0,0,0,0,0,0,0,0,0
266,brute_force,scene_stress,0,25,0,0,0,0,0,0,0,0,0
267,brute_force,scene_stress,0,25,0,0,0,0,0,0,0,0,0
268,brute_force,scene_stress,0,25,0,0,0,0,0,0,0,0,0
269,brute_force,scene_stress,0,25,0,0,0,0,0,0,0,0,0
270,brute_force,scene_stress,0,25,0,0,0,0,0,0,0,0,0
271,brute_force,scene_stress,0,25,0,0,0,0,0,0,0,0,0
272,brute_force,scene_stress,0,25,0,0,0,0,0,0,0,0,0
273,brute_force,scene_stress,0,25,0,0,0,0,0,0,0,0,0
274,brute_force,scene_stress,0,25,0,0,0,0,0,0,0,0,0
275,brute_force,scene_stress,0,25,0,0,0,0,0,0,0,0,0
276,brute_force,scene_stress,0,25,0,0,0,0,0,0,0,0,0
277,brute_force,scene_stress,0,25,0,0,0,0,0,0,0,0,0
278,brute_force,scene_stress,0,25,0,0,0,0,0,0,0,0,0
279,brute_force,scene_stress,0,25,0,0,0,0,0,0,0,0,0
280,brute_force,scene_stress,0,25,0,0,0,0,0,0,0,0,0
281,brute_force,scene_stress,0,25,0,0,0,0,0,0,0,0,0
282,brute_force,scene_stress,0,25,0,0,0,0,0,0,0,0,0
283,brute_force,scene_stress,0,25,0,0,0,0,0,0,0,0,0
284,brute_force,scene_stress,0,25,0,0,0,0,0,0,0,0,0
285,brute_force,scene_stress,0,25,0,0,0,0,0,0,0,0,0
286,brute_force,scene_stress,0,25,0,0,0,0,0,0,0,0,0
287,brute_force,scene_stress,0,25,0,0,0,0,0,0,0,0,0
288,brute_force,scene_stress,0,25,0,0,0,0,0,0,0,0,0
289,brute_force,scene_stress,0,25,0,0,0,0,0,0,0,0,0
290,brute_force,scene_stress,0,27,0,0,28,756,756,0,0.0015,0.0063,0.1106
291,brute_force,scene_stress,0,27,0,0,28,756,756,0,0.0003,0.0048,0.0988
292,brute_force,scene_stress,0,27,0,0,28,756,756,0,0.0004,0.0048,0.0992
293,brute_force,scene_stress,0,27,0,0,28,756,756,0,0.0003,0.0046,0.1
294,brute_force,scene_stress,0,27,0,0,28,756,756,0,0.0016,0.0071,0.0988
295,brute_force,scene_stress,0,27,0,0,28,756,756,0,0.0005,0.005,0.1024
296,brute_force,scene_stress,0,27,0,0,28,756,756,0,0.0005,0.0049,0.1004
297,brute_force,scene_stress,0,27,0,0,28,756,756,0,0.0005,0.0046,0.1008
298,brute_force,scene_stress,0,27,0,0,28,756,756,0,0.001,0.0049,0.1026
299,brute_force,scene_stress,0,27,0,0,28,756,756,0,0.0005,0.0051,0.1027
300,brute_force,scene_stress,0,27,0,0,28,756,756,0,0.0006,0.005,0.1018
301,brute_force,scene_stress,0,27,0,0,28,756,756,0,0.0005,0.0046,0.1018
302,brute_force,scene_stress,0,27,0,0,28,756,756,0,0.0006,0.0051,0.1119
303,brute_force,scene_stress,0,27,0,0,28,756,756,0,0.0008,0.0049,0.1038
304,brute_force,scene_stress,0,27,0,0,28,756,756,0,0.0005,0.0046,0.1028
305,brute_force,scene_stress,0,27,0,0,28,756,756,0,0.0005,0.0048,0.1038
306,brute_force,scene_stress,0,27,0,0,28,756,756,0,0.0004,0.0082,0.1012
307,brute_force,scene_stress,0,27,0,0,28,756,756,0,0.0005,0.0081,0.103
308,brute_force,scene_stress,0,27,0,0,28,756,756,0,0.0007,0.0214,0.1035
309,brute_force,scene_stress,0,27,0,0,28,756,756,0,0.0004,0.0048,0.1067
310,brute_force,scene_stress,0,27,0,0,28,756,756,0,0.0005,0.0048,0.0995
311,brute_force,scene_stress,0,27,0,0,28,756,756,0,0.0005,0.005,0.1058
312,brute_force,scene_stress,0,27,0,0,28,756,756,0,0.0004,0.0048,0.1031
313,brute_force,scene_stress,0,27,0,0,28,756,756,0,0.0004,0.0045,0.1014
314,brute_force,scene_stress,0,27,0,0,28,756,756,0,0.0005,0.0049,0.1185
315,brute_force,scene_stress,0,27,0,0,28,756,756,0,0.0005,0.0047,0.1036
316,brute_force,scene_stress,0,27,0,0,28,756,756,0,0.0006,0.005,0.1053
317,brute_force,scene_stress,0,27,0,0,28,756,756,0,0.0005,0.005,0.1039
318,brute_force,scene_stress,0,27,0,0,28,756,756,0,0.0003,0.0047,0.1172
319,brute_force,scene_stress,0,27,0,0,28,756,756,0,0.0004,0.0049,0.1046
320,brute_force,scene_stress,0,27,0,0,28,756,756,0,0.0004,0.0049,0.1021
321,brute_force,scene_stress,0,27,0,0,28,756,756,0,0.0004,0.0047,0.1015
322,brute_force,scene_stress,0,27,0,0,28,756,756,0,0.0004,0.0048,0.1014
323,brute_force,scene_stress,0,27,0,0,28,756,756,0,0.0005,0.0046,0.0996
324,brute_force,scene_stress,0,27,0,0,28,756,756,0,0.0004,0.0049,0.1022
325,brute_force,scene_stress,0,27,0,0,28,756,756,0,0.0005,0.0048,0.1026
326,brute_force,scene_stress,0,27,0,0,28,756,756,0,0.0004,0.0079,0.0999
327,brute_force,scene_stress,0,27,0,0,28,756,756,0,0.0006,0.0078,0.1961
328,brute_force,scene_stress,0,27,0,0,28,756,756,0,0.0005,0.0048,0.1066
329,brute_force,scene_stress,0,27,0,0,28,756,756,0,0.0005,0.0049,0.1085
330,brute_force,scene_stress,0,27,0,0,28,756,756,0,0.0005,0.005,0.1032
331,brute_force,scene_stress,0,27,0,0,28,756,756,0,0.0006,0.005,0.1022
332,brute_force,scene_stress,0,27,0,0,28,756,756,0,0.0005,0.0049,0.1038
333,brute_force,scene_stress,0,27,0,0,28,756,756,0,0.0006,0.005,0.1021
334,brute_force,scene_stress,0,27,0,0,28,756,756,0,0.0007,0.0048,0.1016
335,brute_force,scene_stress,0,27,0,0,28,756,756,0,0.0004,0.0046,0.1023
336,brute_force,scene_stress,0,27,0,0,28,756,756,0,0.0005,0.0049,0.1047
337,brute_force,scene_stress,0,27,0,0,28,756,756,0,0.0005,0.0047,0.1017
338,brute_force,scene_stress,0,27,0,0,28,756,756,0,0.0004,0.0049,0.1037
339,brute_force,scene_stress,0,27,0,0,28,756,756,0,0.0004,0.0047,0.2048
340,brute_force,scene_stress,0,27,0,0,28,756,756,0,0.0004,0.0178,0.1049
341,brute_force,scene_stress,0,27,1,0,29,783,783,0,0.0005,0.0111,0.1196
342,brute_force,scene_stress,0,27,1,0,29,783,783,0,0.0004,0.01,0.1337
343,brute_force,scene_stress,0,27,1,0,29,783,783,0,0.0006,0.009,0.0978
344,brute_force,scene_stress,0,27,1,0,29,783,783,0,0.0006,0.0096,0.1001
345,brute_force,scene_stress,0,27,1,0,29,783,783,0,0.0005,0.0097,0.1014
346,brute_force,scene_stress,0,27,1,0,29,783,783,0,0.0004,0.0099,0.1022
347,brute_force,scene_stress,0,27,1,0,29,783,783,0,0.0004,0.0092,0.1038
348,brute_force,scene_stress,0,27,1,0,29,783,783,0,0.0006,0.0135,0.1852
349,brute_force,scene_stress,0,27,1,0,29,783,783,0,0.0004,0.0091,0.102
350,brute_force,scene_stress,0,27,1,0,29,783,783,0,0.0005,0.0179,0.1044
351,brute_force,scene_stress,0,27,1,0,29,783,783,0,0.0004,0.0095,0.1028
352,brute_force,scene_stress,0,27,1,0,29,783,783,0,0.0004,0.0096,0.1019
353,brute_force,scene_stress,0,27,1,0,29,783,783,0,0.0005,0.0119,0.2023
354,brute_force,scene_stress,0,27,1,0,29,783,783,0,0.0005,0.0095,0.1029
355,brute_force,scene_stress,0,27,1,0,29,783,783,0,0.0006,0.0094,0.1039
356,brute_force,scene_stress,0,27,1,0,29,783,783,0,0.0005,0.0096,0.1157
357,brute_force,scene_stress,0,27,1,0,29,783,783,0,0.0004,0.0218,0.1043
358,brute_force,scene_stress,0,27,1,0,29,783,783,0,0.0005,0.0264,0.1161
359,brute_force,scene_stress,0,27,1,0,29,783,783,0,0.0004,0.0098,0.1025
360,brute_force,scene_stress,0,27,1,0,29,783,783,0,0.0004,0.0092,0.101
361,brute_force,scene_stress,0,27,1,0,29,783,783,0,0.0005,0.0095,0.1025
362,brute_force,scene_stress,0,26,1,0,29,783,783,0,0.0005,0.3099,0.1969
363,brute_force,scene_stress,0,26,0,0,27,702,702,0,0.0002,0.0045,0.0957
364,brute_force,scene_stress,0,26,0,0,27,702,702,0,0.0003,0.0086,0.0981
365,brute_force,scene_stress,0,26,0,0,27,702,702,0,0.0005,0.0046,0.0967
366,brute_force,scene_stress,0,26,0,0,27,702,702,0,0.0003,0.0047,0.0948
367,brute_force,scene_stress,0,26,0,0,27,702,702,0,0.0004,0.0047,0.0957
368,brute_force,scene_stress,0,26,0,0,27,702,702,0,0.0004,0.0045,0.0945
369,brute_force,scene_stress,0,26,0,0,27,702,702,0,0.0004,0.0048,0.1018
370,brute_force,scene_stress,0,26,0,0,27,702,702,0,0.0004,0.0047,0.0949
371,brute_force,scene_stress,0,26,0,0,27,702,702,0,0.0004,0.0044,0.0968
372,brute_force,scene_stress,0,26,0,0,27,702,702,0,0.0003,0.0045,0.0956
373,brute_force,scene_stress,0,26,0,0,27,702,702,0,0.0004,0.0107,0.0952
374,brute_force,scene_stress,0,26,0,0,27,702,702,0,0.0006,0.0046,0.1075
375,brute_force,scene_stress,0,26,0,0,27,702,702,0,0.0004,0.0113,0.0948
376,brute_force,scene_stress,0,26,0,0,27,702,702,0,0.0003,0.0051,0.1969
377,brute_force,scene_stress,0,26,0,0,27,702,702,0,0.0006,0.0046,0.1455
378,brute_force,scene_stress,0,26,0,0,27,702,702,0,0.0004,0.0045,0.1114
379,brute_force,scene_stress,0,26,0,0,27,702,702,0,0.0004,0.0141,0.0936
380,brute_force,scene_stress,0,26,0,0,27,702,702,0,0.0003,0.0099,0.0949
381,brute_force,scene_stress,0,26,0,0,27,702,702,0,0.0006,0.0047,0.0957
382,brute_force,scene_stress,0,26,0,0,27,702,702,0,0.0006,0.0047,0.0965
383,brute_force,scene_stress,0,26,0,0,27,702,702,0,0.0003,0.0044,0.0959
384,brute_force,scene_stress,0,26,0,0,27,702,702,0,0.0004,0.0085,0.0954
385,brute_force,scene_stress,0,26,0,0,27,702,702,0,0.0003,0.0043,0.0905
386,brute_force,scene_stress,0,26,0,0,27,702,702,0,0.0005,0.0045,0.1079
387,brute_force,scene_stress,0,26,0,0,27,702,702,0,0.0006,0.0047,0.102
388,brute_force,scene_stress,0,26,0,0,27,702,702,0,0.0005,0.0047,0.1044
389,brute_force,scene_stress,0,26,0,0,27,702,702,0,0.0004,0.0047,0.0992
390,brute_force,scene_stress,0,26,0,0,27,702,702,0,0.0004,0.007,0.1098
391,brute_force,scene_stress,0,26,0,0,27,702,702,0,0.0004,0.0044,0.1391
392,brute_force,scene_stress,0,26,1,0,28,728,728,0,0.0005,0.0216,0.0953
393,brute_force,scene_stress,0,26,1,0,28,728,728,0,0.0005,0.0095,0.1004
394,brute_force,scene_stress,0,26,1,0,28,728,728,0,0.0005,0.0096,0.1039
395,brute_force,scene_stress,0,26,1,0,28,728,728,0,0.0009,0.0098,0.0936
396,brute_force,scene_stress,0,26,1,0,28,728,728,0,0.0004,0.0101,0.0935
397,brute_force,scene_stress,0,26,1,0,28,728,728,0,0.0009,0.0096,0.0944
398,brute_force,scene_stress,0,26,1,0,28,728,728,0,0.0005,0.0094,0.0966
399,brute_force,scene_stress,0,26,1,0,28,728,728,0,0.0004,0.01,0.0956
400,brute_force,scene_stress,0,25,1,0,28,728,728,0,0.0004,0.0503,0.0957
401,brute_force,scene_stress,0,25,0,0,26,650,650,0,0.0002,0.0045,0.0893
402,brute_force,scene_stress,0,25,0,0,26,650,650,0,0.0004,0.0044,0.0882
403,brute_force,scene_stress,0,27,0,0,28,756,756,0,0.0005,0.0045,0.1012
404,brute_force,scene_stress,0,27,0,0,28,756,756,0,0.0003,0.0048,0.1005
405,brute_force,scene_stress,0,27,0,0,28,756,756,0,0.0011,0.0046,0.105
406,brute_force,scene_stress,0,27,0,0,28,756,756,0,0.0006,0.0075,0.1308
407,brute_force,scene_stress,0,27,0,0,28,756,756,0,0.0002,0.0043,0.1011
408,brute_force,scene_stress,0,27,0,0,28,756,756,0,0.0002,0.0043,0.1011
409,brute_force,scene_stress,0,27,0,0,28,756,756,0,0.0002,0.0043,0.1011
410,brute_force,scene_stress,0,27,0,0,28,756,756,0,0.0002,0.0043,0.1011
411,brute_force,scene_stress,0,27,0,0,28,756,756,0,0.0002,0.0043,0.1011
412,brute_force,scene_stress,0,27,0,0,28,756,756,0,0.0002,0.0043,0.1011
413,brute_force,scene_stress,0,27,0,0,28,756,756,0,0.0002,0.0043,0.1011
414,brute_force,scene_stress,0,27,0,0,28,756,756,0,0.0002,0.0043,0.1011
415,brute_force,scene_stress,0,27,0,0,28,756,756,0,0.0002,0.0043,0.1011
416,brute_force,scene_stress,0,27,0,0,28,756,756,0,0.0002,0.0043,0.1011
417,brute_force,scene_stress,0,27,0,0,28,756,756,0,0.0002,0.0043,0.1011
418,brute_force,scene_stress,0,27,0,0,28,756,756,0,0.0002,0.0043,0.1011
419,brute_force,scene_stress,0,27,0,0,28,756,756,0,0.0002,0.0043,0.1011
420,brute_force,scene_stress,0,27,0,0,28,756,756,0,0.0002,0.0043,0.1011
421,brute_force,scene_stress,0,27,0,0,28,756,756,0,0.0002,0.0043,0.1011
422,brute_force,scene_stress,0,27,0,0,28,756,756,0,0.0002,0.0043,0.1011
423,brute_force,scene_stress,0,27,0,0,28,756,756,0,0.0002,0.0043,0.1011
424,brute_force,scene_stress,0,27,0,0,28,756,756,0,0.0002,0.0043,0.1011
425,brute_force,scene_stress,0,27,0,0,28,756,756,0,0.0002,0.0043,0.1011
426,brute_force,scene_stress,0,27,0,0,28,756,756,0,0.0002,0.0043,0.1011
427,brute_force,scene_stress,0,27,0,0,28,756,756,0,0.0002,0.0043,0.1011
428,brute_force,scene_stress,0,27,0,0,28,756,756,0,0.0002,0.0043,0.1011
429,brute_force,scene_stress,0,27,0,0,28,756,756,0,0.0002,0.0043,0.1011
430,brute_force,scene_stress,0,27,0,0,28,756,756,0,0.0002,0.0043,0.1011
431,brute_force,scene_stress,0,27,0,0,28,756,756,0,0.0002,0.0043,0.1011
432,brute_force,scene_stress,0,27,0,0,28,756,756,0,0.0002,0.0043,0.1011
433,brute_force,scene_stress,0,27,0,0,28,756,756,0,0.0002,0.0043,0.1011
434,brute_force,scene_stress,0,27,0,0,28,756,756,0,0.0002,0.0043,0.1011
435,brute_force,scene_stress,0,27,0,0,28,756,756,0,0.0002,0.0043,0.1011
436,brute_force,scene_stress,0,27,0,0,28,756,756,0,0.0002,0.0043,0.1011
437,brute_force,scene_stress,0,27,0,0,28,756,756,0,0.0002,0.0043,0.1011
438,brute_force,scene_stress,0,27,0,0,28,756,756,0,0.0002,0.0043,0.1011
439,brute_force,scene_stress,0,27,0,0,28,756,756,0,0.0002,0.0043,0.1011
440,brute_force,scene_stress,0,27,0,0,28,756,756,0,0.0002,0.0043,0.1011
441,brute_force,scene_stress,0,27,0,0,28,756,756,0,0.0002,0.0043,0.1011
442,brute_force,scene_stress,0,27,0,0,28,756,756,0,0.0002,0.0043,0.1011
443,brute_force,scene_stress,0,27,0,0,28,756,756,0,0.0002,0.0043,0.1011
444,brute_force,scene_stress,0,27,0,0,28,756,756,0,0.0002,0.0043,0.1011
445,brute_force,scene_stress,0,27,0,0,28,756,756,0,0.0002,0.0043,0.1011
446,brute_force,scene_stress,0,27,0,0,28,756,756,0,0.0002,0.0043,0.1011
447,brute_force,scene_stress,0,27,0,0,28,756,756,0,0.0002,0.0043,0.1011
448,brute_force,scene_stress,0,27,0,0,28,756,756,0,0.0002,0.0043,0.1011
449,brute_force,scene_stress,0,27,0,0,28,756,756,0,0.0002,0.0043,0.1011
450,brute_force,scene_stress,0,27,0,0,28,756,756,0,0.0002,0.0043,0.1011
451,brute_force,scene_stress,0,27,0,0,28,756,756,0,0.0002,0.0043,0.1011
452,brute_force,scene_stress,0,27,0,0,28,756,756,0,0.0002,0.0043,0.1011
453,brute_force,scene_stress,0,27,0,0,28,756,756,0,0.0002,0.0043,0.1011
454,brute_force,scene_stress,0,27,0,0,28,756,756,0,0.0002,0.0043,0.1011
455,brute_force,scene_stress,0,27,0,0,28,756,756,0,0.0002,0.0043,0.1011
456,brute_force,scene_stress,0,27,0,0,28,756,756,0,0.0002,0.0043,0.1011
457,brute_force,scene_stress,0,27,0,0,28,756,756,0,0.0002,0.0043,0.1011
458,brute_force,scene_stress,0,27,0,0,28,756,756,0,0.0002,0.0043,0.1011
459,brute_force,scene_stress,0,27,0,0,28,756,756,0,0.0002,0.0043,0.1011
460,brute_force,scene_stress,0,27,0,0,28,756,756,0,0.0002,0.0043,0.1011
461,brute_force,scene_stress,0,27,0,0,28,756,756,0,0.0002,0.0043,0.1011
462,brute_force,scene_stress,0,27,0,0,28,756,756,0,0.0002,0.0043,0.1011
463,brute_force,scene_stress,0,27,0,0,28,756,756,0,0.0002,0.0043,0.1011
464,brute_force,scene_stress,0,27,0,0,28,756,756,0,0.0002,0.0043,0.1011
465,brute_force,scene_stress,0,27,0,0,28,756,756,0,0.0002,0.0043,0.1011
466,brute_force,scene_stress,0,27,0,0,28,756,756,0,0.0002,0.0043,0.1011
467,brute_force,scene_stress,0,27,0,0,28,756,756,0,0.0002,0.0043,0.1011
468,brute_force,scene_stress,0,27,0,0,28,756,756,0,0.0002,0.0043,0.1011
469,brute_force,scene_stress,0,27,0,0,28,756,756,0,0.0002,0.0043,0.1011
470,brute_force,scene_stress,0,27,0,0,28,756,756,0,0.0002,0.0043,0.1011
471,brute_force,scene_stress,0,27,0,0,28,756,756,0,0.0002,0.0043,0.1011
472,brute_force,scene_stress,0,27,0,0,28,756,756,0,0.0002,0.0043,0.1011
473,brute_force,scene_stress,0,27,0,0,28,756,756,0,0.0002,0.0043,0.1011
474,brute_force,scene_stress,0,27,0,0,28,756,756,0,0.0002,0.0043,0.1011
475,brute_force,scene_stress,0,27,0,0,28,756,756,0,0.0002,0.0043,0.1011
476,brute_force,scene_stress,0,27,0,0,28,756,756,0,0.0002,0.0043,0.1011
477,brute_force,scene_stress,0,27,0,0,28,756,756,0,0.0002,0.0043,0.1011
478,brute_force,scene_stress,0,27,0,0,28,756,756,0,0.0002,0.0043,0.1011
479,brute_force,scene_stress,0,27,0,0,28,756,756,0,0.0002,0.0043,0.1011
480,brute_force,scene_stress,0,27,0,0,28,756,756,0,0.0002,0.0043,0.1011
481,brute_force,scene_stress,0,27,0,0,28,756,756,0,0.0002,0.0043,0.1011
482,brute_force,scene_stress,0,27,0,0,28,756,756,0,0.0002,0.0043,0.1011
483,brute_force,scene_stress,0,27,0,0,28,756,756,0,0.0002,0.0043,0.1011
484,brute_force,scene_stress,0,27,0,0,28,756,756,0,0.0002,0.0043,0.1011
485,brute_force,scene_stress,0,27,0,0,28,756,756,0,0.0002,0.0043,0.1011
486,brute_force,scene_stress,0,27,0,0,28,756,756,0,0.0002,0.0043,0.1011
487,brute_force,scene_stress,0,27,0,0,28,756,756,0,0.0002,0.0043,0.1011
488,brute_force,scene_stress,0,27,0,0,28,756,756,0,0.0002,0.0043,0.1011
489,brute_force,scene_stress,0,27,0,0,28,756,756,0,0.0002,0.0043,0.1011
490,brute_force,scene_stress,0,27,0,0,28,756,756,0,0.0002,0.0043,0.1011
491,brute_force,scene_stress,0,27,0,0,28,756,756,0,0.0002,0.0043,0.1011
492,brute_force,scene_stress,0,27,0,0,28,756,756,0,0.0002,0.0043,0.1011
493,brute_force,scene_stress,0,27,0,0,28,756,756,0,0.0002,0.0043,0.1011
494,brute_force,scene_stress,0,27,0,0,28,756,756,0,0.0002,0.0043,0.1011
495,brute_force,scene_stress,0,27,0,0,28,756,756,0,0.0002,0.0043,0.1011
496,brute_force,scene_stress,0,27,0,0,28,756,756,0,0.0002,0.0043,0.1011
497,brute_force,scene_stress,0,27,0,0,28,756,756,0,0.0002,0.0043,0.1011
498,brute_force,scene_stress,0,27,0,0,28,756,756,0,0.0002,0.0043,0.1011
499,brute_force,scene_stress,0,27,0,0,28,756,756,0,0.0002,0.0043,0.1011
500,brute_force,scene_stress,0,27,0,0,28,756,756,0,0.0002,0.0043,0.1011
501,brute_force,scene_stress,0,27,0,0,28,756,756,0,0.0002,0.0043,0.1011
502,brute_force,scene_stress,0,27,0,0,28,756,756,0,0.0002,0.0043,0.1011
503,brute_force,scene_stress,0,27,0,0,28,756,756,0,0.0002,0.0043,0.1011
504,brute_force,scene_stress,0,27,0,0,28,756,756,0,0.0002,0.0043,0.1011
505,brute_force,scene_stress,0,27,0,0,28,756,756,0,0.0002,0.0043,0.1011
506,brute_force,scene_stress,0,27,0,0,28,756,756,0,0.0002,0.0043,0.1011
507,brute_force,scene_stress,0,27,0,0,28,756,756,0,0.0002,0.0043,0.1011
508,brute_force,scene_stress,0,27,0,0,28,756,756,0,0.0002,0.0043,0.1011
509,brute_force,scene_stress,0,27,0,0,28,756,756,0,0.0002,0.0043,0.1011
510,brute_force,scene_stress,0,27,0,0,28,756,756,0,0.0002,0.0043,0.1011
511,brute_force,scene_stress,0,27,0,0,28,756,756,0,0.0002,0.0043,0.1011
512,brute_force,scene_stress,0,27,0,0,28,756,756,0,0.0002,0.0043,0.1011
513,brute_force,scene_stress,0,27,0,0,28,756,756,0,0.0002,0.0043,0.1011
514,brute_force,scene_stress,0,27,0,0,28,756,756,0,0.0002,0.0043,0.1011
515,brute_force,scene_stress,0,27,0,0,28,756,756,0,0.0002,0.0043,0.1011
516,brute_force,scene_stress,0,27,0,0,28,756,756,0,0.0002,0.0043,0.1011
517,brute_force,scene_stress,0,27,0,0,28,756,756,0,0.0002,0.0043,0.1011
518,brute_force,scene_stress,0,27,0,0,28,756,756,0,0.0002,0.0043,0.1011
519,brute_force,scene_stress,0,27,0,0,28,756,756,0,0.0002,0.0043,0.1011
520,brute_force,scene_stress,0,27,0,0,28,756,756,0,0.0002,0.0043,0.1011
521,brute_force,scene_stress,0,27,0,0,28,756,756,0,0.0002,0.0043,0.1011
522,brute_force,scene_stress,0,27,0,0,28,756,756,0,0.0002,0.0043,0.1011
523,brute_force,scene_stress,0,27,0,0,28,756,756,0,0.0002,0.0043,0.1011
524,brute_force,scene_stress,0,27,0,0,28,756,756,0,0.0002,0.0043,0.1011
525,brute_force,scene_stress,0,27,0,0,28,756,756,0,0.0002,0.0043,0.1011
526,brute_force,scene_stress,0,27,0,0,28,756,756,0,0.0002,0.0043,0.1011
527,brute_force,scene_stress,0,27,0,0,28,756,756,0,0.0002,0.0043,0.1011
528,brute_force,scene_stress,0,27,0,0,28,756,756,0,0.0002,0.0043,0.1011
529,brute_force,scene_stress,0,27,0,0,28,756,756,0,0.0002,0.0043,0.1011
530,brute_force,scene_stress,0,27,0,0,28,756,756,0,0.0002,0.0043,0.1011
531,brute_force,scene_stress,0,27,0,0,28,756,756,0,0.0002,0.0043,0.1011
532,brute_force,scene_stress,0,27,0,0,28,756,756,0,0.0002,0.0043,0.1011
533,brute_force,scene_stress,0,27,0,0,28,756,756,0,0.0002,0.0043,0.1011
534,brute_force,scene_stress,0,27,0,0,28,756,756,0,0.0002,0.0043,0.1011
535,brute_force,scene_stress,0,27,0,0,28,756,756,0,0.0002,0.0043,0.1011
536,brute_force,scene_stress,0,27,0,0,28,756,756,0,0.0002,0.0043,0.1011
537,brute_force,scene_stress,0,27,0,0,28,756,756,0,0.0002,0.0043,0.1011
538,brute_force,scene_stress,0,27,0,0,28,756,756,0,0.0002,0.0043,0.1011
539,brute_force,scene_stress,0,27,0,0,28,756,756,0,0.0002,0.0043,0.1011
540,brute_force,scene_stress,0,27,0,0,28,756,756,0,0.0002,0.0043,0.1011
541,brute_force,scene_stress,0,27,0,0,28,756,756,0,0.0002,0.0043,0.1011
542,brute_force,scene_stress,0,27,0,0,28,756,756,0,0.0002,0.0043,0.1011
543,brute_force,scene_stress,0,27,0,0,28,756,756,0,0.0002,0.0043,0.1011
544,brute_force,scene_stress,0,27,0,0,28,756,756,0,0.0002,0.0043,0.1011
545,brute_force,scene_stress,0,27,0,0,28,756,756,0,0.0002,0.0043,0.1011
546,brute_force,scene_stress,0,27,0,0,28,756,756,0,0.0002,0.0043,0.1011
547,brute_force,scene_stress,0,27,0,0,28,756,756,0,0.0002,0.0043,0.1011
548,brute_force,scene_stress,0,27,0,0,28,756,756,0,0.0002,0.0043,0.1011
549,brute_force,scene_stress,0,27,0,0,28,756,756,0,0.0002,0.0043,0.1011
550,brute_force,scene_stress,0,27,0,0,28,756,756,0,0.0002,0.0043,0.1011
551,brute_force,scene_stress,0,27,0,0,28,756,756,0,0.0002,0.0043,0.1011
552,brute_force,scene_stress,0,27,0,0,28,756,756,0,0.0002,0.0043,0.1011
553,brute_force,scene_stress,0,27,0,0,28,756,756,0,0.0002,0.0043,0.1011
554,brute_force,scene_stress,0,27,0,0,28,756,756,0,0.0002,0.0043,0.1011
555,brute_force,scene_stress,0,27,0,0,28,756,756,0,0.0002,0.0043,0.1011
556,brute_force,scene_stress,0,27,0,0,28,756,756,0,0.0002,0.0043,0.1011
557,brute_force,scene_stress,0,27,0,0,28,756,756,0,0.0002,0.0043,0.1011
558,brute_force,scene_stress,0,27,0,0,28,756,756,0,0.0002,0.0043,0.1011
559,brute_force,scene_stress,0,27,0,0,28,756,756,0,0.0002,0.0043,0.1011
560,brute_force,scene_stress,0,27,0,0,28,756,756,0,0.0002,0.0043,0.1011
561,brute_force,scene_stress,0,27,0,0,28,756,756,0,0.0002,0.0043,0.1011
562,brute_force,scene_stress,0,27,0,0,28,756,756,0,0.0002,0.0043,0.1011
563,brute_force,scene_stress,0,27,0,0,28,756,756,0,0.0002,0.0043,0.1011
564,brute_force,scene_stress,0,27,0,0,28,756,756,0,0.0002,0.0043,0.1011
565,brute_force,scene_stress,0,27,0,0,28,756,756,0,0.0002,0.0043,0.1011
566,brute_force,scene_stress,0,27,0,0,28,756,756,0,0.0002,0.0043,0.1011
567,brute_force,scene_stress,0,27,0,0,28,756,756,0,0.0002,0.0043,0.1011
568,brute_force,scene_stress,0,27,0,0,28,756,756,0,0.0002,0.0043,0.1011
569,brute_force,scene_stress,0,27,0,0,28,756,756,0,0.0002,0.0043,0.1011
570,brute_force,scene_stress,0,27,0,0,28,756,756,0,0.0002,0.0043,0.1011
571,brute_force,scene_stress,0,27,0,0,28,756,756,0,0.0002,0.0043,0.1011
572,brute_force,scene_stress,0,27,0,0,28,756,756,0,0.0002,0.0043,0.1011
573,brute_force,scene_stress,0,27,0,0,28,756,756,0,0.0002,0.0043,0.1011
574,brute_force,scene_stress,0,27,0,0,28,756,756,0,0.0002,0.0043,0.1011
575,brute_force,scene_stress,0,27,0,0,28,756,756,0,0.0002,0.0043,0.1011
576,brute_force,scene_stress,0,27,0,0,28,756,756,0,0.0002,0.0043,0.1011
577,brute_force,scene_stress,0,27,0,0,28,756,756,0,0.0002,0.0043,0.1011
578,brute_force,scene_stress,0,27,0,0,28,756,756,0,0.0002,0.0043,0.1011
579,brute_force,scene_stress,0,27,0,0,28,756,756,0,0.0002,0.0043,0.1011
580,brute_force,scene_stress,0,27,0,0,28,756,756,0,0.0002,0.0043,0.1011
581,brute_force,scene_stress,0,27,0,0,28,756,756,0,0.0002,0.0043,0.1011
582,brute_force,scene_stress,0,27,0,0,28,756,756,0,0.0002,0.0043,0.1011
583,brute_force,scene_stress,0,27,0,0,28,756,756,0,0.0002,0.0043,0.1011
584,brute_force,scene_stress,0,27,0,0,28,756,756,0,0.0002,0.0043,0.1011
585,brute_force,scene_stress,0,27,0,0,28,756,756,0,0.0002,0.0043,0.1011
586,brute_force,scene_stress,0,27,0,0,28,756,756,0,0.0002,0.0043,0.1011
587,brute_force,scene_stress,0,27,0,0,28,756,756,0,0.0002,0.0043,0.1011
588,brute_force,scene_stress,0,27,0,0,28,756,756,0,0.0002,0.0043,0.1011
589,brute_force,scene_stress,0,27,0,0,28,756,756,0,0.0002,0.0043,0.1011
590,brute_force,scene_stress,0,27,0,0,28,756,756,0,0.0002,0.0043,0.1011
591,brute_force,scene_stress,0,27,0,0,28,756,756,0,0.0002,0.0043,0.1011
592,brute_force,scene_stress,0,27,0,0,28,756,756,0,0.0002,0.0043,0.1011
593,brute_force,scene_stress,0,27,0,0,28,756,756,0,0.0002,0.0043,0.1011
594,brute_force,scene_stress,0,27,0,0,28,756,756,0,0.0002,0.0043,0.1011
595,brute_force,scene_stress,0,27,0,0,28,756,756,0,0.0002,0.0043,0.1011
596,brute_force,scene_stress,0,27,0,0,28,756,756,0,0.0002,0.0043,0.1011
597,brute_force,scene_stress,0,27,0,0,28,756,756,0,0.0002,0.0043,0.1011
598,brute_force,scene_stress,0,27,0,0,28,756,756,0,0.0002,0.0043,0.1011
599,brute_force,scene_stress,0,27,0,0,28,756,756,0,0.0002,0.0043,0.1011
600,brute_force,scene_stress,0,27,0,0,28,756,756,0,0.0002,0.0043,0.1011
601,brute_force,scene_stress,0,27,0,0,28,756,756,0,0.0002,0.0043,0.1011
602,brute_force,scene_stress,0,27,0,0,28,756,756,0,0.0002,0.0043,0.1011
603,brute_force,scene_stress,0,27,0,0,28,756,756,0,0.0002,0.0043,0.1011
604,brute_force,scene_stress,0,27,0,0,28,756,756,0,0.0002,0.0043,0.1011
605,brute_force,scene_stress,0,27,0,0,28,756,756,0,0.0002,0.0043,0.1011
606,brute_force,scene_stress,0,27,0,0,28,756,756,0,0.0002,0.0043,0.1011
607,brute_force,scene_stress,0,27,0,0,28,756,756,0,0.0002,0.0043,0.1011
608,brute_force,scene_stress,0,27,0,0,28,756,756,0,0.0002,0.0043,0.1011
609,brute_force,scene_stress,0,27,0,0,28,756,756,0,0.0002,0.0043,0.1011
610,brute_force,scene_stress,0,27,0,0,28,756,756,0,0.0002,0.0043,0.1011
611,brute_force,scene_stress,0,27,0,0,28,756,756,0,0.0002,0.0043,0.1011
612,brute_force,scene_stress,0,27,0,0,28,756,756,0,0.0002,0.0043,0.1011
613,brute_force,scene_stress,0,27,0,0,28,756,756,0,0.0002,0.0043,0.1011
614,brute_force,scene_stress,0,27,0,0,28,756,756,0,0.0002,0.0043,0.1011
615,brute_force,scene_stress,0,27,0,0,28,756,756,0,0.0002,0.0043,0.1011
616,brute_force,scene_stress,0,27,0,0,28,756,756,0,0.0002,0.0043,0.1011
617,brute_force,scene_stress,0,27,0,0,28,756,756,0,0.0002,0.0043,0.1011
618,brute_force,scene_stress,0,27,0,0,28,756,756,0,0.0002,0.0043,0.1011
619,brute_force,scene_stress,0,27,0,0,28,756,756,0,0.0002,0.0043,0.1011
620,brute_force,scene_stress,0,27,0,0,28,756,756,0,0.0002,0.0043,0.1011
621,brute_force,scene_stress,0,27,0,0,28,756,756,0,0.0002,0.0043,0.1011
622,brute_force,scene_stress,0,27,0,0,28,756,756,0,0.0002,0.0043,0.1011
623,brute_force,scene_stress,0,27,0,0,28,756,756,0,0.0002,0.0043,0.1011
624,brute_force,scene_stress,0,27,0,0,28,756,756,0,0.0002,0.0043,0.1011
625,brute_force,scene_stress,0,27,0,0,28,756,756,0,0.0002,0.0043,0.1011
626,brute_force,scene_stress,0,27,0,0,28,756,756,0,0.0002,0.0043,0.1011
627,brute_force,scene_stress,0,27,0,0,28,756,756,0,0.0002,0.0043,0.1011
628,brute_force,scene_stress,0,27,0,0,28,756,756,0,0.0002,0.0043,0.1011
629,brute_force,scene_stress,0,27,0,0,28,756,756,0,0.0002,0.0043,0.1011
630,brute_force,scene_stress,0,27,0,0,28,756,756,0,0.0002,0.0043,0.1011
631,brute_force,scene_stress,0,27,0,0,28,756,756,0,0.0002,0.0043,0.1011
632,brute_force,scene_stress,0,27,0,0,28,756,756,0,0.0002,0.0043,0.1011
633,brute_force,scene_stress,0,27,0,0,28,756,756,0,0.0002,0.0043,0.1011
634,brute_force,scene_stress,0,27,0,0,28,756,756,0,0.0002,0.0043,0.1011
635,brute_force,scene_stress,0,27,0,0,28,756,756,0,0.0002,0.0043,0.1011
636,brute_force,scene_stress,0,27,0,0,28,756,756,0,0.0002,0.0043,0.1011
637,brute_force,scene_stress,0,27,0,0,28,756,756,0,0.0002,0.0043,0.1011
638,brute_force,scene_stress,0,27,0,0,28,756,756,0,0.0002,0.0043,0.1011
639,brute_force,scene_stress,0,27,0,0,28,756,756,0,0.0002,0.0043,0.1011
640,brute_force,scene_stress,0,27,0,0,28,756,756,0,0.0002,0.0043,0.1011
641,brute_force,scene_stress,0,27,0,0,28,756,756,0,0.0002,0.0043,0.1011
642,brute_force,scene_stress,0,27,0,0,28,756,756,0,0.0002,0.0043,0.1011
643,brute_force,scene_stress,0,27,0,0,28,756,756,0,0.0002,0.0043,0.1011
644,brute_force,scene_stress,0,27,0,0,28,756,756,0,0.0002,0.0043,0.1011
645,brute_force,scene_stress,0,27,0,0,28,756,756,0,0.0002,0.0043,0.1011
646,brute_force,scene_stress,0,27,0,0,28,756,756,0,0.0002,0.0043,0.1011
647,brute_force,scene_stress,0,27,0,0,28,756,756,0,0.0002,0.0043,0.1011
648,brute_force,scene_stress,0,27,0,0,28,756,756,0,0.0002,0.0043,0.1011
649,brute_force,scene_stress,0,27,0,0,28,756,756,0,0.0002,0.0043,0.1011
650,brute_force,scene_stress,0,27,0,0,28,756,756,0,0.0002,0.0043,0.1011
651,brute_force,scene_stress,0,27,0,0,28,756,756,0,0.0002,0.0043,0.1011
652,brute_force,scene_stress,0,27,0,0,28,756,756,0,0.0002,0.0043,0.1011
653,brute_force,scene_stress,0,27,0,0,28,756,756,0,0.0002,0.0043,0.1011
654,brute_force,scene_stress,0,27,0,0,28,756,756,0,0.0002,0.0043,0.1011
655,brute_force,scene_stress,0,27,0,0,28,756,756,0,0.0002,0.0043,0.1011
656,brute_force,scene_stress,0,27,0,0,28,756,756,0,0.0002,0.0043,0.1011
657,brute_force,scene_stress,0,27,0,0,28,756,756,0,0.0002,0.0043,0.1011
658,brute_force,scene_stress,0,27,0,0,28,756,756,0,0.0002,0.0043,0.1011
659,brute_force,scene_stress,0,27,0,0,28,756,756,0,0.0002,0.0043,0.1011
660,brute_force,scene_stress,0,27,0,0,28,756,756,0,0.0002,0.0043,0.1011
661,brute_force,scene_stress,0,27,0,0,28,756,756,0,0.0002,0.0043,0.1011
662,brute_force,scene_stress,0,27,0,0,28,756,756,0,0.0002,0.0043,0.1011
663,brute_force,scene_stress,0,27,0,0,28,756,756,0,0.0002,0.0043,0.1011
664,brute_force,scene_stress,0,27,0,0,28,756,756,0,0.0002,0.0043,0.1011
665,brute_force,scene_stress,0,27,0,0,28,756,756,0,0.0002,0.0043,0.1011
666,brute_force,scene_stress,0,27,0,0,28,756,756,0,0.0002,0.0043,0.1011
667,brute_force,scene_stress,0,27,0,0,28,756,756,0,0.0002,0.0043,0.1011
668,brute_force,scene_stress,0,27,0,0,28,756,756,0,0.0002,0.0043,0.1011
669,brute_force,scene_stress,0,27,0,0,28,756,756,0,0.0002,0.0043,0.1011
670,brute_force,scene_stress,0,27,0,0,28,756,756,0,0.0002,0.0043,0.1011
671,brute_force,scene_stress,0,27,0,0,28,756,756,0,0.0002,0.0043,0.1011
672,brute_force,scene_stress,0,27,0,0,28,756,756,0,0.0002,0.0043,0.1011
673,brute_force,scene_stress,0,27,0,0,28,756,756,0,0.0002,0.0043,0.1011
674,brute_force,scene_stress,0,27,0,0,28,756,756,0,0.0002,0.0043,0.1011
675,brute_force,scene_stress,0,27,0,0,28,756,756,0,0.0002,0.0043,0.1011
676,brute_force,scene_stress,0,27,0,0,28,756,756,0,0.0002,0.0043,0.1011
677,brute_force,scene_stress,0,27,0,0,28,756,756,0,0.0002,0.0043,0.1011
678,brute_force,scene_stress,0,27,0,0,28,756,756,0,0.0002,0.0043,0.1011
679,brute_force,scene_stress,0,27,0,0,28,756,756,0,0.0002,0.0043,0.1011
680,brute_force,scene_stress,0,27,0,0,28,756,756,0,0.0002,0.0043,0.1011
681,brute_force,scene_stress,0,27,0,0,28,756,756,0,0.0002,0.0043,0.1011
682,brute_force,scene_stress,0,27,0,0,28,756,756,0,0.0002,0.0043,0.1011
683,brute_force,scene_stress,0,27,0,0,28,756,756,0,0.0002,0.0043,0.1011
684,brute_force,scene_stress,0,27,0,0,28,756,756,0,0.0002,0.0043,0.1011
685,brute_force,scene_stress,0,27,0,0,28,756,756,0,0.0002,0.0043,0.1011
686,brute_force,scene_stress,0,27,0,0,28,756,756,0,0.0002,0.0043,0.1011
687,brute_force,scene_stress,0,27,0,0,28,756,756,0,0.0002,0.0043,0.1011
688,brute_force,scene_stress,0,27,0,0,28,756,756,0,0.0002,0.0043,0.1011
689,brute_force,scene_stress,0,27,0,0,28,756,756,0,0.0002,0.0043,0.1011
690,brute_force,scene_stress,0,27,0,0,28,756,756,0,0.0002,0.0043,0.1011
691,brute_force,scene_stress,0,27,0,0,28,756,756,0,0.0002,0.0043,0.1011
692,brute_force,scene_stress,0,27,0,0,28,756,756,0,0.0002,0.0043,0.1011
693,brute_force,scene_stress,0,27,0,0,28,756,756,0,0.0002,0.0043,0.1011
694,brute_force,scene_stress,0,27,0,0,28,756,756,0,0.0002,0.0043,0.1011
695,brute_force,scene_stress,0,27,0,0,28,756,756,0,0.0002,0.0043,0.1011
696,brute_force,scene_stress,0,27,0,0,28,756,756,0,0.0002,0.0043,0.1011
697,brute_force,scene_stress,0,27,0,0,28,756,756,0,0.0002,0.0043,0.1011
698,brute_force,scene_stress,0,27,0,0,28,756,756,0,0.0002,0.0043,0.1011
699,brute_force,scene_stress,0,27,0,0,28,756,756,0,0.0002,0.0043,0.1011
700,brute_force,scene_stress,0,27,0,0,28,756,756,0,0.0002,0.0043,0.1011
701,brute_force,scene_stress,0,27,0,0,28,756,756,0,0.0002,0.0043,0.1011
702,brute_force,scene_stress,0,27,0,0,28,756,756,0,0.0002,0.0043,0.1011
703,brute_force,scene_stress,0,27,0,0,28,756,756,0,0.0002,0.0043,0.1011
704,brute_force,scene_stress,0,27,0,0,28,756,756,0,0.0002,0.0043,0.1011
705,brute_force,scene_stress,0,27,0,0,28,756,756,0,0.0002,0.0043,0.1011
706,brute_force,scene_stress,0,27,0,0,28,756,756,0,0.0002,0.0043,0.1011
707,brute_force,scene_stress,0,27,0,0,28,756,756,0,0.0002,0.0043,0.1011
708,brute_force,scene_stress,0,27,0,0,28,756,756,0,0.0002,0.0043,0.1011
709,brute_force,scene_stress,0,27,0,0,28,756,756,0,0.0002,0.0043,0.1011
710,brute_force,scene_stress,0,27,0,0,28,756,756,0,0.0002,0.0043,0.1011
711,brute_force,scene_stress,0,27,0,0,28,756,756,0,0.0002,0.0043,0.1011
712,brute_force,scene_stress,0,27,0,0,28,756,756,0,0.0002,0.0043,0.1011
713,brute_force,scene_stress,0,27,0,0,28,756,756,0,0.0002,0.0043,0.1011
714,brute_force,scene_stress,0,27,0,0,28,756,756,0,0.0002,0.0043,0.1011
715,brute_force,scene_stress,0,27,0,0,28,756,756,0,0.0002,0.0043,0.1011
716,brute_force,scene_stress,0,27,0,0,28,756,756,0,0.0002,0.0043,0.1011
717,brute_force,scene_stress,0,27,0,0,28,756,756,0,0.0002,0.0043,0.1011
718,brute_force,scene_stress,0,27,0,0,28,756,756,0,0.0002,0.0043,0.1011
719,brute_force,scene_stress,0,27,0,0,28,756,756,0,0.0002,0.0043,0.1011
720,brute_force,scene_stress,0,27,0,0,28,756,756,0,0.0002,0.0043,0.1011
721,brute_force,scene_stress,0,27,0,0,28,756,756,0,0.0002,0.0043,0.1011
722,brute_force,scene_stress,0,27,0,0,28,756,756,0,0.0002,0.0043,0.1011
723,brute_force,scene_stress,0,27,0,0,28,756,756,0,0.0002,0.0043,0.1011
724,brute_force,scene_stress,0,27,0,0,28,756,756,0,0.0002,0.0043,0.1011
725,brute_force,scene_stress,0,27,0,0,28,756,756,0,0.0002,0.0043,0.1011
726,brute_force,scene_stress,0,27,0,0,28,756,756,0,0.0002,0.0043,0.1011
727,brute_force,scene_stress,0,27,0,0,28,756,756,0,0.0002,0.0043,0.1011
728,brute_force,scene_stress,0,27,0,0,28,756,756,0,0.0002,0.0043,0.1011
729,brute_force,scene_stress,0,27,0,0,28,756,756,0,0.0002,0.0043,0.1011
730,brute_force,scene_stress,0,27,0,0,28,756,756,0,0.0002,0.0043,0.1011
731,brute_force,scene_stress,0,27,0,0,28,756,756,0,0.0002,0.0043,0.1011
732,brute_force,scene_stress,0,27,0,0,28,756,756,0,0.0002,0.0043,0.1011
733,brute_force,scene_stress,0,27,0,0,28,756,756,0,0.0002,0.0043,0.1011
734,brute_force,scene_stress,0,27,0,0,28,756,756,0,0.0002,0.0043,0.1011
735,brute_force,scene_stress,0,27,0,0,28,756,756,0,0.0002,0.0043,0.1011
736,brute_force,scene_stress,0,27,0,0,28,756,756,0,0.0002,0.0043,0.1011
737,brute_force,scene_stress,0,27,0,0,28,756,756,0,0.0002,0.0043,0.1011
738,brute_force,scene_stress,0,27,0,0,28,756,756,0,0.0002,0.0043,0.1011
739,brute_force,scene_stress,0,27,0,0,28,756,756,0,0.0002,0.0043,0.1011
740,brute_force,scene_stress,0,27,0,0,28,756,756,0,0.0002,0.0043,0.1011
741,brute_force,scene_stress,0,27,0,0,28,756,756,0,0.0002,0.0043,0.1011
742,brute_force,scene_stress,0,27,0,0,28,756,756,0,0.0002,0.0043,0.1011
743,brute_force,scene_stress,0,27,0,0,28,756,756,0,0.0002,0.0043,0.1011
744,brute_force,scene_stress,0,27,0,0,28,756,756,0,0.0002,0.0043,0.1011
745,brute_force,scene_stress,0,27,0,0,28,756,756,0,0.0002,0.0043,0.1011
746,brute_force,scene_stress,0,27,0,0,28,756,756,0,0.0002,0.0043,0.1011
747,brute_force,scene_stress,0,27,0,0,28,756,756,0,0.0002,0.0043,0.1011
748,brute_force,scene_stress,0,27,0,0,28,756,756,0,0.0002,0.0043,0.1011
749,brute_force,scene_stress,0,27,0,0,28,756,756,0,0.0002,0.0043,0.1011
750,brute_force,scene_stress,0,27,0,0,28,756,756,0,0.0002,0.0043,0.1011
751,brute_force,scene_stress,0,27,0,0,28,756,756,0,0.0002,0.0043,0.1011
752,brute_force,scene_stress,0,27,0,0,28,756,756,0,0.0002,0.0043,0.1011
753,brute_force,scene_stress,0,27,0,0,28,756,756,0,0.0002,0.0043,0.1011
754,brute_force,scene_stress,0,27,0,0,28,756,756,0,0.0002,0.0043,0.1011
755,brute_force,scene_stress,0,27,0,0,28,756,756,0,0.0002,0.0043,0.1011
756,brute_force,scene_stress,0,27,0,0,28,756,756,0,0.0002,0.0043,0.1011
757,brute_force,scene_stress,0,27,0,0,28,756,756,0,0.0002,0.0043,0.1011
758,brute_force,scene_stress,0,27,0,0,28,756,756,0,0.0002,0.0043,0.1011
759,brute_force,scene_stress,0,27,0,0,28,756,756,0,0.0002,0.0043,0.1011
760,brute_force,scene_stress,0,27,0,0,28,756,756,0,0.0002,0.0043,0.1011
761,brute_force,scene_stress,0,27,0,0,28,756,756,0,0.0002,0.0043,0.1011
762,brute_force,scene_stress,0,27,0,0,28,756,756,0,0.0002,0.0043,0.1011
763,brute_force,scene_stress,0,27,0,0,28,756,756,0,0.0002,0.0043,0.1011
764,brute_force,scene_stress,0,27,0,0,28,756,756,0,0.0002,0.0043,0.1011
765,brute_force,scene_stress,0,27,0,0,28,756,756,0,0.0002,0.0043,0.1011
766,brute_force,scene_stress,0,27,0,0,28,756,756,0,0.0002,0.0043,0.1011
767,brute_force,scene_stress,0,27,0,0,28,756,756,0,0.0002,0.0043,0.1011
768,brute_force,scene_stress,0,27,0,0,28,756,756,0,0.0002,0.0043,0.1011
769,brute_force,scene_stress,0,27,0,0,28,756,756,0,0.0002,0.0043,0.1011
770,brute_force,scene_stress,0,27,0,0,28,756,756,0,0.0002,0.0043,0.1011
771,brute_force,scene_stress,0,27,0,0,28,756,756,0,0.0002,0.0043,0.1011
772,brute_force,scene_stress,0,27,0,0,28,756,756,0,0.0002,0.0043,0.1011
773,brute_force,scene_stress,0,27,0,0,28,756,756,0,0.0002,0.0043,0.1011
774,brute_force,scene_stress,0,27,0,0,28,756,756,0,0.0002,0.0043,0.1011
775,brute_force,scene_stress,0,27,0,0,28,756,756,0,0.0002,0.0043,0.1011
776,brute_force,scene_stress,0,27,0,0,28,756,756,0,0.0002,0.0043,0.1011
777,brute_force,scene_stress,0,27,0,0,28,756,756,0,0.0002,0.0043,0.1011
778,brute_force,scene_stress,0,27,0,0,28,756,756,0,0.0002,0.0043,0.1011
779,brute_force,scene_stress,0,27,0,0,28,756,756,0,0.0002,0.0043,0.1011
780,brute_force,scene_stress,0,27,0,0,28,756,756,0,0.0002,0.0043,0.1011
781,brute_force,scene_stress,0,27,0,0,28,756,756,0,0.0002,0.0043,0.1011
782,brute_force,scene_stress,0,27,0,0,28,756,756,0,0.0002,0.0043,0.1011
783,brute_force,scene_stress,0,27,0,0,28,756,756,0,0.0002,0.0043,0.1011
784,brute_force,scene_stress,0,27,0,0,28,756,756,0,0.0002,0.0043,0.1011
785,brute_force,scene_stress,0,27,0,0,28,756,756,0,0.0002,0.0043,0.1011
786,brute_force,scene_stress,0,27,0,0,28,756,756,0,0.0002,0.0043,0.1011
787,brute_force,scene_stress,0,27,0,0,28,756,756,0,0.0002,0.0043,0.1011
788,brute_force,scene_stress,0,27,0,0,28,756,756,0,0.0002,0.0043,0.1011
789,brute_force,scene_stress,0,27,0,0,28,756,756,0,0.0002,0.0043,0.1011
790,brute_force,scene_stress,0,27,0,0,28,756,756,0,0.0002,0.0043,0.1011
791,brute_force,scene_stress,0,27,0,0,28,756,756,0,0.0002,0.0043,0.1011
792,brute_force,scene_stress,0,27,0,0,28,756,756,0,0.0002,0.0043,0.1011
793,brute_force,scene_stress,0,27,0,0,28,756,756,0,0.0002,0.0043,0.1011
794,brute_force,scene_stress,0,27,0,0,28,756,756,0,0.0002,0.0043,0.1011
795,brute_force,scene_stress,0,27,0,0,28,756,756,0,0.0002,0.0043,0.1011
796,brute_force,scene_stress,0,27,0,0,28,756,756,0,0.0002,0.0043,0.1011
797,brute_force,scene_stress,0,27,0,0,28,756,756,0,0.0002,0.0043,0.1011
798,brute_force,scene_stress,0,27,0,0,28,756,756,0,0.0002,0.0043,0.1011
799,brute_force,scene_stress,0,27,0,0,28,756,756,0,0.0002,0.0043,0.1011
800,brute_force,scene_stress,0,27,0,0,28,756,756,0,0.0002,0.0043,0.1011
801,brute_force,scene_stress,0,27,0,0,28,756,756,0,0.0002,0.0043,0.1011
802,brute_force,scene_stress,0,27,0,0,28,756,756,0,0.0002,0.0043,0.1011
803,brute_force,scene_stress,0,27,0,0,28,756,756,0,0.0002,0.0043,0.1011
804,brute_force,scene_stress,0,27,0,0,28,756,756,0,0.0002,0.0043,0.1011
805,brute_force,scene_stress,0,27,0,0,28,756,756,0,0.0002,0.0043,0.1011
806,brute_force,scene_stress,0,27,0,0,28,756,756,0,0.0002,0.0043,0.1011
807,brute_force,scene_stress,0,27,0,0,28,756,756,0,0.0002,0.0043,0.1011
808,brute_force,scene_stress,0,27,0,0,28,756,756,0,0.0002,0.0043,0.1011
809,brute_force,scene_stress,0,27,0,0,28,756,756,0,0.0002,0.0043,0.1011
810,brute_force,scene_stress,0,27,0,0,28,756,756,0,0.0002,0.0043,0.1011
811,brute_force,scene_stress,0,27,0,0,28,756,756,0,0.0002,0.0043,0.1011
812,brute_force,scene_stress,0,27,0,0,28,756,756,0,0.0002,0.0043,0.1011
813,brute_force,scene_stress,0,27,0,0,28,756,756,0,0.0002,0.0043,0.1011
814,brute_force,scene_stress,0,27,0,0,28,756,756,0,0.0002,0.0043,0.1011
815,brute_force,scene_stress,0,27,0,0,28,756,756,0,0.0002,0.0043,0.1011
816,brute_force,scene_stress,0,27,0,0,28,756,756,0,0.0002,0.0043,0.1011
817,brute_force,scene_stress,0,27,0,0,28,756,756,0,0.0002,0.0043,0.1011
818,brute_force,scene_stress,0,27,0,0,28,756,756,0,0.0002,0.0043,0.1011
819,brute_force,scene_stress,0,27,0,0,28,756,756,0,0.0002,0.0043,0.1011
820,brute_force,scene_stress,0,27,0,0,28,756,756,0,0.0002,0.0043,0.1011
821,brute_force,scene_stress,0,27,0,0,28,756,756,0,0.0002,0.0043,0.1011
822,brute_force,scene_stress,0,27,0,0,28,756,756,0,0.0002,0.0043,0.1011
823,brute_force,scene_stress,0,27,0,0,28,756,756,0,0.0002,0.0043,0.1011
824,brute_force,scene_stress,0,27,0,0,28,756,756,0,0.0002,0.0043,0.1011
825,brute_force,scene_stress,0,27,0,0,28,756,756,0,0.0002,0.0043,0.1011
826,brute_force,scene_stress,0,27,0,0,28,756,756,0,0.0002,0.0043,0.1011
827,brute_force,scene_stress,0,27,0,0,28,756,756,0,0.0002,0.0043,0.1011
828,brute_force,scene_stress,0,27,0,0,28,756,756,0,0.0002,0.0043,0.1011
829,brute_force,scene_stress,0,27,0,0,28,756,756,0,0.0002,0.0043,0.1011
830,brute_force,scene_stress,0,27,0,0,28,756,756,0,0.0002,0.0043,0.1011
831,brute_force,scene_stress,0,27,0,0,28,756,756,0,0.0002,0.0043,0.1011
832,brute_force,scene_stress,0,27,0,0,28,756,756,0,0.0002,0.0043,0.1011
833,brute_force,scene_stress,0,27,0,0,28,756,756,0,0.0002,0.0043,0.1011
834,brute_force,scene_stress,0,27,0,0,28,756,756,0,0.0002,0.0043,0.1011
835,brute_force,scene_stress,0,27,0,0,28,756,756,0,0.0002,0.0043,0.1011
836,brute_force,scene_stress,0,27,0,0,28,756,756,0,0.0002,0.0043,0.1011
837,brute_force,scene_stress,0,27,0,0,28,756,756,0,0.0002,0.0043,0.1011
838,brute_force,scene_stress,0,27,0,0,28,756,756,0,0.0002,0.0043,0.1011
839,brute_force,scene_stress,0,27,0,0,28,756,756,0,0.0002,0.0043,0.1011
840,brute_force,scene_stress,0,27,0,0,28,756,756,0,0.0002,0.0043,0.1011
841,brute_force,scene_stress,0,27,0,0,28,756,756,0,0.0002,0.0043,0.1011
842,brute_force,scene_stress,0,27,0,0,28,756,756,0,0.0002,0.0043,0.1011
843,brute_force,scene_stress,0,27,0,0,28,756,756,0,0.0002,0.0043,0.1011
844,brute_force,scene_stress,0,27,0,0,28,756,756,0,0.0002,0.0043,0.1011
845,brute_force,scene_stress,0,27,0,0,28,756,756,0,0.0002,0.0043,0.1011
846,brute_force,scene_stress,0,27,0,0,28,756,756,0,0.0002,0.0043,0.1011
847,brute_force,scene_stress,0,27,0,0,28,756,756,0,0.0002,0.0043,0.1011
848,brute_force,scene_stress,0,27,0,0,28,756,756,0,0.0002,0.0043,0.1011
849,brute_force,scene_stress,0,27,0,0,28,756,756,0,0.0002,0.0043,0.1011
850,brute_force,scene_stress,0,27,0,0,28,756,756,0,0.0002,0.0043,0.1011
851,brute_force,scene_stress,0,27,0,0,28,756,756,0,0.0002,0.0043,0.1011
852,brute_force,scene_stress,0,27,0,0,28,756,756,0,0.0002,0.0043,0.1011
853,brute_force,scene_stress,0,27,0,0,28,756,756,0,0.0002,0.0043,0.1011
854,brute_force,scene_stress,0,27,0,0,28,756,756,0,0.0002,0.0043,0.1011
855,brute_force,scene_stress,0,27,0,0,28,756,756,0,0.0002,0.0043,0.1011
856,brute_force,scene_stress,0,27,0,0,28,756,756,0,0.0002,0.0043,0.1011
857,brute_force,scene_stress,0,27,0,0,28,756,756,0,0.0002,0.0043,0.1011
858,brute_force,scene_stress,0,27,0,0,28,756,756,0,0.0002,0.0043,0.1011
859,brute_force,scene_stress,0,27,0,0,28,756,756,0,0.0002,0.0043,0.1011
860,brute_force,scene_stress,0,27,0,0,28,756,756,0,0.0002,0.0043,0.1011
861,brute_force,scene_stress,0,27,0,0,28,756,756,0,0.0002,0.0043,0.1011
862,brute_force,scene_stress,0,27,0,0,28,756,756,0,0.0002,0.0043,0.1011
863,brute_force,scene_stress,0,27,0,0,28,756,756,0,0.0002,0.0043,0.1011
864,brute_force,scene_stress,0,27,0,0,28,756,756,0,0.0002,0.0043,0.1011
865,brute_force,scene_stress,0,27,0,0,28,756,756,0,0.0002,0.0043,0.1011
866,brute_force,scene_stress,0,27,0,0,28,756,756,0,0.0002,0.0043,0.1011
867,brute_force,scene_stress,0,27,0,0,28,756,756,0,0.0002,0.0043,0.1011
868,brute_force,scene_stress,0,27,0,0,28,756,756,0,0.0002,0.0043,0.1011
869,brute_force,scene_stress,0,27,0,0,28,756,756,0,0.0002,0.0043,0.1011
870,brute_force,scene_stress,0,27,0,0,28,756,756,0,0.0002,0.0043,0.1011
871,brute_force,scene_stress,0,27,0,0,28,756,756,0,0.0002,0.0043,0.1011
872,brute_force,scene_stress,0,27,0,0,28,756,756,0,0.0002,0.0043,0.1011
873,brute_force,scene_stress,0,27,0,0,28,756,756,0,0.0002,0.0043,0.1011
874,brute_force,scene_stress,0,27,0,0,28,756,756,0,0.0002,0.0043,0.1011
875,brute_force,scene_stress,0,27,0,0,28,756,756,0,0.0002,0.0043,0.1011
876,brute_force,scene_stress,0,27,0,0,28,756,756,0,0.0002,0.0043,0.1011
877,brute_force,scene_stress,0,27,0,0,28,756,756,0,0.0002,0.0043,0.1011
878,brute_force,scene_stress,0,27,0,0,28,756,756,0,0.0002,0.0043,0.1011
879,brute_force,scene_stress,0,27,0,0,28,756,756,0,0.0002,0.0043,0.1011
880,brute_force,scene_stress,0,27,0,0,28,756,756,0,0.0002,0.0043,0.1011
881,brute_force,scene_stress,0,27,0,0,28,756,756,0,0.0002,0.0043,0.1011
882,brute_force,scene_stress,0,27,0,0,28,756,756,0,0.0002,0.0043,0.1011
883,brute_force,scene_stress,0,27,0,0,28,756,756,0,0.0002,0.0043,0.1011
884,brute_force,scene_stress,0,27,0,0,28,756,756,0,0.0002,0.0043,0.1011
885,brute_force,scene_stress,0,27,0,0,28,756,756,0,0.0002,0.0043,0.1011
886,brute_force,scene_stress,0,27,0,0,28,756,756,0,0.0002,0.0043,0.1011
887,brute_force,scene_stress,0,27,0,0,28,756,756,0,0.0002,0.0043,0.1011
888,brute_force,scene_stress,0,27,0,0,28,756,756,0,0.0002,0.0043,0.1011
889,brute_force,scene_stress,0,27,0,0,28,756,756,0,0.0002,0.0043,0.1011
890,brute_force,scene_stress,0,27,0,0,28,756,756,0,0.0002,0.0043,0.1011
891,brute_force,scene_stress,0,27,0,0,28,756,756,0,0.0002,0.0043,0.1011
892,brute_force,scene_stress,0,27,0,0,28,756,756,0,0.0002,0.0043,0.1011
893,brute_force,scene_stress,0,27,0,0,28,756,756,0,0.0002,0.0043,0.1011
894,brute_force,scene_stress,0,27,0,0,28,756,756,0,0.0002,0.0043,0.1011
895,brute_force,scene_stress,0,27,0,0,28,756,756,0,0.0002,0.0043,0.1011
896,brute_force,scene_stress,0,27,0,0,28,756,756,0,0.0002,0.0043,0.1011
897,brute_force,scene_stress,0,27,0,0,28,756,756,0,0.0002,0.0043,0.1011
898,brute_force,scene_stress,0,27,0,0,28,756,756,0,0.0002,0.0043,0.1011
899,brute_force,scene_stress,0,27,0,0,28,756,756,0,0.0002,0.0043,0.1011
900,brute_force,scene_stress,0,27,0,0,28,756,756,0,0.0002,0.0043,0.1011
901,brute_force,scene_stress,0,27,0,0,28,756,756,0,0.0002,0.0043,0.1011
902,brute_force,scene_stress,0,27,0,0,28,756,756,0,0.0002,0.0043,0.1011
903,brute_force,scene_stress,0,27,0,0,28,756,756,0,0.0002,0.0043,0.1011
904,brute_force,scene_stress,0,27,0,0,28,756,756,0,0.0002,0.0043,0.1011
905,brute_force,scene_stress,0,27,0,0,28,756,756,0,0.0002,0.0043,0.1011
906,brute_force,scene_stress,0,27,0,0,28,756,756,0,0.0002,0.0043,0.1011
907,brute_force,scene_stress,0,27,0,0,28,756,756,0,0.0002,0.0043,0.1011
908,brute_force,scene_stress,0,27,0,0,28,756,756,0,0.0002,0.0043,0.1011
909,brute_force,scene_stress,0,27,0,0,28,756,756,0,0.0002,0.0043,0.1011
910,brute_force,scene_stress,0,27,0,0,28,756,756,0,0.0002,0.0043,0.1011
911,brute_force,scene_stress,0,27,0,0,28,756,756,0,0.0002,0.0043,0.1011
912,brute_force,scene_stress,0,27,0,0,28,756,756,0,0.0002,0.0043,0.1011
913,brute_force,scene_stress,0,27,0,0,28,756,756,0,0.0002,0.0043,0.1011
914,brute_force,scene_stress,0,27,0,0,28,756,756,0,0.0002,0.0043,0.1011
915,brute_force,scene_stress,0,27,0,0,28,756,756,0,0.0002,0.0043,0.1011
916,brute_force,scene_stress,0,27,0,0,28,756,756,0,0.0002,0.0043,0.1011
917,brute_force,scene_stress,0,27,0,0,28,756,756,0,0.0002,0.0043,0.1011
918,brute_force,scene_stress,0,27,0,0,28,756,756,0,0.0002,0.0043,0.1011
919,brute_force,scene_stress,0,27,0,0,28,756,756,0,0.0002,0.0043,0.1011
920,brute_force,scene_stress,0,27,0,0,28,756,756,0,0.0002,0.0043,0.1011
921,brute_force,scene_stress,0,27,0,0,28,756,756,0,0.0002,0.0043,0.1011
922,brute_force,scene_stress,0,27,0,0,28,756,756,0,0.0002,0.0043,0.1011
923,brute_force,scene_stress,0,27,0,0,28,756,756,0,0.0002,0.0043,0.1011
924,brute_force,scene_stress,0,27,0,0,28,756,756,0,0.0002,0.0043,0.1011
925,brute_force,scene_stress,0,27,0,0,28,756,756,0,0.0002,0.0043,0.1011
926,brute_force,scene_stress,0,27,0,0,28,756,756,0,0.0002,0.0043,0.1011
927,brute_force,scene_stress,0,27,0,0,28,756,756,0,0.0002,0.0043,0.1011
928,brute_force,scene_stress,0,27,0,0,28,756,756,0,0.0002,0.0043,0.1011
929,brute_force,scene_stress,0,27,0,0,28,756,756,0,0.0002,0.0043,0.1011
930,brute_force,scene_stress,0,27,0,0,28,756,756,0,0.0002,0.0043,0.1011
931,brute_force,scene_stress,0,27,0,0,28,756,756,0,0.0002,0.0043,0.1011
932,brute_force,scene_stress,0,27,0,0,28,756,756,0,0.0002,0.0043,0.1011
933,brute_force,scene_stress,0,27,0,0,28,756,756,0,0.0002,0.0043,0.1011
934,brute_force,scene_stress,0,27,0,0,28,756,756,0,0.0002,0.0043,0.1011
935,brute_force,scene_stress,0,27,0,0,28,756,756,0,0.0002,0.0043,0.1011
936,brute_force,scene_stress,0,27,0,0,28,756,756,0,0.0002,0.0043,0.1011
937,brute_force,scene_stress,0,27,0,0,28,756,756,0,0.0002,0.0043,0.1011
938,brute_force,scene_stress,0,27,0,0,28,756,756,0,0.0002,0.0043,0.1011
939,brute_force,scene_stress,0,27,0,0,28,756,756,0,0.0002,0.0043,0.1011
940,brute_force,scene_stress,0,27,0,0,28,756,756,0,0.0002,0.0043,0.1011
941,brute_force,scene_stress,0,27,0,0,28,756,756,0,0.0002,0.0043,0.1011
942,brute_force,scene_stress,0,27,0,0,28,756,756,0,0.0002,0.0043,0.1011
943,brute_force,scene_stress,0,27,0,0,28,756,756,0,0.0002,0.0043,0.1011
944,brute_force,scene_stress,0,27,0,0,28,756,756,0,0.0002,0.0043,0.1011
945,brute_force,scene_stress,0,27,0,0,28,756,756,0,0.0002,0.0043,0.1011
946,brute_force,scene_stress,0,27,0,0,28,756,756,0,0.0002,0.0043,0.1011
947,brute_force,scene_stress,0,27,0,0,28,756,756,0,0.0002,0.0043,0.1011
948,brute_force,scene_stress,0,27,0,0,28,756,756,0,0.0002,0.0043,0.1011
949,brute_force,scene_stress,0,27,0,0,28,756,756,0,0.0002,0.0043,0.1011
950,brute_force,scene_stress,0,27,0,0,28,756,756,0,0.0002,0.0043,0.1011
951,brute_force,scene_stress,0,27,0,0,28,756,756,0,0.0002,0.0043,0.1011
952,brute_force,scene_stress,0,27,0,0,28,756,756,0,0.0002,0.0043,0.1011
953,brute_force,scene_stress,0,27,0,0,28,756,756,0,0.0002,0.0043,0.1011
954,brute_force,scene_stress,0,27,0,0,28,756,756,0,0.0002,0.0043,0.1011
955,brute_force,scene_stress,0,27,0,0,28,756,756,0,0.0002,0.0043,0.1011
956,brute_force,scene_stress,0,27,0,0,28,756,756,0,0.0002,0.0043,0.1011
957,brute_force,scene_stress,0,27,0,0,28,756,756,0,0.0002,0.0043,0.1011
958,brute_force,scene_stress,0,27,0,0,28,756,756,0,0.0002,0.0043,0.1011
959,brute_force,scene_stress,0,27,0,0,28,756,756,0,0.0002,0.0043,0.1011
960,brute_force,scene_stress,0,27,0,0,28,756,756,0,0.0002,0.0043,0.1011
961,brute_force,scene_stress,0,27,0,0,28,756,756,0,0.0002,0.0043,0.1011
962,brute_force,scene_stress,0,27,0,0,28,756,756,0,0.0002,0.0043,0.1011
963,brute_force,scene_stress,0,27,0,0,28,756,756,0,0.0002,0.0043,0.1011
964,brute_force,scene_stress,0,27,0,0,28,756,756,0,0.0002,0.0043,0.1011
965,brute_force,scene_stress,0,27,0,0,28,756,756,0,0.0002,0.0043,0.1011
966,brute_force,scene_stress,0,27,0,0,28,756,756,0,0.0002,0.0043,0.1011
967,brute_force,scene_stress,0,27,0,0,28,756,756,0,0.0002,0.0043,0.1011
968,brute_force,scene_stress,0,27,0,0,28,756,756,0,0.0002,0.0043,0.1011
969,brute_force,scene_stress,0,27,0,0,28,756,756,0,0.0002,0.0043,0.1011
970,brute_force,scene_stress,0,27,0,0,28,756,756,0,0.0002,0.0043,0.1011
971,brute_force,scene_stress,0,27,0,0,28,756,756,0,0.0002,0.0043,0.1011
972,brute_force,scene_stress,0,27,0,0,28,756,756,0,0.0002,0.0043,0.1011
973,brute_force,scene_stress,0,27,0,0,28,756,756,0,0.0002,0.0043,0.1011
974,brute_force,scene_stress,0,27,0,0,28,756,756,0,0.0002,0.0043,0.1011
975,brute_force,scene_stress,0,27,0,0,28,756,756,0,0.0002,0.0043,0.1011
976,brute_force,scene_stress,0,27,0,0,28,756,756,0,0.0002,0.0043,0.1011
977,brute_force,scene_stress,0,27,0,0,28,756,756,0,0.0002,0.0043,0.1011
978,brute_force,scene_stress,0,27,0,0,28,756,756,0,0.0002,0.0043,0.1011
979,brute_force,scene_stress,0,27,0,0,28,756,756,0,0.0002,0.0043,0.1011
980,brute_force,scene_stress,0,27,0,0,28,756,756,0,0.0002,0.0043,0.1011
981,brute_force,scene_stress,0,27,0,0,28,756,756,0,0.0002,0.0043,0.1011
982,brute_force,scene_stress,0,27,0,0,28,756,756,0,0.0002,0.0043,0.1011
983,brute_force,scene_stress,0,27,0,0,28,756,756,0,0.0002,0.0043,0.1011
984,brute_force,scene_stress,0,27,0,0,28,756,756,0,0.0002,0.0043,0.1011
985,brute_force,scene_stress,0,27,0,0,28,756,756,0,0.0002,0.0043,0.1011
986,brute_force,scene_stress,0,27,0,0,28,756,756,0,0.0002,0.0043,0.1011
987,brute_force,scene_stress,0,27,0,0,28,756,756,0,0.0002,0.0043,0.1011
988,brute_force,scene_stress,0,27,0,0,28,756,756,0,0.0002,0.0043,0.1011
989,brute_force,scene_stress,0,27,0,0,28,756,756,0,0.0002,0.0043,0.1011
990,brute_force,scene_stress,0,27,0,0,28,756,756,0,0.0002,0.0043,0.1011
991,brute_force,scene_stress,0,27,0,0,28,756,756,0,0.0002,0.0043,0.1011
992,brute_force,scene_stress,0,27,0,0,28,756,756,0,0.0002,0.0043,0.1011
993,brute_force,scene_stress,0,27,0,0,28,756,756,0,0.0002,0.0043,0.1011
994,brute_force,scene_stress,0,27,0,0,28,756,756,0,0.0002,0.0043,0.1011
995,brute_force,scene_stress,0,27,0,0,28,756,756,0,0.0002,0.0043,0.1011
996,brute_force,scene_stress,0,27,0,0,28,756,756,0,0.0002,0.0043,0.1011
997,brute_force,scene_stress,0,27,0,0,28,756,756,0,0.0002,0.0043,0.1011
998,brute_force,scene_stress,0,27,0,0,28,756,756,0,0.0002,0.0043,0.1011
999,brute_force,scene_stress,0,27,0,0,28,756,756,0,0.0002,0.0043,0.1011
1000,brute_force,scene_stress,0,27,0,0,28,756,756,0,0.0002,0.0043,0.1011
1001,brute_force,scene_stress,0,27,0,0,28,756,756,0,0.0002,0.0043,0.1011
1002,brute_force,scene_stress,0,27,0,0,28,756,756,0,0.0002,0.0043,0.1011
1003,brute_force,scene_stress,0,27,0,0,28,756,756,0,0.0002,0.0043,0.1011
1004,brute_force,scene_stress,0,27,0,0,28,756,756,0,0.0002,0.0043,0.1011
1005,brute_force,scene_stress,0,27,0,0,28,756,756,0,0.0002,0.0043,0.1011
1006,brute_force,scene_stress,0,27,0,0,28,756,756,0,0.0002,0.0043,0.1011
1007,brute_force,scene_stress,0,27,0,0,28,756,756,0,0.0002,0.0043,0.1011
1008,brute_force,scene_stress,0,27,0,0,28,756,756,0,0.0002,0.0043,0.1011
1009,brute_force,scene_stress,0,27,0,0,28,756,756,0,0.0002,0.0043,0.1011
1010,brute_force,scene_stress,0,27,0,0,28,756,756,0,0.0002,0.0043,0.1011
1011,brute_force,scene_stress,0,27,0,0,28,756,756,0,0.0002,0.0043,0.1011
1012,brute_force,scene_stress,0,27,0,0,28,756,756,0,0.0002,0.0043,0.1011
1013,brute_force,scene_stress,0,27,0,0,28,756,756,0,0.0002,0.0043,0.1011
1014,brute_force,scene_stress,0,27,0,0,28,756,756,0,0.0002,0.0043,0.1011
1015,brute_force,scene_stress,0,27,0,0,28,756,756,0,0.0002,0.0043,0.1011
1016,brute_force,scene_stress,0,27,0,0,28,756,756,0,0.0002,0.0043,0.1011
1017,brute_force,scene_stress,0,27,0,0,28,756,756,0,0.0002,0.0043,0.1011
1018,brute_force,scene_stress,0,27,0,0,28,756,756,0,0.0002,0.0043,0.1011
1019,brute_force,scene_stress,0,27,0,0,28,756,756,0,0.0002,0.0043,0.1011
1020,brute_force,scene_stress,0,27,0,0,28,756,756,0,0.0002,0.0043,0.1011
1021,brute_force,scene_stress,0,27,0,0,28,756,756,0,0.0002,0.0043,0.1011
1022,brute_force,scene_stress,0,27,0,0,28,756,756,0,0.0002,0.0043,0.1011
1023,brute_force,scene_stress,0,27,0,0,28,756,756,0,0.0002,0.0043,0.1011
1024,brute_force,scene_stress,0,27,0,0,28,756,756,0,0.0002,0.0043,0.1011
1025,brute_force,scene_stress,0,27,0,0,28,756,756,0,0.0002,0.0043,0.1011
1026,brute_force,scene_stress,0,27,0,0,28,756,756,0,0.0002,0.0043,0.1011
1027,brute_force,scene_stress,0,27,0,0,28,756,756,0,0.0002,0.0043,0.1011
1028,brute_force,scene_stress,0,27,0,0,28,756,756,0,0.0002,0.0043,0.1011
1029,brute_force,scene_stress,0,27,0,0,28,756,756,0,0.0002,0.0043,0.1011
1030,brute_force,scene_stress,0,27,0,0,28,756,756,0,0.0002,0.0043,0.1011
1031,brute_force,scene_stress,0,27,0,0,28,756,756,0,0.0002,0.0043,0.1011
1032,brute_force,scene_stress,0,27,0,0,28,756,756,0,0.0002,0.0043,0.1011
1033,brute_force,scene_stress,0,27,0,0,28,756,756,0,0.0002,0.0043,0.1011
1034,brute_force,scene_stress,0,27,0,0,28,756,756,0,0.0002,0.0043,0.1011
1035,brute_force,scene_stress,0,27,0,0,28,756,756,0,0.0002,0.0043,0.1011
1036,brute_force,scene_stress,0,27,0,0,28,756,756,0,0.0002,0.0043,0.1011
1037,brute_force,scene_stress,0,27,0,0,28,756,756,0,0.0002,0.0043,0.1011
1038,brute_force,scene_stress,0,27,0,0,28,756,756,0,0.0002,0.0043,0.1011
1039,brute_force,scene_stress,0,27,0,0,28,756,756,0,0.0002,0.0043,0.1011
1040,brute_force,scene_stress,0,27,0,0,28,756,756,0,0.0002,0.0043,0.1011
1041,brute_force,scene_stress,0,27,0,0,28,756,756,0,0.0002,0.0043,0.1011
1042,brute_force,scene_stress,0,27,0,0,28,756,756,0,0.0002,0.0043,0.1011
1043,brute_force,scene_stress,0,27,0,0,28,756,756,0,0.0002,0.0043,0.1011
1044,brute_force,scene_stress,0,27,0,0,28,756,756,0,0.0002,0.0043,0.1011
1045,brute_force,scene_stress,0,27,0,0,28,756,756,0,0.0002,0.0043,0.1011
1046,brute_force,scene_stress,0,27,0,0,28,756,756,0,0.0002,0.0043,0.1011
1047,brute_force,scene_stress,0,27,0,0,28,756,756,0,0.0002,0.0043,0.1011
1048,brute_force,scene_stress,0,27,0,0,28,756,756,0,0.0002,0.0043,0.1011
1049,brute_force,scene_stress,0,27,0,0,28,756,756,0,0.0002,0.0043,0.1011
1050,brute_force,scene_stress,0,27,0,0,28,756,756,0,0.0002,0.0043,0.1011
1051,brute_force,scene_stress,0,27,0,0,28,756,756,0,0.0002,0.0043,0.1011
1052,brute_force,scene_stress,0,27,0,0,28,756,756,0,0.0002,0.0043,0.1011
1053,brute_force,scene_stress,0,27,0,0,28,756,756,0,0.0002,0.0043,0.1011
1054,brute_force,scene_stress,0,27,0,0,28,756,756,0,0.0002,0.0043,0.1011
1055,brute_force,scene_stress,0,27,0,0,28,756,756,0,0.0002,0.0043,0.1011
1056,brute_force,scene_stress,0,27,0,0,28,756,756,0,0.0002,0.0043,0.1011
1057,brute_force,scene_stress,0,27,0,0,28,756,756,0,0.0002,0.0043,0.1011
1058,brute_force,scene_stress,0,27,0,0,28,756,756,0,0.0002,0.0043,0.1011
1059,brute_force,scene_stress,0,27,0,0,28,756,756,0,0.0002,0.0043,0.1011
1060,brute_force,scene_stress,0,27,0,0,28,756,756,0,0.0002,0.0043,0.1011
1061,brute_force,scene_stress,0,27,0,0,28,756,756,0,0.0002,0.0043,0.1011
1062,brute_force,scene_stress,0,27,0,0,28,756,756,0,0.0002,0.0043,0.1011
1063,brute_force,scene_stress,0,27,0,0,28,756,756,0,0.0002,0.0043,0.1011
1064,brute_force,scene_stress,0,27,0,0,28,756,756,0,0.0002,0.0043,0.1011
1065,brute_force,scene_stress,0,27,0,0,28,756,756,0,0.0002,0.0043,0.1011
1066,brute_force,scene_stress,0,27,0,0,28,756,756,0,0.0002,0.0043,0.1011
1067,brute_force,scene_stress,0,27,0,0,28,756,756,0,0.0002,0.0043,0.1011
1068,brute_force,scene_stress,0,27,0,0,28,756,756,0,0.0002,0.0043,0.1011
1069,brute_force,scene_stress,0,27,0,0,28,756,756,0,0.0002,0.0043,0.1011
1070,brute_force,scene_stress,0,27,0,0,28,756,756,0,0.0002,0.0043,0.1011
1071,brute_force,scene_stress,0,27,0,0,28,756,756,0,0.0002,0.0043,0.1011
1072,brute_force,scene_stress,0,27,0,0,28,756,756,0,0.0002,0.0043,0.1011
1073,brute_force,scene_stress,0,27,0,0,28,756,756,0,0.0002,0.0043,0.1011
1074,brute_force,scene_stress,0,27,0,0,28,756,756,0,0.0002,0.0043,0.1011
1075,brute_force,scene_stress,0,27,0,0,28,756,756,0,0.0002,0.0043,0.1011
1076,brute_force,scene_stress,0,27,0,0,28,756,756,0,0.0002,0.0043,0.1011
1077,brute_force,scene_stress,0,27,0,0,28,756,756,0,0.0002,0.0043,0.1011
1078,brute_force,scene_stress,0,27,0,0,28,756,756,0,0.0002,0.0043,0.1011
1079,brute_force,scene_stress,0,27,0,0,28,756,756,0,0.0002,0.0043,0.1011
1080,brute_force,scene_stress,0,27,0,0,28,756,756,0,0.0002,0.0043,0.1011
1081,brute_force,scene_stress,0,27,0,0,28,756,756,0,0.0002,0.0043,0.1011
1082,brute_force,scene_stress,0,27,0,0,28,756,756,0,0.0002,0.0043,0.1011
1083,brute_force,scene_stress,0,27,0,0,28,756,756,0,0.0002,0.0043,0.1011
1084,brute_force,scene_stress,0,27,0,0,28,756,756,0,0.0002,0.0043,0.1011
1085,brute_force,scene_stress,0,27,0,0,28,756,756,0,0.0002,0.0043,0.1011
1086,brute_force,scene_stress,0,27,0,0,28,756,756,0,0.0002,0.0043,0.1011
1087,brute_force,scene_stress,0,27,0,0,28,756,756,0,0.0002,0.0043,0.1011
1088,brute_force,scene_stress,0,27,0,0,28,756,756,0,0.0002,0.0043,0.1011
1089,brute_force,scene_stress,0,27,0,0,28,756,756,0,0.0002,0.0043,0.1011
1090,brute_force,scene_stress,0,27,0,0,28,756,756,0,0.0002,0.0043,0.1011
1091,brute_force,scene_stress,0,27,0,0,28,756,756,0,0.0002,0.0043,0.1011
1092,brute_force,scene_stress,0,27,0,0,28,756,756,0,0.0002,0.0043,0.1011
1093,brute_force,scene_stress,0,27,0,0,28,756,756,0,0.0002,0.0043,0.1011
1094,brute_force,scene_stress,0,27,0,0,28,756,756,0,0.0002,0.0043,0.1011
1095,brute_force,scene_stress,0,27,0,0,28,756,756,0,0.0002,0.0043,0.1011
1096,brute_force,scene_stress,0,27,0,0,28,756,756,0,0.0002,0.0043,0.1011
1097,brute_force,scene_stress,0,27,0,0,28,756,756,0,0.0002,0.0043,0.1011
1098,brute_force,scene_stress,0,27,0,0,28,756,756,0,0.0002,0.0043,0.1011
1099,brute_force,scene_stress,0,27,0,0,28,756,756,0,0.0002,0.0043,0.1011
1100,brute_force,scene_stress,0,27,0,0,28,756,756,0,0.0002,0.0043,0.1011
1101,brute_force,scene_stress,0,27,0,0,28,756,756,0,0.0002,0.0043,0.1011
1102,brute_force,scene_stress,0,27,0,0,28,756,756,0,0.0002,0.0043,0.1011
1103,brute_force,scene_stress,0,27,0,0,28,756,756,0,0.0002,0.0043,0.1011
1104,brute_force,scene_stress,0,27,0,0,28,756,756,0,0.0002,0.0043,0.1011
1105,brute_force,scene_stress,0,27,0,0,28,756,756,0,0.0002,0.0043,0.1011
1106,brute_force,scene_stress,0,27,0,0,28,756,756,0,0.0002,0.0043,0.1011
1107,brute_force,scene_stress,0,27,0,0,28,756,756,0,0.0002,0.0043,0.1011
1108,brute_force,scene_stress,0,27,0,0,28,756,756,0,0.0002,0.0043,0.1011
1109,brute_force,scene_stress,0,27,0,0,28,756,756,0,0.0002,0.0043,0.1011
1110,brute_force,scene_stress,0,27,0,0,28,756,756,0,0.0002,0.0043,0.1011
1111,brute_force,scene_stress,0,27,0,0,28,756,756,0,0.0002,0.0043,0.1011
1112,brute_force,scene_stress,0,27,0,0,28,756,756,0,0.0002,0.0043,0.1011
1113,brute_force,scene_stress,0,27,0,0,28,756,756,0,0.0002,0.0043,0.1011
1114,brute_force,scene_stress,0,27,0,0,28,756,756,0,0.0002,0.0043,0.1011
1115,brute_force,scene_stress,0,27,0,0,28,756,756,0,0.0002,0.0043,0.1011
1116,brute_force,scene_stress,0,27,0,0,28,756,756,0,0.0002,0.0043,0.1011
1117,brute_force,scene_stress,0,27,0,0,28,756,756,0,0.0002,0.0043,0.1011
1118,brute_force,scene_stress,0,27,0,0,28,756,756,0,0.0002,0.0043,0.1011
1119,brute_force,scene_stress,0,27,0,0,28,756,756,0,0.0002,0.0043,0.1011
1120,brute_force,scene_stress,0,27,0,0,28,756,756,0,0.0002,0.0043,0.1011
1121,brute_force,scene_stress,0,27,0,0,28,756,756,0,0.0002,0.0043,0.1011
1122,brute_force,scene_stress,0,27,0,0,28,756,756,0,0.0002,0.0043,0.1011
1123,brute_force,scene_stress,0,27,0,0,28,756,756,0,0.0002,0.0043,0.1011
1124,brute_force,scene_stress,0,27,0,0,28,756,756,0,0.0002,0.0043,0.1011
1125,brute_force,scene_stress,0,27,0,0,28,756,756,0,0.0002,0.0043,0.1011
1126,brute_force,scene_stress,0,27,0,0,28,756,756,0,0.0002,0.0043,0.1011
1127,brute_force,scene_stress,0,27,0,0,28,756,756,0,0.0002,0.0043,0.1011
1128,brute_force,scene_stress,0,27,0,0,28,756,756,0,0.0002,0.0043,0.1011
1129,brute_force,scene_stress,0,27,0,0,28,756,756,0,0.0002,0.0043,0.1011
1130,brute_force,scene_stress,0,27,0,0,28,756,756,0,0.0002,0.0043,0.1011
1131,brute_force,scene_stress,0,27,0,0,28,756,756,0,0.0002,0.0043,0.1011
1132,brute_force,scene_stress,0,27,0,0,28,756,756,0,0.0002,0.0043,0.1011
1133,brute_force,scene_stress,0,27,0,0,28,756,756,0,0.0002,0.0043,0.1011
1134,brute_force,scene_stress,0,27,0,0,28,756,756,0,0.0002,0.0043,0.1011
1135,brute_force,scene_stress,0,27,0,0,28,756,756,0,0.0002,0.0043,0.1011
1136,brute_force,scene_stress,0,27,0,0,28,756,756,0,0.0002,0.0043,0.1011
1137,brute_force,scene_stress,0,27,0,0,28,756,756,0,0.0002,0.0043,0.1011
1138,brute_force,scene_stress,0,27,0,0,28,756,756,0,0.0002,0.0043,0.1011
1139,brute_force,scene_stress,0,27,0,0,28,756,756,0,0.0002,0.0043,0.1011
1140,brute_force,scene_stress,0,27,0,0,28,756,756,0,0.0002,0.0043,0.1011
1141,brute_force,scene_stress,0,27,0,0,28,756,756,0,0.0002,0.0043,0.1011
1142,brute_force,scene_stress,0,27,0,0,28,756,756,0,0.0002,0.0043,0.1011
1143,brute_force,scene_stress,0,27,0,0,28,756,756,0,0.0002,0.0043,0.1011
1144,brute_force,scene_stress,0,27,0,0,28,756,756,0,0.0002,0.0043,0.1011
1145,brute_force,scene_stress,0,27,0,0,28,756,756,0,0.0002,0.0043,0.1011
1146,brute_force,scene_stress,0,27,0,0,28,756,756,0,0.0002,0.0043,0.1011
1147,brute_force,scene_stress,0,27,0,0,28,756,756,0,0.0002,0.0043,0.1011
1148,brute_force,scene_stress,0,27,0,0,28,756,756,0,0.0002,0.0043,0.1011
1149,brute_force,scene_stress,0,27,0,0,28,756,756,0,0.0002,0.0043,0.1011
1150,brute_force,scene_stress,0,27,0,0,28,756,756,0,0.0002,0.0043,0.1011
1151,brute_force,scene_stress,0,27,0,0,28,756,756,0,0.0002,0.0043,0.1011
1152,brute_force,scene_stress,0,27,0,0,28,756,756,0,0.0002,0.0043,0.1011
1153,brute_force,scene_stress,0,27,0,0,28,756,756,0,0.0002,0.0043,0.1011
1154,brute_force,scene_stress,0,27,0,0,28,756,756,0,0.0002,0.0043,0.1011
1155,brute_force,scene_stress,0,27,0,0,28,756,756,0,0.0002,0.0043,0.1011
1156,brute_force,scene_stress,0,27,0,0,28,756,756,0,0.0002,0.0043,0.1011
1157,brute_force,scene_stress,0,27,0,0,28,756,756,0,0.0002,0.0043,0.1011
1158,brute_force,scene_stress,0,27,0,0,28,756,756,0,0.0002,0.0043,0.1011
1159,brute_force,scene_stress,0,27,0,0,28,756,756,0,0.0002,0.0043,0.1011
1160,brute_force,scene_stress,0,27,0,0,28,756,756,0,0.0002,0.0043,0.1011
1161,brute_force,scene_stress,0,27,0,0,28,756,756,0,0.0002,0.0043,0.1011
1162,brute_force,scene_stress,0,27,0,0,28,756,756,0,0.0002,0.0043,0.1011
1163,brute_force,scene_stress,0,27,0,0,28,756,756,0,0.0002,0.0043,0.1011
1164,brute_force,scene_stress,0,27,0,0,28,756,756,0,0.0002,0.0043,0.1011
1165,brute_force,scene_stress,0,27,0,0,28,756,756,0,0.0002,0.0043,0.1011
1166,brute_force,scene_stress,0,27,0,0,28,756,756,0,0.0002,0.0043,0.1011
1167,brute_force,scene_stress,0,27,0,0,28,756,756,0,0.0002,0.0043,0.1011
1168,brute_force,scene_stress,0,27,0,0,28,756,756,0,0.0002,0.0043,0.1011
1169,brute_force,scene_stress,0,27,0,0,28,756,756,0,0.0002,0.0043,0.1011
1170,brute_force,scene_stress,0,27,0,0,28,756,756,0,0.0002,0.0043,0.1011
1171,brute_force,scene_stress,0,27,0,0,28,756,756,0,0.0002,0.0043,0.1011
1172,brute_force,scene_stress,0,27,0,0,28,756,756,0,0.0002,0.0043,0.1011
1173,brute_force,scene_stress,0,27,0,0,28,756,756,0,0.0002,0.0043,0.1011
1174,brute_force,scene_stress,0,27,0,0,28,756,756,0,0.0002,0.0043,0.1011
1175,brute_force,scene_stress,0,27,0,0,28,756,756,0,0.0002,0.0043,0.1011
1176,brute_force,scene_stress,0,27,0,0,28,756,756,0,0.0002,0.0043,0.1011
1177,brute_force,scene_stress,0,27,0,0,28,756,756,0,0.0002,0.0043,0.1011
1178,brute_force,scene_stress,0,27,0,0,28,756,756,0,0.0002,0.0043,0.1011
1179,brute_force,scene_stress,0,27,0,0,28,756,756,0,0.0002,0.0043,0.1011
1180,brute_force,scene_stress,0,27,0,0,28,756,756,0,0.0002,0.0043,0.1011
1181,brute_force,scene_stress,0,27,0,0,28,756,756,0,0.0002,0.0043,0.1011
1182,brute_force,scene_stress,0,27,0,0,28,756,756,0,0.0002,0.0043,0.1011
1183,brute_force,scene_stress,0,27,0,0,28,756,756,0,0.0002,0.0043,0.1011
1184,brute_force,scene_stress,0,27,0,0,28,756,756,0,0.0002,0.0043,0.1011
1185,brute_force,scene_stress,0,27,0,0,28,756,756,0,0.0002,0.0043,0.1011
1186,brute_force,scene_stress,0,27,0,0,28,756,756,0,0.0002,0.0043,0.1011
1187,brute_force,scene_stress,0,27,0,0,28,756,756,0,0.0002,0.0043,0.1011
1188,brute_force,scene_stress,0,27,0,0,28,756,756,0,0.0002,0.0043,0.1011
1189,brute_force,scene_stress,0,27,0,0,28,756,756,0,0.0002,0.0043,0.1011
1190,brute_force,scene_stress,0,27,0,0,28,756,756,0,0.0002,0.0043,0.1011
1191,brute_force,scene_stress,0,27,0,0,28,756,756,0,0.0002,0.0043,0.1011
1192,brute_force,scene_stress,0,27,0,0,28,756,756,0,0.0002,0.0043,0.1011
1193,brute_force,scene_stress,0,27,0,0,28,756,756,0,0.0002,0.0043,0.1011
1194,brute_force,scene_stress,0,27,0,0,28,756,756,0,0.0002,0.0043,0.1011
1195,brute_force,scene_stress,0,27,0,0,28,756,756,0,0.0002,0.0043,0.1011
1196,brute_force,scene_stress,0,27,0,0,28,756,756,0,0.0002,0.0043,0.1011
1197,brute_force,scene_stress,0,27,0,0,28,756,756,0,0.0002,0.0043,0.1011
1198,brute_force,scene_stress,0,27,0,0,28,756,756,0,0.0002,0.0043,0.1011
1199,brute_force,scene_stress,0,27,0,0,28,756,756,0,0.0002,0.0043,0.1011
1200,brute_force,scene_stress,0,27,0,0,28,756,756,0,0.0002,0.0043,0.1011
1,spatial_grid,scene_stress,0,50,0,0,0,0,0,0,0,0,0
2,spatial_grid,scene_stress,0,50,0,0,0,0,0,0,0,0,0
3,spatial_grid,scene_stress,0,50,0,0,0,0,0,0,0,0,0
4,spatial_grid,scene_stress,0,50,0,0,0,0,0,0,0,0,0
5,spatial_grid,scene_stress,0,50,0,0,0,0,0,0,0,0,0
6,spatial_grid,scene_stress,0,50,0,0,0,0,0,0,0,0,0
7,spatial_grid,scene_stress,0,50,0,0,0,0,0,0,0,0,0
8,spatial_grid,scene_stress,0,50,0,0,0,0,0,0,0,0,0
9,spatial_grid,scene_stress,0,50,0,0,0,0,0,0,0,0,0
10,spatial_grid,scene_stress,0,50,0,0,0,0,0,0,0,0,0
11,spatial_grid,scene_stress,0,50,0,0,0,0,0,0,0,0,0
12,spatial_grid,scene_stress,0,50,0,0,0,0,0,0,0,0,0
13,spatial_grid,scene_stress,0,50,0,0,0,0,0,0,0,0,0
14,spatial_grid,scene_stress,0,50,0,0,0,0,0,0,0,0,0
15,spatial_grid,scene_stress,0,50,0,0,0,0,0,0,0,0,0
16,spatial_grid,scene_stress,0,50,0,0,0,0,0,0,0,0,0
17,spatial_grid,scene_stress,0,50,0,0,0,0,0,0,0,0,0
18,spatial_grid,scene_stress,0,50,0,0,0,0,0,0,0,0,0
19,spatial_grid,scene_stress,0,50,0,0,0,0,0,0,0,0,0
20,spatial_grid,scene_stress,0,50,0,0,0,0,0,0,0,0,0
21,spatial_grid,scene_stress,0,50,0,0,0,0,0,0,0,0,0
22,spatial_grid,scene_stress,0,50,0,0,0,0,0,0,0,0,0
23,spatial_grid,scene_stress,0,50,0,0,0,0,0,0,0,0,0
24,spatial_grid,scene_stress,0,50,0,0,0,0,0,0,0,0,0
25,spatial_grid,scene_stress,0,50,0,0,0,0,0,0,0,0,0
26,spatial_grid,scene_stress,0,50,0,0,0,0,0,0,0,0,0
27,spatial_grid,scene_stress,0,50,0,0,0,0,0,0,0,0,0
28,spatial_grid,scene_stress,0,50,0,0,0,0,0,0,0,0,0
29,spatial_grid,scene_stress,0,50,0,0,0,0,0,0,0,0,0
30,spatial_grid,scene_stress,0,50,0,0,0,0,0,0,0,0,0
31,spatial_grid,scene_stress,0,50,0,0,0,0,0,0,0,0,0
32,spatial_grid,scene_stress,0,50,0,0,0,0,0,0,0,0,0
33,spatial_grid,scene_stress,0,50,0,0,0,0,0,0,0,0,0
34,spatial_grid,scene_stress,0,50,0,0,0,0,0,0,0,0,0
35,spatial_grid,scene_stress,0,50,0,0,0,0,0,0,0,0,0
36,spatial_grid,scene_stress,0,50,0,0,0,0,0,0,0,0,0
37,spatial_grid,scene_stress,0,50,0,0,0,0,0,0,0,0,0
38,spatial_grid,scene_stress,0,50,0,0,0,0,0,0,0,0,0
39,spatial_grid,scene_stress,0,50,0,0,0,0,0,0,0,0,0
40,spatial_grid,scene_stress,0,50,0,0,0,0,0,0,0,0,0
41,spatial_grid,scene_stress,0,50,0,0,0,0,0,0,0,0,0
42,spatial_grid,scene_stress,0,50,0,0,0,0,0,0,0,0,0
43,spatial_grid,scene_stress,0,50,0,0,0,0,0,0,0,0,0
44,spatial_grid,scene_stress,0,50,0,0,0,0,0,0,0,0,0
45,spatial_grid,scene_stress,0,50,0,0,0,0,0,0,0,0,0
46,spatial_grid,scene_stress,0,50,0,0,0,0,0,0,0,0,0
47,spatial_grid,scene_stress,0,50,0,0,0,0,0,0,0,0,0
48,spatial_grid,scene_stress,0,50,0,0,0,0,0,0,0,0,0
49,spatial_grid,scene_stress,0,50,0,0,0,0,0,0,0,0,0
50,spatial_grid,scene_stress,0,50,0,0,0,0,0,0,0,0,0
51,spatial_grid,scene_stress,0,50,0,0,0,0,0,0,0,0,0
52,spatial_grid,scene_stress,0,50,0,0,0,0,0,0,0,0,0
53,spatial_grid,scene_stress,0,50,0,0,0,0,0,0,0,0,0
54,spatial_grid,scene_stress,0,50,0,0,0,0,0,0,0,0,0
55,spatial_grid,scene_stress,0,50,0,0,0,0,0,0,0,0,0
56,spatial_grid,scene_stress,0,50,0,0,0,0,0,0,0,0,0
57,spatial_grid,scene_stress,0,50,0,0,0,0,0,0,0,0,0
58,spatial_grid,scene_stress,0,50,0,0,0,0,0,0,0,0,0
59,spatial_grid,scene_stress,0,50,0,0,0,0,0,0,0,0,0
60,spatial_grid,scene_stress,0,50,0,0,0,0,0,0,0,0,0
61,spatial_grid,scene_stress,0,50,0,0,0,0,0,0,0,0,0
62,spatial_grid,scene_stress,0,50,0,0,0,0,0,0,0,0,0
63,spatial_grid,scene_stress,0,50,0,0,0,0,0,0,0,0,0
64,spatial_grid,scene_stress,0,50,0,0,0,0,0,0,0,0,0
65,spatial_grid,scene_stress,0,50,0,0,0,0,0,0,0,0,0
66,spatial_grid,scene_stress,0,50,0,0,0,0,0,0,0,0,0
67,spatial_grid,scene_stress,0,50,0,0,0,0,0,0,0,0,0
68,spatial_grid,scene_stress,0,50,0,0,0,0,0,0,0,0,0
69,spatial_grid,scene_stress,0,50,0,0,0,0,0,0,0,0,0
70,spatial_grid,scene_stress,0,50,0,0,0,0,0,0,0,0,0
71,spatial_grid,scene_stress,0,50,0,0,0,0,0,0,0,0,0
72,spatial_grid,scene_stress,0,50,0,0,0,0,0,0,0,0,0
73,spatial_grid,scene_stress,0,50,0,0,0,0,0,0,0,0,0
74,spatial_grid,scene_stress,0,50,0,0,0,0,0,0,0,0,0
75,spatial_grid,scene_stress,0,50,0,0,0,0,0,0,0,0,0
76,spatial_grid,scene_stress,0,50,0,0,0,0,0,0,0,0,0
77,spatial_grid,scene_stress,0,50,0,0,0,0,0,0,0,0,0
78,spatial_grid,scene_stress,0,50,0,0,0,0,0,0,0,0,0
79,spatial_grid,scene_stress,0,50,0,0,0,0,0,0,0,0,0
80,spatial_grid,scene_stress,0,50,0,0,0,0,0,0,0,0,0
81,spatial_grid,scene_stress,0,50,0,0,0,0,0,0,0,0,0
82,spatial_grid,scene_stress,0,50,0,0,0,0,0,0,0,0,0
83,spatial_grid,scene_stress,0,50,0,0,0,0,0,0,0,0,0
84,spatial_grid,scene_stress,0,50,0,0,0,0,0,0,0,0,0
85,spatial_grid,scene_stress,0,50,0,0,0,0,0,0,0,0,0
86,spatial_grid,scene_stress,0,50,0,0,0,0,0,0,0,0,0
87,spatial_grid,scene_stress,0,50,0,0,0,0,0,0,0,0,0
88,spatial_grid,scene_stress,0,50,0,0,0,0,0,0,0,0,0
89,spatial_grid,scene_stress,0,50,0,0,0,0,0,0,0,0,0
90,spatial_grid,scene_stress,0,50,0,0,0,0,0,0,0,0,0
91,spatial_grid,scene_stress,0,50,0,0,0,0,0,0,0,0,0
92,spatial_grid,scene_stress,0,50,0,0,0,0,0,0,0,0,0
93,spatial_grid,scene_stress,0,50,0,0,0,0,0,0,0,0,0
94,spatial_grid,scene_stress,0,50,0,0,0,0,0,0,0,0,0
95,spatial_grid,scene_stress,0,50,0,0,0,0,0,0,0,0,0
96,spatial_grid,scene_stress,0,50,0,0,0,0,0,0,0,0,0
97,spatial_grid,scene_stress,0,50,0,0,0,0,0,0,0,0,0
98,spatial_grid,scene_stress,0,50,0,0,0,0,0,0,0,0,0
99,spatial_grid,scene_stress,0,50,0,0,0,0,0,0,0,0,0
100,spatial_grid,scene_stress,0,50,0,0,0,0,0,0,0,0,0
101,spatial_grid,scene_stress,0,50,0,0,0,0,0,0,0,0,0
102,spatial_grid,scene_stress,0,50,0,0,0,0,0,0,0,0,0
103,spatial_grid,scene_stress,0,50,0,0,0,0,0,0,0,0,0
104,spatial_grid,scene_stress,0,50,0,0,0,0,0,0,0,0,0
105,spatial_grid,scene_stress,0,50,0,0,0,0,0,0,0,0,0
106,spatial_grid,scene_stress,0,50,0,0,0,0,0,0,0,0,0
107,spatial_grid,scene_stress,0,50,0,0,0,0,0,0,0,0,0
108,spatial_grid,scene_stress,0,50,0,0,0,0,0,0,0,0,0
109,spatial_grid,scene_stress,0,50,0,0,0,0,0,0,0,0,0
110,spatial_grid,scene_stress,0,50,0,0,0,0,0,0,0,0,0
111,spatial_grid,scene_stress,0,50,0,0,0,0,0,0,0,0,0
112,spatial_grid,scene_stress,0,50,0,0,0,0,0,0,0,0,0
113,spatial_grid,scene_stress,0,50,0,0,0,0,0,0,0,0,0
114,spatial_grid,scene_stress,0,50,0,0,0,0,0,0,0,0,0
115,spatial_grid,scene_stress,0,50,0,0,0,0,0,0,0,0,0
116,spatial_grid,scene_stress,0,50,0,0,0,0,0,0,0,0,0
117,spatial_grid,scene_stress,0,50,0,0,0,0,0,0,0,0,0
118,spatial_grid,scene_stress,0,50,0,0,0,0,0,0,0,0,0
119,spatial_grid,scene_stress,0,50,0,0,0,0,0,0,0,0,0
120,spatial_grid,scene_stress,0,50,0,0,0,0,0,0,0,0,0
121,spatial_grid,scene_stress,0,50,0,0,0,0,0,0,0,0,0
122,spatial_grid,scene_stress,0,50,0,0,0,0,0,0,0,0,0
123,spatial_grid,scene_stress,0,50,0,0,0,0,0,0,0,0,0
124,spatial_grid,scene_stress,0,50,0,0,0,0,0,0,0,0,0
125,spatial_grid,scene_stress,0,50,0,0,0,0,0,0,0,0,0
126,spatial_grid,scene_stress,0,50,0,0,0,0,0,0,0,0,0
127,spatial_grid,scene_stress,0,50,0,0,0,0,0,0,0,0,0
128,spatial_grid,scene_stress,0,50,0,0,0,0,0,0,0,0,0
129,spatial_grid,scene_stress,0,50,0,0,0,0,0,0,0,0,0
130,spatial_grid,scene_stress,0,50,0,0,0,0,0,0,0,0,0
131,spatial_grid,scene_stress,0,50,0,0,0,0,0,0,0,0,0
132,spatial_grid,scene_stress,0,50,0,0,0,0,0,0,0,0,0
133,spatial_grid,scene_stress,0,50,0,0,0,0,0,0,0,0,0
134,spatial_grid,scene_stress,0,50,0,0,0,0,0,0,0,0,0
135,spatial_grid,scene_stress,0,50,0,0,0,0,0,0,0,0,0
136,spatial_grid,scene_stress,0,50,0,0,0,0,0,0,0,0,0
137,spatial_grid,scene_stress,0,50,0,0,0,0,0,0,0,0,0
138,spatial_grid,scene_stress,0,50,0,0,0,0,0,0,0,0,0
139,spatial_grid,scene_stress,0,50,0,0,0,0,0,0,0,0,0
140,spatial_grid,scene_stress,0,50,0,0,0,0,0,0,0,0,0
141,spatial_grid,scene_stress,0,50,0,0,0,0,0,0,0,0,0
142,spatial_grid,scene_stress,0,50,0,0,0,0,0,0,0,0,0
143,spatial_grid,scene_stress,0,50,0,0,0,0,0,0,0,0,0
144,spatial_grid,scene_stress,0,50,0,0,0,0,0,0,0,0,0
145,spatial_grid,scene_stress,0,50,0,0,0,0,0,0,0,0,0
146,spatial_grid,scene_stress,0,50,0,0,0,0,0,0,0,0,0
147,spatial_grid,scene_stress,0,50,0,0,0,0,0,0,0,0,0
148,spatial_grid,scene_stress,0,50,0,0,0,0,0,0,0,0,0
149,spatial_grid,scene_stress,0,50,0,0,0,0,0,0,0,0,0
150,spatial_grid,scene_stress,0,50,0,0,0,0,0,0,0,0,0
151,spatial_grid,scene_stress,0,50,0,0,0,0,0,0,0,0,0
152,spatial_grid,scene_stress,0,50,0,0,0,0,0,0,0,0,0
153,spatial_grid,scene_stress,0,50,0,0,0,0,0,0,0,0,0
154,spatial_grid,scene_stress,0,50,0,0,0,0,0,0,0,0,0
155,spatial_grid,scene_stress,0,50,0,0,0,0,0,0,0,0,0
156,spatial_grid,scene_stress,0,50,0,0,0,0,0,0,0,0,0
157,spatial_grid,scene_stress,0,50,0,0,0,0,0,0,0,0,0
158,spatial_grid,scene_stress,0,50,0,0,0,0,0,0,0,0,0
159,spatial_grid,scene_stress,0,50,0,0,0,0,0,0,0,0,0
160,spatial_grid,scene_stress,0,50,0,0,0,0,0,0,0,0,0
161,spatial_grid,scene_stress,0,50,0,0,0,0,0,0,0,0,0
162,spatial_grid,scene_stress,0,50,0,0,0,0,0,0,0,0,0
163,spatial_grid,scene_stress,0,50,0,0,0,0,0,0,0,0,0
164,spatial_grid,scene_stress,0,50,0,0,0,0,0,0,0,0,0
165,spatial_grid,scene_stress,0,50,0,0,0,0,0,0,0,0,0
166,spatial_grid,scene_stress,0,50,0,0,0,0,0,0,0,0,0
167,spatial_grid,scene_stress,0,50,0,0,0,0,0,0,0,0,0
168,spatial_grid,scene_stress,0,50,0,0,0,0,0,0,0,0,0
169,spatial_grid,scene_stress,0,50,0,0,0,0,0,0,0,0,0
170,spatial_grid,scene_stress,0,50,0,0,0,0,0,0,0,0,0
171,spatial_grid,scene_stress,0,50,0,0,0,0,0,0,0,0,0
172,spatial_grid,scene_stress,0,50,0,0,0,0,0,0,0,0,0
173,spatial_grid,scene_stress,0,50,0,0,0,0,0,0,0,0,0
174,spatial_grid,scene_stress,0,50,0,0,0,0,0,0,0,0,0
175,spatial_grid,scene_stress,0,50,0,0,0,0,0,0,0,0,0
176,spatial_grid,scene_stress,0,50,0,0,0,0,0,0,0,0,0
177,spatial_grid,scene_stress,0,50,0,0,0,0,0,0,0,0,0
178,spatial_grid,scene_stress,0,50,0,0,0,0,0,0,0,0,0
179,spatial_grid,scene_stress,0,50,0,0,0,0,0,0,0,0,0
180,spatial_grid,scene_stress,0,50,0,0,0,0,0,0,0,0,0
181,spatial_grid,scene_stress,0,50,0,0,0,0,0,0,0,0,0
182,spatial_grid,scene_stress,0,50,0,0,0,0,0,0,0,0,0
183,spatial_grid,scene_stress,0,50,0,0,0,0,0,0,0,0,0
184,spatial_grid,scene_stress,0,50,0,0,0,0,0,0,0,0,0
185,spatial_grid,scene_stress,0,50,0,0,0,0,0,0,0,0,0
186,spatial_grid,scene_stress,0,50,0,0,0,0,0,0,0,0,0
187,spatial_grid,scene_stress,0,50,0,0,0,0,0,0,0,0,0
188,spatial_grid,scene_stress,0,50,0,0,0,0,0,0,0,0,0
189,spatial_grid,scene_stress,0,50,0,0,0,0,0,0,0,0,0
190,spatial_grid,scene_stress,0,50,0,0,0,0,0,0,0,0,0
191,spatial_grid,scene_stress,0,50,0,0,0,0,0,0,0,0,0
192,spatial_grid,scene_stress,0,50,0,0,0,0,0,0,0,0,0
193,spatial_grid,scene_stress,0,50,0,0,0,0,0,0,0,0,0
194,spatial_grid,scene_stress,0,50,0,0,0,0,0,0,0,0,0
195,spatial_grid,scene_stress,0,50,0,0,0,0,0,0,0,0,0
196,spatial_grid,scene_stress,0,50,0,0,0,0,0,0,0,0,0
197,spatial_grid,scene_stress,0,50,0,0,0,0,0,0,0,0,0
198,spatial_grid,scene_stress,0,50,0,0,0,0,0,0,0,0,0
199,spatial_grid,scene_stress,0,50,0,0,0,0,0,0,0,0,0
200,spatial_grid,scene_stress,0,50,0,0,0,0,0,0,0,0,0
201,spatial_grid,scene_stress,0,50,0,0,0,0,0,0,0,0,0
202,spatial_grid,scene_stress,0,50,0,0,0,0,0,0,0,0,0
203,spatial_grid,scene_stress,0,50,0,0,0,0,0,0,0,0,0
204,spatial_grid,scene_stress,0,50,0,0,0,0,0,0,0,0,0
205,spatial_grid,scene_stress,0,50,0,0,0,0,0,0,0,0,0
206,spatial_grid,scene_stress,0,50,0,0,0,0,0,0,0,0,0
207,spatial_grid,scene_stress,0,50,0,0,0,0,0,0,0,0,0
208,spatial_grid,scene_stress,0,50,0,0,0,0,0,0,0,0,0
209,spatial_grid,scene_stress,0,50,0,0,0,0,0,0,0,0,0
210,spatial_grid,scene_stress,0,50,0,0,0,0,0,0,0,0,0
211,spatial_grid,scene_stress,0,50,0,0,0,0,0,0,0,0,0
212,spatial_grid,scene_stress,0,50,0,0,0,0,0,0,0,0,0
213,spatial_grid,scene_stress,0,50,0,0,0,0,0,0,0,0,0
214,spatial_grid,scene_stress,0,50,0,0,0,0,0,0,0,0,0
215,spatial_grid,scene_stress,0,50,0,0,0,0,0,0,0,0,0
216,spatial_grid,scene_stress,0,50,0,0,0,0,0,0,0,0,0
217,spatial_grid,scene_stress,0,50,0,0,0,0,0,0,0,0,0
218,spatial_grid,scene_stress,0,50,0,0,0,0,0,0,0,0,0
219,spatial_grid,scene_stress,0,50,0,0,0,0,0,0,0,0,0
220,spatial_grid,scene_stress,0,50,0,0,0,0,0,0,0,0,0
221,spatial_grid,scene_stress,0,50,0,0,0,0,0,0,0,0,0
222,spatial_grid,scene_stress,0,50,0,0,0,0,0,0,0,0,0
223,spatial_grid,scene_stress,0,50,0,0,0,0,0,0,0,0,0
224,spatial_grid,scene_stress,0,50,0,0,0,0,0,0,0,0,0
225,spatial_grid,scene_stress,0,50,0,0,0,0,0,0,0,0,0
226,spatial_grid,scene_stress,0,50,0,0,0,0,0,0,0,0,0
227,spatial_grid,scene_stress,0,50,0,0,0,0,0,0,0,0,0
228,spatial_grid,scene_stress,0,50,0,0,0,0,0,0,0,0,0
229,spatial_grid,scene_stress,0,50,0,0,0,0,0,0,0,0,0
230,spatial_grid,scene_stress,0,50,0,0,0,0,0,0,0,0,0
231,spatial_grid,scene_stress,0,50,0,0,0,0,0,0,0,0,0
232,spatial_grid,scene_stress,0,50,0,0,0,0,0,0,0,0,0
233,spatial_grid,scene_stress,0,50,0,0,0,0,0,0,0,0,0
234,spatial_grid,scene_stress,0,50,0,0,0,0,0,0,0,0,0
235,spatial_grid,scene_stress,0,50,0,0,0,0,0,0,0,0,0
236,spatial_grid,scene_stress,0,50,0,0,0,0,0,0,0,0,0
237,spatial_grid,scene_stress,0,50,0,0,0,0,0,0,0,0,0
238,spatial_grid,scene_stress,0,50,0,0,0,0,0,0,0,0,0
239,spatial_grid,scene_stress,0,50,0,0,0,0,0,0,0,0,0
240,spatial_grid,scene_stress,0,50,0,0,0,0,0,0,0,0,0
241,spatial_grid,scene_stress,0,50,0,0,0,0,0,0,0,0,0
242,spatial_grid,scene_stress,0,50,0,0,0,0,0,0,0,0,0
243,spatial_grid,scene_stress,0,50,0,0,0,0,0,0,0,0,0
244,spatial_grid,scene_stress,0,50,0,0,0,0,0,0,0,0,0
245,spatial_grid,scene_stress,0,50,0,0,0,0,0,0,0,0,0
246,spatial_grid,scene_stress,0,50,0,0,0,0,0,0,0,0,0
247,spatial_grid,scene_stress,0,50,0,0,0,0,0,0,0,0,0
248,spatial_grid,scene_stress,0,50,0,0,0,0,0,0,0,0,0
249,spatial_grid,scene_stress,0,50,0,0,0,0,0,0,0,0,0
250,spatial_grid,scene_stress,0,50,0,0,0,0,0,0,0,0,0
251,spatial_grid,scene_stress,0,50,0,0,0,0,0,0,0,0,0
252,spatial_grid,scene_stress,0,50,0,0,0,0,0,0,0,0,0
253,spatial_grid,scene_stress,0,50,0,0,0,0,0,0,0,0,0
254,spatial_grid,scene_stress,0,50,0,0,0,0,0,0,0,0,0
255,spatial_grid,scene_stress,0,50,0,0,0,0,0,0,0,0,0
256,spatial_grid,scene_stress,0,50,0,0,0,0,0,0,0,0,0
257,spatial_grid,scene_stress,0,50,0,0,0,0,0,0,0,0,0
258,spatial_grid,scene_stress,0,50,0,0,0,0,0,0,0,0,0
259,spatial_grid,scene_stress,0,50,0,0,0,0,0,0,0,0,0
260,spatial_grid,scene_stress,0,50,0,0,0,0,0,0,0,0,0
261,spatial_grid,scene_stress,0,50,0,0,0,0,0,0,0,0,0
262,spatial_grid,scene_stress,0,50,0,0,0,0,0,0,0,0,0
263,spatial_grid,scene_stress,0,50,0,0,0,0,0,0,0,0,0
264,spatial_grid,scene_stress,0,50,0,0,0,0,0,0,0,0,0
265,spatial_grid,scene_stress,0,50,0,0,0,0,0,0,0,0,0
266,spatial_grid,scene_stress,0,50,0,0,0,0,0,0,0,0,0
267,spatial_grid,scene_stress,0,50,0,0,0,0,0,0,0,0,0
268,spatial_grid,scene_stress,0,50,0,0,0,0,0,0,0,0,0
269,spatial_grid,scene_stress,0,50,0,0,0,0,0,0,0,0,0
270,spatial_grid,scene_stress,0,50,0,0,0,0,0,0,0,0,0
271,spatial_grid,scene_stress,0,50,0,0,0,0,0,0,0,0,0
272,spatial_grid,scene_stress,0,50,0,0,0,0,0,0,0,0,0
273,spatial_grid,scene_stress,0,50,0,0,0,0,0,0,0,0,0
274,spatial_grid,scene_stress,0,50,0,0,0,0,0,0,0,0,0
275,spatial_grid,scene_stress,0,50,0,0,0,0,0,0,0,0,0
276,spatial_grid,scene_stress,0,50,0,0,0,0,0,0,0,0,0
277,spatial_grid,scene_stress,0,50,0,0,0,0,0,0,0,0,0
278,spatial_grid,scene_stress,0,50,0,0,0,0,0,0,0,0,0
279,spatial_grid,scene_stress,0,50,0,0,0,0,0,0,0,0,0
280,spatial_grid,scene_stress,0,50,0,0,0,0,0,0,0,0,0
281,spatial_grid,scene_stress,0,50,0,0,0,0,0,0,0,0,0
282,spatial_grid,scene_stress,0,50,0,0,0,0,0,0,0,0,0
283,spatial_grid,scene_stress,0,50,0,0,0,0,0,0,0,0,0
284,spatial_grid,scene_stress,0,50,0,0,0,0,0,0,0,0,0
285,spatial_grid,scene_stress,0,50,0,0,0,0,0,0,0,0,0
286,spatial_grid,scene_stress,0,50,0,0,0,0,0,0,0,0,0
287,spatial_grid,scene_stress,0,50,0,0,0,0,0,0,0,0,0
288,spatial_grid,scene_stress,0,50,0,0,0,0,0,0,0,0,0
289,spatial_grid,scene_stress,0,50,0,0,0,0,0,0,0,0,0
290,spatial_grid,scene_stress,0,52,0,0,53,290,2756,89.4775,0.0215,0.0024,0.0658
291,spatial_grid,scene_stress,0,52,0,0,53,288,2756,89.5501,0.0208,0.0009,0.0647
292,spatial_grid,scene_stress,0,52,0,0,53,289,2756,89.5138,0.0335,0.001,0.0608
293,spatial_grid,scene_stress,0,52,0,0,53,289,2756,89.5138,0.0394,0.001,0.0601
294,spatial_grid,scene_stress,0,52,0,0,53,289,2756,89.5138,0.0318,0.0009,0.0597
295,spatial_grid,scene_stress,0,52,0,0,53,291,2756,89.4412,0.0404,0.0096,0.0639
296,spatial_grid,scene_stress,0,52,0,0,53,289,2756,89.5138,0.03,0.0018,0.0908
297,spatial_grid,scene_stress,0,52,0,0,53,289,2756,89.5138,0.0412,0.0012,0.0685
298,spatial_grid,scene_stress,0,52,0,0,53,292,2756,89.4049,0.021,0.001,0.0737
299,spatial_grid,scene_stress,0,52,0,0,53,293,2756,89.3687,0.0214,0.0012,0.0615
300,spatial_grid,scene_stress,0,52,0,0,53,293,2756,89.3687,0.0263,0.0059,0.0631
301,spatial_grid,scene_stress,0,52,0,0,53,289,2756,89.5138,0.0207,0.001,0.0658
302,spatial_grid,scene_stress,0,52,0,0,53,289,2756,89.5138,0.0195,0.001,0.0595
303,spatial_grid,scene_stress,0,52,0,0,53,291,2756,89.4412,0.0209,0.0009,0.0621
304,spatial_grid,scene_stress,0,52,0,0,53,293,2756,89.3687,0.0261,0.0011,0.0621
305,spatial_grid,scene_stress,0,52,0,0,53,293,2756,89.3687,0.021,0.0014,0.0727
306,spatial_grid,scene_stress,0,52,0,0,53,289,2756,89.5138,0.0208,0.001,0.0595
307,spatial_grid,scene_stress,0,52,0,0,53,291,2756,89.4412,0.0196,0.0009,0.061
308,spatial_grid,scene_stress,0,52,0,0,53,290,2756,89.4775,0.0189,0.0009,0.0712
309,spatial_grid,scene_stress,0,52,0,0,53,290,2756,89.4775,0.0188,0.001,0.0607
310,spatial_grid,scene_stress,0,52,0,0,53,289,2756,89.5138,0.0287,0.001,0.061
311,spatial_grid,scene_stress,0,52,0,0,53,287,2756,89.5864,0.0252,0.0009,0.0625
312,spatial_grid,scene_stress,0,52,0,0,53,287,2756,89.5864,0.0194,0.0009,0.0577
313,spatial_grid,scene_stress,0,52,0,0,53,285,2756,89.6589,0.0182,0.0011,0.0634
314,spatial_grid,scene_stress,0,52,0,0,53,285,2756,89.6589,0.0203,0.001,0.062
315,spatial_grid,scene_stress,0,52,0,0,53,289,2756,89.5138,0.02,0.0008,0.0629
316,spatial_grid,scene_stress,0,52,0,0,53,290,2756,89.4775,0.0192,0.0009,0.0617
317,spatial_grid,scene_stress,0,52,0,0,53,290,2756,89.4775,0.0286,0.001,0.0566
318,spatial_grid,scene_stress,0,52,0,0,53,292,2756,89.4049,0.0175,0.0013,0.0597
319,spatial_grid,scene_stress,0,52,0,0,53,293,2756,89.3687,0.0179,0.0009,0.0675
320,spatial_grid,scene_stress,0,52,0,0,53,293,2756,89.3687,0.0193,0.001,0.0622
321,spatial_grid,scene_stress,0,52,0,0,53,296,2756,89.2598,0.0202,0.0052,0.0616
322,spatial_grid,scene_stress,0,52,0,0,53,296,2756,89.2598,0.0279,0.0009,0.0571
323,spatial_grid,scene_stress,0,52,0,0,53,298,2756,89.1872,0.0217,0.001,0.0633
324,spatial_grid,scene_stress,0,52,0,0,53,297,2756,89.2235,0.0299,0.001,0.0631
325,spatial_grid,scene_stress,0,52,0,0,53,298,2756,89.1872,0.02,0.0011,0.0619
326,spatial_grid,scene_stress,0,52,0,0,53,300,2756,89.1147,0.02,0.001,0.0637
327,spatial_grid,scene_stress,0,52,0,0,53,300,2756,89.1147,0.0205,0.001,0.063
328,spatial_grid,scene_stress,0,52,0,0,53,305,2756,88.9332,0.0207,0.001,0.0654
329,spatial_grid,scene_stress,0,52,0,0,53,308,2756,88.8244,0.0311,0.0021,0.1011
330,spatial_grid,scene_stress,0,52,0,0,53,311,2756,88.7155,0.0213,0.001,0.0651
331,spatial_grid,scene_stress,0,52,0,0,53,307,2756,88.8607,0.0217,0.001,0.0635
332,spatial_grid,scene_stress,0,52,0,0,53,307,2756,88.8607,0.0205,0.001,0.0738
333,spatial_grid,scene_stress,0,52,0,0,53,307,2756,88.8607,0.0199,0.001,0.0653
334,spatial_grid,scene_stress,0,52,0,0,53,311,2756,88.7155,0.0209,0.001,0.0669
335,spatial_grid,scene_stress,0,52,0,0,53,314,2756,88.6067,0.0209,0.0009,0.0657
336,spatial_grid,scene_stress,0,52,0,0,53,316,2756,88.5341,0.0303,0.0009,0.0625
337,spatial_grid,scene_stress,0,52,0,0,53,316,2756,88.5341,0.0284,0.0009,0.0663
338,spatial_grid,scene_stress,0,52,0,0,53,317,2756,88.4978,0.0227,0.0013,0.0685
339,spatial_grid,scene_stress,0,52,0,0,53,320,2756,88.389,0.0234,0.0009,0.0674
340,spatial_grid,scene_stress,0,52,0,0,53,323,2756,88.2801,0.0412,0.001,0.072
341,spatial_grid,scene_stress,0,52,1,0,54,322,2808,88.5328,0.0215,0.0015,0.0641
342,spatial_grid,scene_stress,0,52,1,0,54,322,2808,88.5328,0.0319,0.0013,0.066
343,spatial_grid,scene_stress,0,52,1,0,54,317,2808,88.7108,0.0224,0.0014,0.0628
344,spatial_grid,scene_stress,0,52,1,0,54,317,2808,88.7108,0.0245,0.0016,0.0734
345,spatial_grid,scene_stress,0,52,1,0,54,312,2808,88.8889,0.0229,0.0013,0.0638
346,spatial_grid,scene_stress,0,52,1,0,54,313,2808,88.8533,0.0233,0.0013,0.0633
347,spatial_grid,scene_stress,0,52,1,0,54,315,2808,88.7821,0.0269,0.0014,0.07
348,spatial_grid,scene_stress,0,52,1,0,54,315,2808,88.7821,0.0403,0.0016,0.0643
349,spatial_grid,scene_stress,0,52,1,0,54,311,2808,88.9245,0.0202,0.0101,0.0737
350,spatial_grid,scene_stress,0,52,1,0,54,311,2808,88.9245,0.0192,0.0014,0.0616
351,spatial_grid,scene_stress,0,52,1,0,54,306,2808,89.1026,0.0188,0.0014,0.0624
352,spatial_grid,scene_stress,0,52,1,0,54,307,2808,89.067,0.0187,0.0018,0.068
353,spatial_grid,scene_stress,0,52,1,0,54,306,2808,89.1026,0.0209,0.0013,0.063
354,spatial_grid,scene_stress,0,52,1,0,54,303,2808,89.2094,0.0192,0.0013,0.0614
355,spatial_grid,scene_stress,0,52,1,0,54,301,2808,89.2806,0.0196,0.0016,0.0615
356,spatial_grid,scene_stress,0,52,1,0,54,307,2808,89.067,0.0218,0.0058,0.0623
357,spatial_grid,scene_stress,0,52,1,0,54,309,2808,88.9957,0.0194,0.0022,0.0645
358,spatial_grid,scene_stress,0,52,1,0,54,300,2808,89.3162,0.0189,0.0022,0.0623
359,spatial_grid,scene_stress,0,52,1,0,54,303,2808,89.2094,0.0206,0.0036,0.0738
360,spatial_grid,scene_stress,0,52,1,0,54,303,2808,89.2094,0.0208,0.0059,0.0654
361,spatial_grid,scene_stress,0,52,1,0,54,298,2808,89.3875,0.0209,0.0115,0.0624
362,spatial_grid,scene_stress,0,51,1,0,54,297,2808,89.4231,0.0374,0.2021,0.0617
363,spatial_grid,scene_stress,0,51,0,0,52,278,2652,89.5173,0.0183,0.0009,0.0694
364,spatial_grid,scene_stress,0,51,0,0,52,271,2652,89.7813,0.0301,0.0009,0.0658
365,spatial_grid,scene_stress,0,51,0,0,52,271,2652,89.7813,0.0191,0.0013,0.0645
366,spatial_grid,scene_stress,0,51,0,0,52,268,2652,89.8944,0.0184,0.001,0.0565
367,spatial_grid,scene_stress,0,51,0,0,52,271,2652,89.7813,0.0185,0.0009,0.0547
368,spatial_grid,scene_stress,0,51,0,0,52,274,2652,89.6682,0.0178,0.0011,0.0567
369,spatial_grid,scene_stress,0,51,0,0,52,274,2652,89.6682,0.0196,0.0014,0.0558
370,spatial_grid,scene_stress,0,51,0,0,52,278,2652,89.5173,0.0201,0.0014,0.0564
371,spatial_grid,scene_stress,0,51,0,0,52,281,2652,89.4042,0.0195,0.0009,0.0536
372,spatial_grid,scene_stress,0,51,0,0,52,282,2652,89.3665,0.0307,0.0009,0.0553
373,spatial_grid,scene_stress,0,51,0,0,52,277,2652,89.5551,0.0191,0.0009,0.0556
374,spatial_grid,scene_stress,0,51,0,0,52,277,2652,89.5551,0.0192,0.0009,0.0542
375,spatial_grid,scene_stress,0,51,0,0,52,276,2652,89.5928,0.0195,0.0107,0.056
376,spatial_grid,scene_stress,0,51,0,0,52,275,2652,89.6305,0.0201,0.0009,0.056
377,spatial_grid,scene_stress,0,51,0,0,52,280,2652,89.4419,0.0212,0.001,0.0564
378,spatial_grid,scene_stress,0,51,0,0,52,281,2652,89.4042,0.0218,0.001,0.0571
379,spatial_grid,scene_stress,0,51,0,0,52,286,2652,89.2157,0.0243,0.001,0.06
380,spatial_grid,scene_stress,0,51,0,0,52,286,2652,89.2157,0.0195,0.0009,0.0543
381,spatial_grid,scene_stress,0,51,0,0,52,289,2652,89.1026,0.0192,0.0011,0.0567
382,spatial_grid,scene_stress,0,51,0,0,52,292,2652,88.9894,0.0336,0.0011,0.0566
383,spatial_grid,scene_stress,0,51,0,0,52,292,2652,88.9894,0.02,0.0011,0.0577
384,spatial_grid,scene_stress,0,51,0,0,52,291,2652,89.0271,0.0374,0.0011,0.0643
385,spatial_grid,scene_stress,0,51,0,0,52,289,2652,89.1026,0.0219,0.0012,0.0574
386,spatial_grid,scene_stress,0,51,0,0,52,293,2652,88.9517,0.0223,0.0012,0.0568
387,spatial_grid,scene_stress,0,51,0,0,52,302,2652,88.6124,0.034,0.0016,0.0569
388,spatial_grid,scene_stress,0,51,0,0,52,301,2652,88.6501,0.0219,0.0014,0.0592
389,spatial_grid,scene_stress,0,51,0,0,52,303,2652,88.5747,0.0222,0.0014,0.0569
390,spatial_grid,scene_stress,0,51,0,0,52,307,2652,88.4238,0.0237,0.0014,0.059
391,spatial_grid,scene_stress,0,51,0,0,52,309,2652,88.3484,0.0254,0.002,0.0611
392,spatial_grid,scene_stress,0,51,1,0,53,320,2703,88.1613,0.0217,0.0032,0.06
393,spatial_grid,scene_stress,0,51,1,0,53,320,2703,88.1613,0.024,0.0031,0.0605
394,spatial_grid,scene_stress,0,51,1,0,53,323,2703,88.0503,0.024,0.0031,0.0652
395,spatial_grid,scene_stress,0,51,1,0,53,325,2703,87.9763,0.0226,0.0031,0.0693
396,spatial_grid,scene_stress,0,51,1,0,53,327,2703,87.9023,0.019,0.0031,0.0588
397,spatial_grid,scene_stress,0,51,1,0,53,330,2703,87.7913,0.0317,0.0033,0.0595
398,spatial_grid,scene_stress,0,51,1,0,53,333,2703,87.6804,0.0212,0.0034,0.0613
399,spatial_grid,scene_stress,0,51,1,0,53,336,2703,87.5694,0.0191,0.0115,0.0627
400,spatial_grid,scene_stress,0,50,1,0,53,335,2703,87.6064,0.0189,0.04,0.0637
401,spatial_grid,scene_stress,0,50,0,0,51,325,2550,87.2549,0.0205,0.0017,0.0706
402,spatial_grid,scene_stress,0,50,0,0,51,329,2550,87.098,0.03,0.0017,0.0619
403,spatial_grid,scene_stress,0,52,0,0,53,336,2756,87.8084,0.0331,0.0028,0.1023
404,spatial_grid,scene_stress,0,52,0,0,53,337,2756,87.7721,0.0223,0.0017,0.0693
405,spatial_grid,scene_stress,0,52,0,0,53,343,2756,87.5544,0.0222,0.0024,0.065
406,spatial_grid,scene_stress,0,52,0,0,53,344,2756,87.5181,0.0289,0.0024,0.0652
407,spatial_grid,scene_stress,0,52,0,0,53,356,2756,87.0827,0.0213,0.0022,0.0653
408,spatial_grid,scene_stress,0,52,0,0,53,356,2756,87.0827,0.0213,0.0022,0.0653
409,spatial_grid,scene_stress,0,52,0,0,53,356,2756,87.0827,0.0213,0.0022,0.0653
410,spatial_grid,scene_stress,0,52,0,0,53,356,2756,87.0827,0.0213,0.0022,0.0653
411,spatial_grid,scene_stress,0,52,0,0,53,356,2756,87.0827,0.0213,0.0022,0.0653
412,spatial_grid,scene_stress,0,52,0,0,53,356,2756,87.0827,0.0213,0.0022,0.0653
413,spatial_grid,scene_stress,0,52,0,0,53,356,2756,87.0827,0.0213,0.0022,0.0653
414,spatial_grid,scene_stress,0,52,0,0,53,356,2756,87.0827,0.0213,0.0022,0.0653
415,spatial_grid,scene_stress,0,52,0,0,53,356,2756,87.0827,0.0213,0.0022,0.0653
416,spatial_grid,scene_stress,0,52,0,0,53,356,2756,87.0827,0.0213,0.0022,0.0653
417,spatial_grid,scene_stress,0,52,0,0,53,356,2756,87.0827,0.0213,0.0022,0.0653
418,spatial_grid,scene_stress,0,52,0,0,53,356,2756,87.0827,0.0213,0.0022,0.0653
419,spatial_grid,scene_stress,0,52,0,0,53,356,2756,87.0827,0.0213,0.0022,0.0653
420,spatial_grid,scene_stress,0,52,0,0,53,356,2756,87.0827,0.0213,0.0022,0.0653
421,spatial_grid,scene_stress,0,52,0,0,53,356,2756,87.0827,0.0213,0.0022,0.0653
422,spatial_grid,scene_stress,0,52,0,0,53,356,2756,87.0827,0.0213,0.0022,0.0653
423,spatial_grid,scene_stress,0,52,0,0,53,356,2756,87.0827,0.0213,0.0022,0.0653
424,spatial_grid,scene_stress,0,52,0,0,53,356,2756,87.0827,0.0213,0.0022,0.0653
425,spatial_grid,scene_stress,0,52,0,0,53,356,2756,87.0827,0.0213,0.0022,0.0653
426,spatial_grid,scene_stress,0,52,0,0,53,356,2756,87.0827,0.0213,0.0022,0.0653
427,spatial_grid,scene_stress,0,52,0,0,53,356,2756,87.0827,0.0213,0.0022,0.0653
428,spatial_grid,scene_stress,0,52,0,0,53,356,2756,87.0827,0.0213,0.0022,0.0653
429,spatial_grid,scene_stress,0,52,0,0,53,356,2756,87.0827,0.0213,0.0022,0.0653
430,spatial_grid,scene_stress,0,52,0,0,53,356,2756,87.0827,0.0213,0.0022,0.0653
431,spatial_grid,scene_stress,0,52,0,0,53,356,2756,87.0827,0.0213,0.0022,0.0653
432,spatial_grid,scene_stress,0,52,0,0,53,356,2756,87.0827,0.0213,0.0022,0.0653
433,spatial_grid,scene_stress,0,52,0,0,53,356,2756,87.0827,0.0213,0.0022,0.0653
434,spatial_grid,scene_stress,0,52,0,0,53,356,2756,87.0827,0.0213,0.0022,0.0653
435,spatial_grid,scene_stress,0,52,0,0,53,356,2756,87.0827,0.0213,0.0022,0.0653
436,spatial_grid,scene_stress,0,52,0,0,53,356,2756,87.0827,0.0213,0.0022,0.0653
437,spatial_grid,scene_stress,0,52,0,0,53,356,2756,87.0827,0.0213,0.0022,0.0653
438,spatial_grid,scene_stress,0,52,0,0,53,356,2756,87.0827,0.0213,0.0022,0.0653
439,spatial_grid,scene_stress,0,52,0,0,53,356,2756,87.0827,0.0213,0.0022,0.0653
440,spatial_grid,scene_stress,0,52,0,0,53,356,2756,87.0827,0.0213,0.0022,0.0653
441,spatial_grid,scene_stress,0,52,0,0,53,356,2756,87.0827,0.0213,0.0022,0.0653
442,spatial_grid,scene_stress,0,52,0,0,53,356,2756,87.0827,0.0213,0.0022,0.0653
443,spatial_grid,scene_stress,0,52,0,0,53,356,2756,87.0827,0.0213,0.0022,0.0653
444,spatial_grid,scene_stress,0,52,0,0,53,356,2756,87.0827,0.0213,0.0022,0.0653
445,spatial_grid,scene_stress,0,52,0,0,53,356,2756,87.0827,0.0213,0.0022,0.0653
446,spatial_grid,scene_stress,0,52,0,0,53,356,2756,87.0827,0.0213,0.0022,0.0653
447,spatial_grid,scene_stress,0,52,0,0,53,356,2756,87.0827,0.0213,0.0022,0.0653
448,spatial_grid,scene_stress,0,52,0,0,53,356,2756,87.0827,0.0213,0.0022,0.0653
449,spatial_grid,scene_stress,0,52,0,0,53,356,2756,87.0827,0.0213,0.0022,0.0653
450,spatial_grid,scene_stress,0,52,0,0,53,356,2756,87.0827,0.0213,0.0022,0.0653
451,spatial_grid,scene_stress,0,52,0,0,53,356,2756,87.0827,0.0213,0.0022,0.0653
452,spatial_grid,scene_stress,0,52,0,0,53,356,2756,87.0827,0.0213,0.0022,0.0653
453,spatial_grid,scene_stress,0,52,0,0,53,356,2756,87.0827,0.0213,0.0022,0.0653
454,spatial_grid,scene_stress,0,52,0,0,53,356,2756,87.0827,0.0213,0.0022,0.0653
455,spatial_grid,scene_stress,0,52,0,0,53,356,2756,87.0827,0.0213,0.0022,0.0653
456,spatial_grid,scene_stress,0,52,0,0,53,356,2756,87.0827,0.0213,0.0022,0.0653
457,spatial_grid,scene_stress,0,52,0,0,53,356,2756,87.0827,0.0213,0.0022,0.0653
458,spatial_grid,scene_stress,0,52,0,0,53,356,2756,87.0827,0.0213,0.0022,0.0653
459,spatial_grid,scene_stress,0,52,0,0,53,356,2756,87.0827,0.0213,0.0022,0.0653
460,spatial_grid,scene_stress,0,52,0,0,53,356,2756,87.0827,0.0213,0.0022,0.0653
461,spatial_grid,scene_stress,0,52,0,0,53,356,2756,87.0827,0.0213,0.0022,0.0653
462,spatial_grid,scene_stress,0,52,0,0,53,356,2756,87.0827,0.0213,0.0022,0.0653
463,spatial_grid,scene_stress,0,52,0,0,53,356,2756,87.0827,0.0213,0.0022,0.0653
464,spatial_grid,scene_stress,0,52,0,0,53,356,2756,87.0827,0.0213,0.0022,0.0653
465,spatial_grid,scene_stress,0,52,0,0,53,356,2756,87.0827,0.0213,0.0022,0.0653
466,spatial_grid,scene_stress,0,52,0,0,53,356,2756,87.0827,0.0213,0.0022,0.0653
467,spatial_grid,scene_stress,0,52,0,0,53,356,2756,87.0827,0.0213,0.0022,0.0653
468,spatial_grid,scene_stress,0,52,0,0,53,356,2756,87.0827,0.0213,0.0022,0.0653
469,spatial_grid,scene_stress,0,52,0,0,53,356,2756,87.0827,0.0213,0.0022,0.0653
470,spatial_grid,scene_stress,0,52,0,0,53,356,2756,87.0827,0.0213,0.0022,0.0653
471,spatial_grid,scene_stress,0,52,0,0,53,356,2756,87.0827,0.0213,0.0022,0.0653
472,spatial_grid,scene_stress,0,52,0,0,53,356,2756,87.0827,0.0213,0.0022,0.0653
473,spatial_grid,scene_stress,0,52,0,0,53,356,2756,87.0827,0.0213,0.0022,0.0653
474,spatial_grid,scene_stress,0,52,0,0,53,356,2756,87.0827,0.0213,0.0022,0.0653
475,spatial_grid,scene_stress,0,52,0,0,53,356,2756,87.0827,0.0213,0.0022,0.0653
476,spatial_grid,scene_stress,0,52,0,0,53,356,2756,87.0827,0.0213,0.0022,0.0653
477,spatial_grid,scene_stress,0,52,0,0,53,356,2756,87.0827,0.0213,0.0022,0.0653
478,spatial_grid,scene_stress,0,52,0,0,53,356,2756,87.0827,0.0213,0.0022,0.0653
479,spatial_grid,scene_stress,0,52,0,0,53,356,2756,87.0827,0.0213,0.0022,0.0653
480,spatial_grid,scene_stress,0,52,0,0,53,356,2756,87.0827,0.0213,0.0022,0.0653
481,spatial_grid,scene_stress,0,52,0,0,53,356,2756,87.0827,0.0213,0.0022,0.0653
482,spatial_grid,scene_stress,0,52,0,0,53,356,2756,87.0827,0.0213,0.0022,0.0653
483,spatial_grid,scene_stress,0,52,0,0,53,356,2756,87.0827,0.0213,0.0022,0.0653
484,spatial_grid,scene_stress,0,52,0,0,53,356,2756,87.0827,0.0213,0.0022,0.0653
485,spatial_grid,scene_stress,0,52,0,0,53,356,2756,87.0827,0.0213,0.0022,0.0653
486,spatial_grid,scene_stress,0,52,0,0,53,356,2756,87.0827,0.0213,0.0022,0.0653
487,spatial_grid,scene_stress,0,52,0,0,53,356,2756,87.0827,0.0213,0.0022,0.0653
488,spatial_grid,scene_stress,0,52,0,0,53,356,2756,87.0827,0.0213,0.0022,0.0653
489,spatial_grid,scene_stress,0,52,0,0,53,356,2756,87.0827,0.0213,0.0022,0.0653
490,spatial_grid,scene_stress,0,52,0,0,53,356,2756,87.0827,0.0213,0.0022,0.0653
491,spatial_grid,scene_stress,0,52,0,0,53,356,2756,87.0827,0.0213,0.0022,0.0653
492,spatial_grid,scene_stress,0,52,0,0,53,356,2756,87.0827,0.0213,0.0022,0.0653
493,spatial_grid,scene_stress,0,52,0,0,53,356,2756,87.0827,0.0213,0.0022,0.0653
494,spatial_grid,scene_stress,0,52,0,0,53,356,2756,87.0827,0.0213,0.0022,0.0653
495,spatial_grid,scene_stress,0,52,0,0,53,356,2756,87.0827,0.0213,0.0022,0.0653
496,spatial_grid,scene_stress,0,52,0,0,53,356,2756,87.0827,0.0213,0.0022,0.0653
497,spatial_grid,scene_stress,0,52,0,0,53,356,2756,87.0827,0.0213,0.0022,0.0653
498,spatial_grid,scene_stress,0,52,0,0,53,356,2756,87.0827,0.0213,0.0022,0.0653
499,spatial_grid,scene_stress,0,52,0,0,53,356,2756,87.0827,0.0213,0.0022,0.0653
500,spatial_grid,scene_stress,0,52,0,0,53,356,2756,87.0827,0.0213,0.0022,0.0653
501,spatial_grid,scene_stress,0,52,0,0,53,356,2756,87.0827,0.0213,0.0022,0.0653
502,spatial_grid,scene_stress,0,52,0,0,53,356,2756,87.0827,0.0213,0.0022,0.0653
503,spatial_grid,scene_stress,0,52,0,0,53,356,2756,87.0827,0.0213,0.0022,0.0653
504,spatial_grid,scene_stress,0,52,0,0,53,356,2756,87.0827,0.0213,0.0022,0.0653
505,spatial_grid,scene_stress,0,52,0,0,53,356,2756,87.0827,0.0213,0.0022,0.0653
506,spatial_grid,scene_stress,0,52,0,0,53,356,2756,87.0827,0.0213,0.0022,0.0653
507,spatial_grid,scene_stress,0,52,0,0,53,356,2756,87.0827,0.0213,0.0022,0.0653
508,spatial_grid,scene_stress,0,52,0,0,53,356,2756,87.0827,0.0213,0.0022,0.0653
509,spatial_grid,scene_stress,0,52,0,0,53,356,2756,87.0827,0.0213,0.0022,0.0653
510,spatial_grid,scene_stress,0,52,0,0,53,356,2756,87.0827,0.0213,0.0022,0.0653
511,spatial_grid,scene_stress,0,52,0,0,53,356,2756,87.0827,0.0213,0.0022,0.0653
512,spatial_grid,scene_stress,0,52,0,0,53,356,2756,87.0827,0.0213,0.0022,0.0653
513,spatial_grid,scene_stress,0,52,0,0,53,356,2756,87.0827,0.0213,0.0022,0.0653
514,spatial_grid,scene_stress,0,52,0,0,53,356,2756,87.0827,0.0213,0.0022,0.0653
515,spatial_grid,scene_stress,0,52,0,0,53,356,2756,87.0827,0.0213,0.0022,0.0653
516,spatial_grid,scene_stress,0,52,0,0,53,356,2756,87.0827,0.0213,0.0022,0.0653
517,spatial_grid,scene_stress,0,52,0,0,53,356,2756,87.0827,0.0213,0.0022,0.0653
518,spatial_grid,scene_stress,0,52,0,0,53,356,2756,87.0827,0.0213,0.0022,0.0653
519,spatial_grid,scene_stress,0,52,0,0,53,356,2756,87.0827,0.0213,0.0022,0.0653
520,spatial_grid,scene_stress,0,52,0,0,53,356,2756,87.0827,0.0213,0.0022,0.0653
521,spatial_grid,scene_stress,0,52,0,0,53,356,2756,87.0827,0.0213,0.0022,0.0653
522,spatial_grid,scene_stress,0,52,0,0,53,356,2756,87.0827,0.0213,0.0022,0.0653
523,spatial_grid,scene_stress,0,52,0,0,53,356,2756,87.0827,0.0213,0.0022,0.0653
524,spatial_grid,scene_stress,0,52,0,0,53,356,2756,87.0827,0.0213,0.0022,0.0653
525,spatial_grid,scene_stress,0,52,0,0,53,356,2756,87.0827,0.0213,0.0022,0.0653
526,spatial_grid,scene_stress,0,52,0,0,53,356,2756,87.0827,0.0213,0.0022,0.0653
527,spatial_grid,scene_stress,0,52,0,0,53,356,2756,87.0827,0.0213,0.0022,0.0653
528,spatial_grid,scene_stress,0,52,0,0,53,356,2756,87.0827,0.0213,0.0022,0.0653
529,spatial_grid,scene_stress,0,52,0,0,53,356,2756,87.0827,0.0213,0.0022,0.0653
530,spatial_grid,scene_stress,0,52,0,0,53,356,2756,87.0827,0.0213,0.0022,0.0653
531,spatial_grid,scene_stress,0,52,0,0,53,356,2756,87.0827,0.0213,0.0022,0.0653
532,spatial_grid,scene_stress,0,52,0,0,53,356,2756,87.0827,0.0213,0.0022,0.0653
533,spatial_grid,scene_stress,0,52,0,0,53,356,2756,87.0827,0.0213,0.0022,0.0653
534,spatial_grid,scene_stress,0,52,0,0,53,356,2756,87.0827,0.0213,0.0022,0.0653
535,spatial_grid,scene_stress,0,52,0,0,53,356,2756,87.0827,0.0213,0.0022,0.0653
536,spatial_grid,scene_stress,0,52,0,0,53,356,2756,87.0827,0.0213,0.0022,0.0653
537,spatial_grid,scene_stress,0,52,0,0,53,356,2756,87.0827,0.0213,0.0022,0.0653
538,spatial_grid,scene_stress,0,52,0,0,53,356,2756,87.0827,0.0213,0.0022,0.0653
539,spatial_grid,scene_stress,0,52,0,0,53,356,2756,87.0827,0.0213,0.0022,0.0653
540,spatial_grid,scene_stress,0,52,0,0,53,356,2756,87.0827,0.0213,0.0022,0.0653
541,spatial_grid,scene_stress,0,52,0,0,53,356,2756,87.0827,0.0213,0.0022,0.0653
542,spatial_grid,scene_stress,0,52,0,0,53,356,2756,87.0827,0.0213,0.0022,0.0653
543,spatial_grid,scene_stress,0,52,0,0,53,356,2756,87.0827,0.0213,0.0022,0.0653
544,spatial_grid,scene_stress,0,52,0,0,53,356,2756,87.0827,0.0213,0.0022,0.0653
545,spatial_grid,scene_stress,0,52,0,0,53,356,2756,87.0827,0.0213,0.0022,0.0653
546,spatial_grid,scene_stress,0,52,0,0,53,356,2756,87.0827,0.0213,0.0022,0.0653
547,spatial_grid,scene_stress,0,52,0,0,53,356,2756,87.0827,0.0213,0.0022,0.0653
548,spatial_grid,scene_stress,0,52,0,0,53,356,2756,87.0827,0.0213,0.0022,0.0653
549,spatial_grid,scene_stress,0,52,0,0,53,356,2756,87.0827,0.0213,0.0022,0.0653
550,spatial_grid,scene_stress,0,52,0,0,53,356,2756,87.0827,0.0213,0.0022,0.0653
551,spatial_grid,scene_stress,0,52,0,0,53,356,2756,87.0827,0.0213,0.0022,0.0653
552,spatial_grid,scene_stress,0,52,0,0,53,356,2756,87.0827,0.0213,0.0022,0.0653
553,spatial_grid,scene_stress,0,52,0,0,53,356,2756,87.0827,0.0213,0.0022,0.0653
554,spatial_grid,scene_stress,0,52,0,0,53,356,2756,87.0827,0.0213,0.0022,0.0653
555,spatial_grid,scene_stress,0,52,0,0,53,356,2756,87.0827,0.0213,0.0022,0.0653
556,spatial_grid,scene_stress,0,52,0,0,53,356,2756,87.0827,0.0213,0.0022,0.0653
557,spatial_grid,scene_stress,0,52,0,0,53,356,2756,87.0827,0.0213,0.0022,0.0653
558,spatial_grid,scene_stress,0,52,0,0,53,356,2756,87.0827,0.0213,0.0022,0.0653
559,spatial_grid,scene_stress,0,52,0,0,53,356,2756,87.0827,0.0213,0.0022,0.0653
560,spatial_grid,scene_stress,0,52,0,0,53,356,2756,87.0827,0.0213,0.0022,0.0653
561,spatial_grid,scene_stress,0,52,0,0,53,356,2756,87.0827,0.0213,0.0022,0.0653
562,spatial_grid,scene_stress,0,52,0,0,53,356,2756,87.0827,0.0213,0.0022,0.0653
563,spatial_grid,scene_stress,0,52,0,0,53,356,2756,87.0827,0.0213,0.0022,0.0653
564,spatial_grid,scene_stress,0,52,0,0,53,356,2756,87.0827,0.0213,0.0022,0.0653
565,spatial_grid,scene_stress,0,52,0,0,53,356,2756,87.0827,0.0213,0.0022,0.0653
566,spatial_grid,scene_stress,0,52,0,0,53,356,2756,87.0827,0.0213,0.0022,0.0653
567,spatial_grid,scene_stress,0,52,0,0,53,356,2756,87.0827,0.0213,0.0022,0.0653
568,spatial_grid,scene_stress,0,52,0,0,53,356,2756,87.0827,0.0213,0.0022,0.0653
569,spatial_grid,scene_stress,0,52,0,0,53,356,2756,87.0827,0.0213,0.0022,0.0653
570,spatial_grid,scene_stress,0,52,0,0,53,356,2756,87.0827,0.0213,0.0022,0.0653
571,spatial_grid,scene_stress,0,52,0,0,53,356,2756,87.0827,0.0213,0.0022,0.0653
572,spatial_grid,scene_stress,0,52,0,0,53,356,2756,87.0827,0.0213,0.0022,0.0653
573,spatial_grid,scene_stress,0,52,0,0,53,356,2756,87.0827,0.0213,0.0022,0.0653
574,spatial_grid,scene_stress,0,52,0,0,53,356,2756,87.0827,0.0213,0.0022,0.0653
575,spatial_grid,scene_stress,0,52,0,0,53,356,2756,87.0827,0.0213,0.0022,0.0653
576,spatial_grid,scene_stress,0,52,0,0,53,356,2756,87.0827,0.0213,0.0022,0.0653
577,spatial_grid,scene_stress,0,52,0,0,53,356,2756,87.0827,0.0213,0.0022,0.0653
578,spatial_grid,scene_stress,0,52,0,0,53,356,2756,87.0827,0.0213,0.0022,0.0653
579,spatial_grid,scene_stress,0,52,0,0,53,356,2756,87.0827,0.0213,0.0022,0.0653
580,spatial_grid,scene_stress,0,52,0,0,53,356,2756,87.0827,0.0213,0.0022,0.0653
581,spatial_grid,scene_stress,0,52,0,0,53,356,2756,87.0827,0.0213,0.0022,0.0653
582,spatial_grid,scene_stress,0,52,0,0,53,356,2756,87.0827,0.0213,0.0022,0.0653
583,spatial_grid,scene_stress,0,52,0,0,53,356,2756,87.0827,0.0213,0.0022,0.0653
584,spatial_grid,scene_stress,0,52,0,0,53,356,2756,87.0827,0.0213,0.0022,0.0653
585,spatial_grid,scene_stress,0,52,0,0,53,356,2756,87.0827,0.0213,0.0022,0.0653
586,spatial_grid,scene_stress,0,52,0,0,53,356,2756,87.0827,0.0213,0.0022,0.0653
587,spatial_grid,scene_stress,0,52,0,0,53,356,2756,87.0827,0.0213,0.0022,0.0653
588,spatial_grid,scene_stress,0,52,0,0,53,356,2756,87.0827,0.0213,0.0022,0.0653
589,spatial_grid,scene_stress,0,52,0,0,53,356,2756,87.0827,0.0213,0.0022,0.0653
590,spatial_grid,scene_stress,0,52,0,0,53,356,2756,87.0827,0.0213,0.0022,0.0653
591,spatial_grid,scene_stress,0,52,0,0,53,356,2756,87.0827,0.0213,0.0022,0.0653
592,spatial_grid,scene_stress,0,52,0,0,53,356,2756,87.0827,0.0213,0.0022,0.0653
593,spatial_grid,scene_stress,0,52,0,0,53,356,2756,87.0827,0.0213,0.0022,0.0653
594,spatial_grid,scene_stress,0,52,0,0,53,356,2756,87.0827,0.0213,0.0022,0.0653
595,spatial_grid,scene_stress,0,52,0,0,53,356,2756,87.0827,0.0213,0.0022,0.0653
596,spatial_grid,scene_stress,0,52,0,0,53,356,2756,87.0827,0.0213,0.0022,0.0653
597,spatial_grid,scene_stress,0,52,0,0,53,356,2756,87.0827,0.0213,0.0022,0.0653
598,spatial_grid,scene_stress,0,52,0,0,53,356,2756,87.0827,0.0213,0.0022,0.0653
599,spatial_grid,scene_stress,0,52,0,0,53,356,2756,87.0827,0.0213,0.0022,0.0653
600,spatial_grid,scene_stress,0,52,0,0,53,356,2756,87.0827,0.0213,0.0022,0.0653
601,spatial_grid,scene_stress,0,52,0,0,53,356,2756,87.0827,0.0213,0.0022,0.0653
602,spatial_grid,scene_stress,0,52,0,0,53,356,2756,87.0827,0.0213,0.0022,0.0653
603,spatial_grid,scene_stress,0,52,0,0,53,356,2756,87.0827,0.0213,0.0022,0.0653
604,spatial_grid,scene_stress,0,52,0,0,53,356,2756,87.0827,0.0213,0.0022,0.0653
605,spatial_grid,scene_stress,0,52,0,0,53,356,2756,87.0827,0.0213,0.0022,0.0653
606,spatial_grid,scene_stress,0,52,0,0,53,356,2756,87.0827,0.0213,0.0022,0.0653
607,spatial_grid,scene_stress,0,52,0,0,53,356,2756,87.0827,0.0213,0.0022,0.0653
608,spatial_grid,scene_stress,0,52,0,0,53,356,2756,87.0827,0.0213,0.0022,0.0653
609,spatial_grid,scene_stress,0,52,0,0,53,356,2756,87.0827,0.0213,0.0022,0.0653
610,spatial_grid,scene_stress,0,52,0,0,53,356,2756,87.0827,0.0213,0.0022,0.0653
611,spatial_grid,scene_stress,0,52,0,0,53,356,2756,87.0827,0.0213,0.0022,0.0653
612,spatial_grid,scene_stress,0,52,0,0,53,356,2756,87.0827,0.0213,0.0022,0.0653
613,spatial_grid,scene_stress,0,52,0,0,53,356,2756,87.0827,0.0213,0.0022,0.0653
614,spatial_grid,scene_stress,0,52,0,0,53,356,2756,87.0827,0.0213,0.0022,0.0653
615,spatial_grid,scene_stress,0,52,0,0,53,356,2756,87.0827,0.0213,0.0022,0.0653
616,spatial_grid,scene_stress,0,52,0,0,53,356,2756,87.0827,0.0213,0.0022,0.0653
617,spatial_grid,scene_stress,0,52,0,0,53,356,2756,87.0827,0.0213,0.0022,0.0653
618,spatial_grid,scene_stress,0,52,0,0,53,356,2756,87.0827,0.0213,0.0022,0.0653
619,spatial_grid,scene_stress,0,52,0,0,53,356,2756,87.0827,0.0213,0.0022,0.0653
620,spatial_grid,scene_stress,0,52,0,0,53,356,2756,87.0827,0.0213,0.0022,0.0653
621,spatial_grid,scene_stress,0,52,0,0,53,356,2756,87.0827,0.0213,0.0022,0.0653
622,spatial_grid,scene_stress,0,52,0,0,53,356,2756,87.0827,0.0213,0.0022,0.0653
623,spatial_grid,scene_stress,0,52,0,0,53,356,2756,87.0827,0.0213,0.0022,0.0653
624,spatial_grid,scene_stress,0,52,0,0,53,356,2756,87.0827,0.0213,0.0022,0.0653
625,spatial_grid,scene_stress,0,52,0,0,53,356,2756,87.0827,0.0213,0.0022,0.0653
626,spatial_grid,scene_stress,0,52,0,0,53,356,2756,87.0827,0.0213,0.0022,0.0653
627,spatial_grid,scene_stress,0,52,0,0,53,356,2756,87.0827,0.0213,0.0022,0.0653
628,spatial_grid,scene_stress,0,52,0,0,53,356,2756,87.0827,0.0213,0.0022,0.0653
629,spatial_grid,scene_stress,0,52,0,0,53,356,2756,87.0827,0.0213,0.0022,0.0653
630,spatial_grid,scene_stress,0,52,0,0,53,356,2756,87.0827,0.0213,0.0022,0.0653
631,spatial_grid,scene_stress,0,52,0,0,53,356,2756,87.0827,0.0213,0.0022,0.0653
632,spatial_grid,scene_stress,0,52,0,0,53,356,2756,87.0827,0.0213,0.0022,0.0653
633,spatial_grid,scene_stress,0,52,0,0,53,356,2756,87.0827,0.0213,0.0022,0.0653
634,spatial_grid,scene_stress,0,52,0,0,53,356,2756,87.0827,0.0213,0.0022,0.0653
635,spatial_grid,scene_stress,0,52,0,0,53,356,2756,87.0827,0.0213,0.0022,0.0653
636,spatial_grid,scene_stress,0,52,0,0,53,356,2756,87.0827,0.0213,0.0022,0.0653
637,spatial_grid,scene_stress,0,52,0,0,53,356,2756,87.0827,0.0213,0.0022,0.0653
638,spatial_grid,scene_stress,0,52,0,0,53,356,2756,87.0827,0.0213,0.0022,0.0653
639,spatial_grid,scene_stress,0,52,0,0,53,356,2756,87.0827,0.0213,0.0022,0.0653
640,spatial_grid,scene_stress,0,52,0,0,53,356,2756,87.0827,0.0213,0.0022,0.0653
641,spatial_grid,scene_stress,0,52,0,0,53,356,2756,87.0827,0.0213,0.0022,0.0653
642,spatial_grid,scene_stress,0,52,0,0,53,356,2756,87.0827,0.0213,0.0022,0.0653
643,spatial_grid,scene_stress,0,52,0,0,53,356,2756,87.0827,0.0213,0.0022,0.0653
644,spatial_grid,scene_stress,0,52,0,0,53,356,2756,87.0827,0.0213,0.0022,0.0653
645,spatial_grid,scene_stress,0,52,0,0,53,356,2756,87.0827,0.0213,0.0022,0.0653
646,spatial_grid,scene_stress,0,52,0,0,53,356,2756,87.0827,0.0213,0.0022,0.0653
647,spatial_grid,scene_stress,0,52,0,0,53,356,2756,87.0827,0.0213,0.0022,0.0653
648,spatial_grid,scene_stress,0,52,0,0,53,356,2756,87.0827,0.0213,0.0022,0.0653
649,spatial_grid,scene_stress,0,52,0,0,53,356,2756,87.0827,0.0213,0.0022,0.0653
650,spatial_grid,scene_stress,0,52,0,0,53,356,2756,87.0827,0.0213,0.0022,0.0653
651,spatial_grid,scene_stress,0,52,0,0,53,356,2756,87.0827,0.0213,0.0022,0.0653
652,spatial_grid,scene_stress,0,52,0,0,53,356,2756,87.0827,0.0213,0.0022,0.0653
653,spatial_grid,scene_stress,0,52,0,0,53,356,2756,87.0827,0.0213,0.0022,0.0653
654,spatial_grid,scene_stress,0,52,0,0,53,356,2756,87.0827,0.0213,0.0022,0.0653
655,spatial_grid,scene_stress,0,52,0,0,53,356,2756,87.0827,0.0213,0.0022,0.0653
656,spatial_grid,scene_stress,0,52,0,0,53,356,2756,87.0827,0.0213,0.0022,0.0653
657,spatial_grid,scene_stress,0,52,0,0,53,356,2756,87.0827,0.0213,0.0022,0.0653
658,spatial_grid,scene_stress,0,52,0,0,53,356,2756,87.0827,0.0213,0.0022,0.0653
659,spatial_grid,scene_stress,0,52,0,0,53,356,2756,87.0827,0.0213,0.0022,0.0653
660,spatial_grid,scene_stress,0,52,0,0,53,356,2756,87.0827,0.0213,0.0022,0.0653
661,spatial_grid,scene_stress,0,52,0,0,53,356,2756,87.0827,0.0213,0.0022,0.0653
662,spatial_grid,scene_stress,0,52,0,0,53,356,2756,87.0827,0.0213,0.0022,0.0653
663,spatial_grid,scene_stress,0,52,0,0,53,356,2756,87.0827,0.0213,0.0022,0.0653
664,spatial_grid,scene_stress,0,52,0,0,53,356,2756,87.0827,0.0213,0.0022,0.0653
665,spatial_grid,scene_stress,0,52,0,0,53,356,2756,87.0827,0.0213,0.0022,0.0653
666,spatial_grid,scene_stress,0,52,0,0,53,356,2756,87.0827,0.0213,0.0022,0.0653
667,spatial_grid,scene_stress,0,52,0,0,53,356,2756,87.0827,0.0213,0.0022,0.0653
668,spatial_grid,scene_stress,0,52,0,0,53,356,2756,87.0827,0.0213,0.0022,0.0653
669,spatial_grid,scene_stress,0,52,0,0,53,356,2756,87.0827,0.0213,0.0022,0.0653
670,spatial_grid,scene_stress,0,52,0,0,53,356,2756,87.0827,0.0213,0.0022,0.0653
671,spatial_grid,scene_stress,0,52,0,0,53,356,2756,87.0827,0.0213,0.0022,0.0653
672,spatial_grid,scene_stress,0,52,0,0,53,356,2756,87.0827,0.0213,0.0022,0.0653
673,spatial_grid,scene_stress,0,52,0,0,53,356,2756,87.0827,0.0213,0.0022,0.0653
674,spatial_grid,scene_stress,0,52,0,0,53,356,2756,87.0827,0.0213,0.0022,0.0653
675,spatial_grid,scene_stress,0,52,0,0,53,356,2756,87.0827,0.0213,0.0022,0.0653
676,spatial_grid,scene_stress,0,52,0,0,53,356,2756,87.0827,0.0213,0.0022,0.0653
677,spatial_grid,scene_stress,0,52,0,0,53,356,2756,87.0827,0.0213,0.0022,0.0653
678,spatial_grid,scene_stress,0,52,0,0,53,356,2756,87.0827,0.0213,0.0022,0.0653
679,spatial_grid,scene_stress,0,52,0,0,53,356,2756,87.0827,0.0213,0.0022,0.0653
680,spatial_grid,scene_stress,0,52,0,0,53,356,2756,87.0827,0.0213,0.0022,0.0653
681,spatial_grid,scene_stress,0,52,0,0,53,356,2756,87.0827,0.0213,0.0022,0.0653
682,spatial_grid,scene_stress,0,52,0,0,53,356,2756,87.0827,0.0213,0.0022,0.0653
683,spatial_grid,scene_stress,0,52,0,0,53,356,2756,87.0827,0.0213,0.0022,0.0653
684,spatial_grid,scene_stress,0,52,0,0,53,356,2756,87.0827,0.0213,0.0022,0.0653
685,spatial_grid,scene_stress,0,52,0,0,53,356,2756,87.0827,0.0213,0.0022,0.0653
686,spatial_grid,scene_stress,0,52,0,0,53,356,2756,87.0827,0.0213,0.0022,0.0653
687,spatial_grid,scene_stress,0,52,0,0,53,356,2756,87.0827,0.0213,0.0022,0.0653
688,spatial_grid,scene_stress,0,52,0,0,53,356,2756,87.0827,0.0213,0.0022,0.0653
689,spatial_grid,scene_stress,0,52,0,0,53,356,2756,87.0827,0.0213,0.0022,0.0653
690,spatial_grid,scene_stress,0,52,0,0,53,356,2756,87.0827,0.0213,0.0022,0.0653
691,spatial_grid,scene_stress,0,52,0,0,53,356,2756,87.0827,0.0213,0.0022,0.0653
692,spatial_grid,scene_stress,0,52,0,0,53,356,2756,87.0827,0.0213,0.0022,0.0653
693,spatial_grid,scene_stress,0,52,0,0,53,356,2756,87.0827,0.0213,0.0022,0.0653
694,spatial_grid,scene_stress,0,52,0,0,53,356,2756,87.0827,0.0213,0.0022,0.0653
695,spatial_grid,scene_stress,0,52,0,0,53,356,2756,87.0827,0.0213,0.0022,0.0653
696,spatial_grid,scene_stress,0,52,0,0,53,356,2756,87.0827,0.0213,0.0022,0.0653
697,spatial_grid,scene_stress,0,52,0,0,53,356,2756,87.0827,0.0213,0.0022,0.0653
698,spatial_grid,scene_stress,0,52,0,0,53,356,2756,87.0827,0.0213,0.0022,0.0653
699,spatial_grid,scene_stress,0,52,0,0,53,356,2756,87.0827,0.0213,0.0022,0.0653
700,spatial_grid,scene_stress,0,52,0,0,53,356,2756,87.0827,0.0213,0.0022,0.0653
701,spatial_grid,scene_stress,0,52,0,0,53,356,2756,87.0827,0.0213,0.0022,0.0653
702,spatial_grid,scene_stress,0,52,0,0,53,356,2756,87.0827,0.0213,0.0022,0.0653
703,spatial_grid,scene_stress,0,52,0,0,53,356,2756,87.0827,0.0213,0.0022,0.0653
704,spatial_grid,scene_stress,0,52,0,0,53,356,2756,87.0827,0.0213,0.0022,0.0653
705,spatial_grid,scene_stress,0,52,0,0,53,356,2756,87.0827,0.0213,0.0022,0.0653
706,spatial_grid,scene_stress,0,52,0,0,53,356,2756,87.0827,0.0213,0.0022,0.0653
707,spatial_grid,scene_stress,0,52,0,0,53,356,2756,87.0827,0.0213,0.0022,0.0653
708,spatial_grid,scene_stress,0,52,0,0,53,356,2756,87.0827,0.0213,0.0022,0.0653
709,spatial_grid,scene_stress,0,52,0,0,53,356,2756,87.0827,0.0213,0.0022,0.0653
710,spatial_grid,scene_stress,0,52,0,0,53,356,2756,87.0827,0.0213,0.0022,0.0653
711,spatial_grid,scene_stress,0,52,0,0,53,356,2756,87.0827,0.0213,0.0022,0.0653
712,spatial_grid,scene_stress,0,52,0,0,53,356,2756,87.0827,0.0213,0.0022,0.0653
713,spatial_grid,scene_stress,0,52,0,0,53,356,2756,87.0827,0.0213,0.0022,0.0653
714,spatial_grid,scene_stress,0,52,0,0,53,356,2756,87.0827,0.0213,0.0022,0.0653
715,spatial_grid,scene_stress,0,52,0,0,53,356,2756,87.0827,0.0213,0.0022,0.0653
716,spatial_grid,scene_stress,0,52,0,0,53,356,2756,87.0827,0.0213,0.0022,0.0653
717,spatial_grid,scene_stress,0,52,0,0,53,356,2756,87.0827,0.0213,0.0022,0.0653
718,spatial_grid,scene_stress,0,52,0,0,53,356,2756,87.0827,0.0213,0.0022,0.0653
719,spatial_grid,scene_stress,0,52,0,0,53,356,2756,87.0827,0.0213,0.0022,0.0653
720,spatial_grid,scene_stress,0,52,0,0,53,356,2756,87.0827,0.0213,0.0022,0.0653
721,spatial_grid,scene_stress,0,52,0,0,53,356,2756,87.0827,0.0213,0.0022,0.0653
722,spatial_grid,scene_stress,0,52,0,0,53,356,2756,87.0827,0.0213,0.0022,0.0653
723,spatial_grid,scene_stress,0,52,0,0,53,356,2756,87.0827,0.0213,0.0022,0.0653
724,spatial_grid,scene_stress,0,52,0,0,53,356,2756,87.0827,0.0213,0.0022,0.0653
725,spatial_grid,scene_stress,0,52,0,0,53,356,2756,87.0827,0.0213,0.0022,0.0653
726,spatial_grid,scene_stress,0,52,0,0,53,356,2756,87.0827,0.0213,0.0022,0.0653
727,spatial_grid,scene_stress,0,52,0,0,53,356,2756,87.0827,0.0213,0.0022,0.0653
728,spatial_grid,scene_stress,0,52,0,0,53,356,2756,87.0827,0.0213,0.0022,0.0653
729,spatial_grid,scene_stress,0,52,0,0,53,356,2756,87.0827,0.0213,0.0022,0.0653
730,spatial_grid,scene_stress,0,52,0,0,53,356,2756,87.0827,0.0213,0.0022,0.0653
731,spatial_grid,scene_stress,0,52,0,0,53,356,2756,87.0827,0.0213,0.0022,0.0653
732,spatial_grid,scene_stress,0,52,0,0,53,356,2756,87.0827,0.0213,0.0022,0.0653
733,spatial_grid,scene_stress,0,52,0,0,53,356,2756,87.0827,0.0213,0.0022,0.0653
734,spatial_grid,scene_stress,0,52,0,0,53,356,2756,87.0827,0.0213,0.0022,0.0653
735,spatial_grid,scene_stress,0,52,0,0,53,356,2756,87.0827,0.0213,0.0022,0.0653
736,spatial_grid,scene_stress,0,52,0,0,53,356,2756,87.0827,0.0213,0.0022,0.0653
737,spatial_grid,scene_stress,0,52,0,0,53,356,2756,87.0827,0.0213,0.0022,0.0653
738,spatial_grid,scene_stress,0,52,0,0,53,356,2756,87.0827,0.0213,0.0022,0.0653
739,spatial_grid,scene_stress,0,52,0,0,53,356,2756,87.0827,0.0213,0.0022,0.0653
740,spatial_grid,scene_stress,0,52,0,0,53,356,2756,87.0827,0.0213,0.0022,0.0653
741,spatial_grid,scene_stress,0,52,0,0,53,356,2756,87.0827,0.0213,0.0022,0.0653
742,spatial_grid,scene_stress,0,52,0,0,53,356,2756,87.0827,0.0213,0.0022,0.0653
743,spatial_grid,scene_stress,0,52,0,0,53,356,2756,87.0827,0.0213,0.0022,0.0653
744,spatial_grid,scene_stress,0,52,0,0,53,356,2756,87.0827,0.0213,0.0022,0.0653
745,spatial_grid,scene_stress,0,52,0,0,53,356,2756,87.0827,0.0213,0.0022,0.0653
746,spatial_grid,scene_stress,0,52,0,0,53,356,2756,87.0827,0.0213,0.0022,0.0653
747,spatial_grid,scene_stress,0,52,0,0,53,356,2756,87.0827,0.0213,0.0022,0.0653
748,spatial_grid,scene_stress,0,52,0,0,53,356,2756,87.0827,0.0213,0.0022,0.0653
749,spatial_grid,scene_stress,0,52,0,0,53,356,2756,87.0827,0.0213,0.0022,0.0653
750,spatial_grid,scene_stress,0,52,0,0,53,356,2756,87.0827,0.0213,0.0022,0.0653
751,spatial_grid,scene_stress,0,52,0,0,53,356,2756,87.0827,0.0213,0.0022,0.0653
752,spatial_grid,scene_stress,0,52,0,0,53,356,2756,87.0827,0.0213,0.0022,0.0653
753,spatial_grid,scene_stress,0,52,0,0,53,356,2756,87.0827,0.0213,0.0022,0.0653
754,spatial_grid,scene_stress,0,52,0,0,53,356,2756,87.0827,0.0213,0.0022,0.0653
755,spatial_grid,scene_stress,0,52,0,0,53,356,2756,87.0827,0.0213,0.0022,0.0653
756,spatial_grid,scene_stress,0,52,0,0,53,356,2756,87.0827,0.0213,0.0022,0.0653
757,spatial_grid,scene_stress,0,52,0,0,53,356,2756,87.0827,0.0213,0.0022,0.0653
758,spatial_grid,scene_stress,0,52,0,0,53,356,2756,87.0827,0.0213,0.0022,0.0653
759,spatial_grid,scene_stress,0,52,0,0,53,356,2756,87.0827,0.0213,0.0022,0.0653
760,spatial_grid,scene_stress,0,52,0,0,53,356,2756,87.0827,0.0213,0.0022,0.0653
761,spatial_grid,scene_stress,0,52,0,0,53,356,2756,87.0827,0.0213,0.0022,0.0653
762,spatial_grid,scene_stress,0,52,0,0,53,356,2756,87.0827,0.0213,0.0022,0.0653
763,spatial_grid,scene_stress,0,52,0,0,53,356,2756,87.0827,0.0213,0.0022,0.0653
764,spatial_grid,scene_stress,0,52,0,0,53,356,2756,87.0827,0.0213,0.0022,0.0653
765,spatial_grid,scene_stress,0,52,0,0,53,356,2756,87.0827,0.0213,0.0022,0.0653
766,spatial_grid,scene_stress,0,52,0,0,53,356,2756,87.0827,0.0213,0.0022,0.0653
767,spatial_grid,scene_stress,0,52,0,0,53,356,2756,87.0827,0.0213,0.0022,0.0653
768,spatial_grid,scene_stress,0,52,0,0,53,356,2756,87.0827,0.0213,0.0022,0.0653
769,spatial_grid,scene_stress,0,52,0,0,53,356,2756,87.0827,0.0213,0.0022,0.0653
770,spatial_grid,scene_stress,0,52,0,0,53,356,2756,87.0827,0.0213,0.0022,0.0653
771,spatial_grid,scene_stress,0,52,0,0,53,356,2756,87.0827,0.0213,0.0022,0.0653
772,spatial_grid,scene_stress,0,52,0,0,53,356,2756,87.0827,0.0213,0.0022,0.0653
773,spatial_grid,scene_stress,0,52,0,0,53,356,2756,87.0827,0.0213,0.0022,0.0653
774,spatial_grid,scene_stress,0,52,0,0,53,356,2756,87.0827,0.0213,0.0022,0.0653
775,spatial_grid,scene_stress,0,52,0,0,53,356,2756,87.0827,0.0213,0.0022,0.0653
776,spatial_grid,scene_stress,0,52,0,0,53,356,2756,87.0827,0.0213,0.0022,0.0653
777,spatial_grid,scene_stress,0,52,0,0,53,356,2756,87.0827,0.0213,0.0022,0.0653
778,spatial_grid,scene_stress,0,52,0,0,53,356,2756,87.0827,0.0213,0.0022,0.0653
779,spatial_grid,scene_stress,0,52,0,0,53,356,2756,87.0827,0.0213,0.0022,0.0653
780,spatial_grid,scene_stress,0,52,0,0,53,356,2756,87.0827,0.0213,0.0022,0.0653
781,spatial_grid,scene_stress,0,52,0,0,53,356,2756,87.0827,0.0213,0.0022,0.0653
782,spatial_grid,scene_stress,0,52,0,0,53,356,2756,87.0827,0.0213,0.0022,0.0653
783,spatial_grid,scene_stress,0,52,0,0,53,356,2756,87.0827,0.0213,0.0022,0.0653
784,spatial_grid,scene_stress,0,52,0,0,53,356,2756,87.0827,0.0213,0.0022,0.0653
785,spatial_grid,scene_stress,0,52,0,0,53,356,2756,87.0827,0.0213,0.0022,0.0653
786,spatial_grid,scene_stress,0,52,0,0,53,356,2756,87.0827,0.0213,0.0022,0.0653
787,spatial_grid,scene_stress,0,52,0,0,53,356,2756,87.0827,0.0213,0.0022,0.0653
788,spatial_grid,scene_stress,0,52,0,0,53,356,2756,87.0827,0.0213,0.0022,0.0653
789,spatial_grid,scene_stress,0,52,0,0,53,356,2756,87.0827,0.0213,0.0022,0.0653
790,spatial_grid,scene_stress,0,52,0,0,53,356,2756,87.0827,0.0213,0.0022,0.0653
791,spatial_grid,scene_stress,0,52,0,0,53,356,2756,87.0827,0.0213,0.0022,0.0653
792,spatial_grid,scene_stress,0,52,0,0,53,356,2756,87.0827,0.0213,0.0022,0.0653
793,spatial_grid,scene_stress,0,52,0,0,53,356,2756,87.0827,0.0213,0.0022,0.0653
794,spatial_grid,scene_stress,0,52,0,0,53,356,2756,87.0827,0.0213,0.0022,0.0653
795,spatial_grid,scene_stress,0,52,0,0,53,356,2756,87.0827,0.0213,0.0022,0.0653
796,spatial_grid,scene_stress,0,52,0,0,53,356,2756,87.0827,0.0213,0.0022,0.0653
797,spatial_grid,scene_stress,0,52,0,0,53,356,2756,87.0827,0.0213,0.0022,0.0653
798,spatial_grid,scene_stress,0,52,0,0,53,356,2756,87.0827,0.0213,0.0022,0.0653
799,spatial_grid,scene_stress,0,52,0,0,53,356,2756,87.0827,0.0213,0.0022,0.0653
800,spatial_grid,scene_stress,0,52,0,0,53,356,2756,87.0827,0.0213,0.0022,0.0653
801,spatial_grid,scene_stress,0,52,0,0,53,356,2756,87.0827,0.0213,0.0022,0.0653
802,spatial_grid,scene_stress,0,52,0,0,53,356,2756,87.0827,0.0213,0.0022,0.0653
803,spatial_grid,scene_stress,0,52,0,0,53,356,2756,87.0827,0.0213,0.0022,0.0653
804,spatial_grid,scene_stress,0,52,0,0,53,356,2756,87.0827,0.0213,0.0022,0.0653
805,spatial_grid,scene_stress,0,52,0,0,53,356,2756,87.0827,0.0213,0.0022,0.0653
806,spatial_grid,scene_stress,0,52,0,0,53,356,2756,87.0827,0.0213,0.0022,0.0653
807,spatial_grid,scene_stress,0,52,0,0,53,356,2756,87.0827,0.0213,0.0022,0.0653
808,spatial_grid,scene_stress,0,52,0,0,53,356,2756,87.0827,0.0213,0.0022,0.0653
809,spatial_grid,scene_stress,0,52,0,0,53,356,2756,87.0827,0.0213,0.0022,0.0653
810,spatial_grid,scene_stress,0,52,0,0,53,356,2756,87.0827,0.0213,0.0022,0.0653
811,spatial_grid,scene_stress,0,52,0,0,53,356,2756,87.0827,0.0213,0.0022,0.0653
812,spatial_grid,scene_stress,0,52,0,0,53,356,2756,87.0827,0.0213,0.0022,0.0653
813,spatial_grid,scene_stress,0,52,0,0,53,356,2756,87.0827,0.0213,0.0022,0.0653
814,spatial_grid,scene_stress,0,52,0,0,53,356,2756,87.0827,0.0213,0.0022,0.0653
815,spatial_grid,scene_stress,0,52,0,0,53,356,2756,87.0827,0.0213,0.0022,0.0653
816,spatial_grid,scene_stress,0,52,0,0,53,356,2756,87.0827,0.0213,0.0022,0.0653
817,spatial_grid,scene_stress,0,52,0,0,53,356,2756,87.0827,0.0213,0.0022,0.0653
818,spatial_grid,scene_stress,0,52,0,0,53,356,2756,87.0827,0.0213,0.0022,0.0653
819,spatial_grid,scene_stress,0,52,0,0,53,356,2756,87.0827,0.0213,0.0022,0.0653
820,spatial_grid,scene_stress,0,52,0,0,53,356,2756,87.0827,0.0213,0.0022,0.0653
821,spatial_grid,scene_stress,0,52,0,0,53,356,2756,87.0827,0.0213,0.0022,0.0653
822,spatial_grid,scene_stress,0,52,0,0,53,356,2756,87.0827,0.0213,0.0022,0.0653
823,spatial_grid,scene_stress,0,52,0,0,53,356,2756,87.0827,0.0213,0.0022,0.0653
824,spatial_grid,scene_stress,0,52,0,0,53,356,2756,87.0827,0.0213,0.0022,0.0653
825,spatial_grid,scene_stress,0,52,0,0,53,356,2756,87.0827,0.0213,0.0022,0.0653
826,spatial_grid,scene_stress,0,52,0,0,53,356,2756,87.0827,0.0213,0.0022,0.0653
827,spatial_grid,scene_stress,0,52,0,0,53,356,2756,87.0827,0.0213,0.0022,0.0653
828,spatial_grid,scene_stress,0,52,0,0,53,356,2756,87.0827,0.0213,0.0022,0.0653
829,spatial_grid,scene_stress,0,52,0,0,53,356,2756,87.0827,0.0213,0.0022,0.0653
830,spatial_grid,scene_stress,0,52,0,0,53,356,2756,87.0827,0.0213,0.0022,0.0653
831,spatial_grid,scene_stress,0,52,0,0,53,356,2756,87.0827,0.0213,0.0022,0.0653
832,spatial_grid,scene_stress,0,52,0,0,53,356,2756,87.0827,0.0213,0.0022,0.0653
833,spatial_grid,scene_stress,0,52,0,0,53,356,2756,87.0827,0.0213,0.0022,0.0653
834,spatial_grid,scene_stress,0,52,0,0,53,356,2756,87.0827,0.0213,0.0022,0.0653
835,spatial_grid,scene_stress,0,52,0,0,53,356,2756,87.0827,0.0213,0.0022,0.0653
836,spatial_grid,scene_stress,0,52,0,0,53,356,2756,87.0827,0.0213,0.0022,0.0653
837,spatial_grid,scene_stress,0,52,0,0,53,356,2756,87.0827,0.0213,0.0022,0.0653
838,spatial_grid,scene_stress,0,52,0,0,53,356,2756,87.0827,0.0213,0.0022,0.0653
839,spatial_grid,scene_stress,0,52,0,0,53,356,2756,87.0827,0.0213,0.0022,0.0653
840,spatial_grid,scene_stress,0,52,0,0,53,356,2756,87.0827,0.0213,0.0022,0.0653
841,spatial_grid,scene_stress,0,52,0,0,53,356,2756,87.0827,0.0213,0.0022,0.0653
842,spatial_grid,scene_stress,0,52,0,0,53,356,2756,87.0827,0.0213,0.0022,0.0653
843,spatial_grid,scene_stress,0,52,0,0,53,356,2756,87.0827,0.0213,0.0022,0.0653
844,spatial_grid,scene_stress,0,52,0,0,53,356,2756,87.0827,0.0213,0.0022,0.0653
845,spatial_grid,scene_stress,0,52,0,0,53,356,2756,87.0827,0.0213,0.0022,0.0653
846,spatial_grid,scene_stress,0,52,0,0,53,356,2756,87.0827,0.0213,0.0022,0.0653
847,spatial_grid,scene_stress,0,52,0,0,53,356,2756,87.0827,0.0213,0.0022,0.0653
848,spatial_grid,scene_stress,0,52,0,0,53,356,2756,87.0827,0.0213,0.0022,0.0653
849,spatial_grid,scene_stress,0,52,0,0,53,356,2756,87.0827,0.0213,0.0022,0.0653
850,spatial_grid,scene_stress,0,52,0,0,53,356,2756,87.0827,0.0213,0.0022,0.0653
851,spatial_grid,scene_stress,0,52,0,0,53,356,2756,87.0827,0.0213,0.0022,0.0653
852,spatial_grid,scene_stress,0,52,0,0,53,356,2756,87.0827,0.0213,0.0022,0.0653
853,spatial_grid,scene_stress,0,52,0,0,53,356,2756,87.0827,0.0213,0.0022,0.0653
854,spatial_grid,scene_stress,0,52,0,0,53,356,2756,87.0827,0.0213,0.0022,0.0653
855,spatial_grid,scene_stress,0,52,0,0,53,356,2756,87.0827,0.0213,0.0022,0.0653
856,spatial_grid,scene_stress,0,52,0,0,53,356,2756,87.0827,0.0213,0.0022,0.0653
857,spatial_grid,scene_stress,0,52,0,0,53,356,2756,87.0827,0.0213,0.0022,0.0653
858,spatial_grid,scene_stress,0,52,0,0,53,356,2756,87.0827,0.0213,0.0022,0.0653
859,spatial_grid,scene_stress,0,52,0,0,53,356,2756,87.0827,0.0213,0.0022,0.0653
860,spatial_grid,scene_stress,0,52,0,0,53,356,2756,87.0827,0.0213,0.0022,0.0653
861,spatial_grid,scene_stress,0,52,0,0,53,356,2756,87.0827,0.0213,0.0022,0.0653
862,spatial_grid,scene_stress,0,52,0,0,53,356,2756,87.0827,0.0213,0.0022,0.0653
863,spatial_grid,scene_stress,0,52,0,0,53,356,2756,87.0827,0.0213,0.0022,0.0653
864,spatial_grid,scene_stress,0,52,0,0,53,356,2756,87.0827,0.0213,0.0022,0.0653
865,spatial_grid,scene_stress,0,52,0,0,53,356,2756,87.0827,0.0213,0.0022,0.0653
866,spatial_grid,scene_stress,0,52,0,0,53,356,2756,87.0827,0.0213,0.0022,0.0653
867,spatial_grid,scene_stress,0,52,0,0,53,356,2756,87.0827,0.0213,0.0022,0.0653
868,spatial_grid,scene_stress,0,52,0,0,53,356,2756,87.0827,0.0213,0.0022,0.0653
869,spatial_grid,scene_stress,0,52,0,0,53,356,2756,87.0827,0.0213,0.0022,0.0653
870,spatial_grid,scene_stress,0,52,0,0,53,356,2756,87.0827,0.0213,0.0022,0.0653
871,spatial_grid,scene_stress,0,52,0,0,53,356,2756,87.0827,0.0213,0.0022,0.0653
872,spatial_grid,scene_stress,0,52,0,0,53,356,2756,87.0827,0.0213,0.0022,0.0653
873,spatial_grid,scene_stress,0,52,0,0,53,356,2756,87.0827,0.0213,0.0022,0.0653
874,spatial_grid,scene_stress,0,52,0,0,53,356,2756,87.0827,0.0213,0.0022,0.0653
875,spatial_grid,scene_stress,0,52,0,0,53,356,2756,87.0827,0.0213,0.0022,0.0653
876,spatial_grid,scene_stress,0,52,0,0,53,356,2756,87.0827,0.0213,0.0022,0.0653
877,spatial_grid,scene_stress,0,52,0,0,53,356,2756,87.0827,0.0213,0.0022,0.0653
878,spatial_grid,scene_stress,0,52,0,0,53,356,2756,87.0827,0.0213,0.0022,0.0653
879,spatial_grid,scene_stress,0,52,0,0,53,356,2756,87.0827,0.0213,0.0022,0.0653
880,spatial_grid,scene_stress,0,52,0,0,53,356,2756,87.0827,0.0213,0.0022,0.0653
881,spatial_grid,scene_stress,0,52,0,0,53,356,2756,87.0827,0.0213,0.0022,0.0653
882,spatial_grid,scene_stress,0,52,0,0,53,356,2756,87.0827,0.0213,0.0022,0.0653
883,spatial_grid,scene_stress,0,52,0,0,53,356,2756,87.0827,0.0213,0.0022,0.0653
884,spatial_grid,scene_stress,0,52,0,0,53,356,2756,87.0827,0.0213,0.0022,0.0653
885,spatial_grid,scene_stress,0,52,0,0,53,356,2756,87.0827,0.0213,0.0022,0.0653
886,spatial_grid,scene_stress,0,52,0,0,53,356,2756,87.0827,0.0213,0.0022,0.0653
887,spatial_grid,scene_stress,0,52,0,0,53,356,2756,87.0827,0.0213,0.0022,0.0653
888,spatial_grid,scene_stress,0,52,0,0,53,356,2756,87.0827,0.0213,0.0022,0.0653
889,spatial_grid,scene_stress,0,52,0,0,53,356,2756,87.0827,0.0213,0.0022,0.0653
890,spatial_grid,scene_stress,0,52,0,0,53,356,2756,87.0827,0.0213,0.0022,0.0653
891,spatial_grid,scene_stress,0,52,0,0,53,356,2756,87.0827,0.0213,0.0022,0.0653
892,spatial_grid,scene_stress,0,52,0,0,53,356,2756,87.0827,0.0213,0.0022,0.0653
893,spatial_grid,scene_stress,0,52,0,0,53,356,2756,87.0827,0.0213,0.0022,0.0653
894,spatial_grid,scene_stress,0,52,0,0,53,356,2756,87.0827,0.0213,0.0022,0.0653
895,spatial_grid,scene_stress,0,52,0,0,53,356,2756,87.0827,0.0213,0.0022,0.0653
896,spatial_grid,scene_stress,0,52,0,0,53,356,2756,87.0827,0.0213,0.0022,0.0653
897,spatial_grid,scene_stress,0,52,0,0,53,356,2756,87.0827,0.0213,0.0022,0.0653
898,spatial_grid,scene_stress,0,52,0,0,53,356,2756,87.0827,0.0213,0.0022,0.0653
899,spatial_grid,scene_stress,0,52,0,0,53,356,2756,87.0827,0.0213,0.0022,0.0653
900,spatial_grid,scene_stress,0,52,0,0,53,356,2756,87.0827,0.0213,0.0022,0.0653
901,spatial_grid,scene_stress,0,52,0,0,53,356,2756,87.0827,0.0213,0.0022,0.0653
902,spatial_grid,scene_stress,0,52,0,0,53,356,2756,87.0827,0.0213,0.0022,0.0653
903,spatial_grid,scene_stress,0,52,0,0,53,356,2756,87.0827,0.0213,0.0022,0.0653
904,spatial_grid,scene_stress,0,52,0,0,53,356,2756,87.0827,0.0213,0.0022,0.0653
905,spatial_grid,scene_stress,0,52,0,0,53,356,2756,87.0827,0.0213,0.0022,0.0653
906,spatial_grid,scene_stress,0,52,0,0,53,356,2756,87.0827,0.0213,0.0022,0.0653
907,spatial_grid,scene_stress,0,52,0,0,53,356,2756,87.0827,0.0213,0.0022,0.0653
908,spatial_grid,scene_stress,0,52,0,0,53,356,2756,87.0827,0.0213,0.0022,0.0653
909,spatial_grid,scene_stress,0,52,0,0,53,356,2756,87.0827,0.0213,0.0022,0.0653
910,spatial_grid,scene_stress,0,52,0,0,53,356,2756,87.0827,0.0213,0.0022,0.0653
911,spatial_grid,scene_stress,0,52,0,0,53,356,2756,87.0827,0.0213,0.0022,0.0653
912,spatial_grid,scene_stress,0,52,0,0,53,356,2756,87.0827,0.0213,0.0022,0.0653
913,spatial_grid,scene_stress,0,52,0,0,53,356,2756,87.0827,0.0213,0.0022,0.0653
914,spatial_grid,scene_stress,0,52,0,0,53,356,2756,87.0827,0.0213,0.0022,0.0653
915,spatial_grid,scene_stress,0,52,0,0,53,356,2756,87.0827,0.0213,0.0022,0.0653
916,spatial_grid,scene_stress,0,52,0,0,53,356,2756,87.0827,0.0213,0.0022,0.0653
917,spatial_grid,scene_stress,0,52,0,0,53,356,2756,87.0827,0.0213,0.0022,0.0653
918,spatial_grid,scene_stress,0,52,0,0,53,356,2756,87.0827,0.0213,0.0022,0.0653
919,spatial_grid,scene_stress,0,52,0,0,53,356,2756,87.0827,0.0213,0.0022,0.0653
920,spatial_grid,scene_stress,0,52,0,0,53,356,2756,87.0827,0.0213,0.0022,0.0653
921,spatial_grid,scene_stress,0,52,0,0,53,356,2756,87.0827,0.0213,0.0022,0.0653
922,spatial_grid,scene_stress,0,52,0,0,53,356,2756,87.0827,0.0213,0.0022,0.0653
923,spatial_grid,scene_stress,0,52,0,0,53,356,2756,87.0827,0.0213,0.0022,0.0653
924,spatial_grid,scene_stress,0,52,0,0,53,356,2756,87.0827,0.0213,0.0022,0.0653
925,spatial_grid,scene_stress,0,52,0,0,53,356,2756,87.0827,0.0213,0.0022,0.0653
926,spatial_grid,scene_stress,0,52,0,0,53,356,2756,87.0827,0.0213,0.0022,0.0653
927,spatial_grid,scene_stress,0,52,0,0,53,356,2756,87.0827,0.0213,0.0022,0.0653
928,spatial_grid,scene_stress,0,52,0,0,53,356,2756,87.0827,0.0213,0.0022,0.0653
929,spatial_grid,scene_stress,0,52,0,0,53,356,2756,87.0827,0.0213,0.0022,0.0653
930,spatial_grid,scene_stress,0,52,0,0,53,356,2756,87.0827,0.0213,0.0022,0.0653
931,spatial_grid,scene_stress,0,52,0,0,53,356,2756,87.0827,0.0213,0.0022,0.0653
932,spatial_grid,scene_stress,0,52,0,0,53,356,2756,87.0827,0.0213,0.0022,0.0653
933,spatial_grid,scene_stress,0,52,0,0,53,356,2756,87.0827,0.0213,0.0022,0.0653
934,spatial_grid,scene_stress,0,52,0,0,53,356,2756,87.0827,0.0213,0.0022,0.0653
935,spatial_grid,scene_stress,0,52,0,0,53,356,2756,87.0827,0.0213,0.0022,0.0653
936,spatial_grid,scene_stress,0,52,0,0,53,356,2756,87.0827,0.0213,0.0022,0.0653
937,spatial_grid,scene_stress,0,52,0,0,53,356,2756,87.0827,0.0213,0.0022,0.0653
938,spatial_grid,scene_stress,0,52,0,0,53,356,2756,87.0827,0.0213,0.0022,0.0653
939,spatial_grid,scene_stress,0,52,0,0,53,356,2756,87.0827,0.0213,0.0022,0.0653
940,spatial_grid,scene_stress,0,52,0,0,53,356,2756,87.0827,0.0213,0.0022,0.0653
941,spatial_grid,scene_stress,0,52,0,0,53,356,2756,87.0827,0.0213,0.0022,0.0653
942,spatial_grid,scene_stress,0,52,0,0,53,356,2756,87.0827,0.0213,0.0022,0.0653
943,spatial_grid,scene_stress,0,52,0,0,53,356,2756,87.0827,0.0213,0.0022,0.0653
944,spatial_grid,scene_stress,0,52,0,0,53,356,2756,87.0827,0.0213,0.0022,0.0653
945,spatial_grid,scene_stress,0,52,0,0,53,356,2756,87.0827,0.0213,0.0022,0.0653
946,spatial_grid,scene_stress,0,52,0,0,53,356,2756,87.0827,0.0213,0.0022,0.0653
947,spatial_grid,scene_stress,0,52,0,0,53,356,2756,87.0827,0.0213,0.0022,0.0653
948,spatial_grid,scene_stress,0,52,0,0,53,356,2756,87.0827,0.0213,0.0022,0.0653
949,spatial_grid,scene_stress,0,52,0,0,53,356,2756,87.0827,0.0213,0.0022,0.0653
950,spatial_grid,scene_stress,0,52,0,0,53,356,2756,87.0827,0.0213,0.0022,0.0653
951,spatial_grid,scene_stress,0,52,0,0,53,356,2756,87.0827,0.0213,0.0022,0.0653
952,spatial_grid,scene_stress,0,52,0,0,53,356,2756,87.0827,0.0213,0.0022,0.0653
953,spatial_grid,scene_stress,0,52,0,0,53,356,2756,87.0827,0.0213,0.0022,0.0653
954,spatial_grid,scene_stress,0,52,0,0,53,356,2756,87.0827,0.0213,0.0022,0.0653
955,spatial_grid,scene_stress,0,52,0,0,53,356,2756,87.0827,0.0213,0.0022,0.0653
956,spatial_grid,scene_stress,0,52,0,0,53,356,2756,87.0827,0.0213,0.0022,0.0653
957,spatial_grid,scene_stress,0,52,0,0,53,356,2756,87.0827,0.0213,0.0022,0.0653
958,spatial_grid,scene_stress,0,52,0,0,53,356,2756,87.0827,0.0213,0.0022,0.0653
959,spatial_grid,scene_stress,0,52,0,0,53,356,2756,87.0827,0.0213,0.0022,0.0653
960,spatial_grid,scene_stress,0,52,0,0,53,356,2756,87.0827,0.0213,0.0022,0.0653
961,spatial_grid,scene_stress,0,52,0,0,53,356,2756,87.0827,0.0213,0.0022,0.0653
962,spatial_grid,scene_stress,0,52,0,0,53,356,2756,87.0827,0.0213,0.0022,0.0653
963,spatial_grid,scene_stress,0,52,0,0,53,356,2756,87.0827,0.0213,0.0022,0.0653
964,spatial_grid,scene_stress,0,52,0,0,53,356,2756,87.0827,0.0213,0.0022,0.0653
965,spatial_grid,scene_stress,0,52,0,0,53,356,2756,87.0827,0.0213,0.0022,0.0653
966,spatial_grid,scene_stress,0,52,0,0,53,356,2756,87.0827,0.0213,0.0022,0.0653
967,spatial_grid,scene_stress,0,52,0,0,53,356,2756,87.0827,0.0213,0.0022,0.0653
968,spatial_grid,scene_stress,0,52,0,0,53,356,2756,87.0827,0.0213,0.0022,0.0653
969,spatial_grid,scene_stress,0,52,0,0,53,356,2756,87.0827,0.0213,0.0022,0.0653
970,spatial_grid,scene_stress,0,52,0,0,53,356,2756,87.0827,0.0213,0.0022,0.0653
971,spatial_grid,scene_stress,0,52,0,0,53,356,2756,87.0827,0.0213,0.0022,0.0653
972,spatial_grid,scene_stress,0,52,0,0,53,356,2756,87.0827,0.0213,0.0022,0.0653
973,spatial_grid,scene_stress,0,52,0,0,53,356,2756,87.0827,0.0213,0.0022,0.0653
974,spatial_grid,scene_stress,0,52,0,0,53,356,2756,87.0827,0.0213,0.0022,0.0653
975,spatial_grid,scene_stress,0,52,0,0,53,356,2756,87.0827,0.0213,0.0022,0.0653
976,spatial_grid,scene_stress,0,52,0,0,53,356,2756,87.0827,0.0213,0.0022,0.0653
977,spatial_grid,scene_stress,0,52,0,0,53,356,2756,87.0827,0.0213,0.0022,0.0653
978,spatial_grid,scene_stress,0,52,0,0,53,356,2756,87.0827,0.0213,0.0022,0.0653
979,spatial_grid,scene_stress,0,52,0,0,53,356,2756,87.0827,0.0213,0.0022,0.0653
980,spatial_grid,scene_stress,0,52,0,0,53,356,2756,87.0827,0.0213,0.0022,0.0653
981,spatial_grid,scene_stress,0,52,0,0,53,356,2756,87.0827,0.0213,0.0022,0.0653
982,spatial_grid,scene_stress,0,52,0,0,53,356,2756,87.0827,0.0213,0.0022,0.0653
983,spatial_grid,scene_stress,0,52,0,0,53,356,2756,87.0827,0.0213,0.0022,0.0653
984,spatial_grid,scene_stress,0,52,0,0,53,356,2756,87.0827,0.0213,0.0022,0.0653
985,spatial_grid,scene_stress,0,52,0,0,53,356,2756,87.0827,0.0213,0.0022,0.0653
986,spatial_grid,scene_stress,0,52,0,0,53,356,2756,87.0827,0.0213,0.0022,0.0653
987,spatial_grid,scene_stress,0,52,0,0,53,356,2756,87.0827,0.0213,0.0022,0.0653
988,spatial_grid,scene_stress,0,52,0,0,53,356,2756,87.0827,0.0213,0.0022,0.0653
989,spatial_grid,scene_stress,0,52,0,0,53,356,2756,87.0827,0.0213,0.0022,0.0653
990,spatial_grid,scene_stress,0,52,0,0,53,356,2756,87.0827,0.0213,0.0022,0.0653
991,spatial_grid,scene_stress,0,52,0,0,53,356,2756,87.0827,0.0213,0.0022,0.0653
992,spatial_grid,scene_stress,0,52,0,0,53,356,2756,87.0827,0.0213,0.0022,0.0653
993,spatial_grid,scene_stress,0,52,0,0,53,356,2756,87.0827,0.0213,0.0022,0.0653
994,spatial_grid,scene_stress,0,52,0,0,53,356,2756,87.0827,0.0213,0.0022,0.0653
995,spatial_grid,scene_stress,0,52,0,0,53,356,2756,87.0827,0.0213,0.0022,0.0653
996,spatial_grid,scene_stress,0,52,0,0,53,356,2756,87.0827,0.0213,0.0022,0.0653
997,spatial_grid,scene_stress,0,52,0,0,53,356,2756,87.0827,0.0213,0.0022,0.0653
998,spatial_grid,scene_stress,0,52,0,0,53,356,2756,87.0827,0.0213,0.0022,0.0653
999,spatial_grid,scene_stress,0,52,0,0,53,356,2756,87.0827,0.0213,0.0022,0.0653
1000,spatial_grid,scene_stress,0,52,0,0,53,356,2756,87.0827,0.0213,0.0022,0.0653
1001,spatial_grid,scene_stress,0,52,0,0,53,356,2756,87.0827,0.0213,0.0022,0.0653
1002,spatial_grid,scene_stress,0,52,0,0,53,356,2756,87.0827,0.0213,0.0022,0.0653
1003,spatial_grid,scene_stress,0,52,0,0,53,356,2756,87.0827,0.0213,0.0022,0.0653
1004,spatial_grid,scene_stress,0,52,0,0,53,356,2756,87.0827,0.0213,0.0022,0.0653
1005,spatial_grid,scene_stress,0,52,0,0,53,356,2756,87.0827,0.0213,0.0022,0.0653
1006,spatial_grid,scene_stress,0,52,0,0,53,356,2756,87.0827,0.0213,0.0022,0.0653
1007,spatial_grid,scene_stress,0,52,0,0,53,356,2756,87.0827,0.0213,0.0022,0.0653
1008,spatial_grid,scene_stress,0,52,0,0,53,356,2756,87.0827,0.0213,0.0022,0.0653
1009,spatial_grid,scene_stress,0,52,0,0,53,356,2756,87.0827,0.0213,0.0022,0.0653
1010,spatial_grid,scene_stress,0,52,0,0,53,356,2756,87.0827,0.0213,0.0022,0.0653
1011,spatial_grid,scene_stress,0,52,0,0,53,356,2756,87.0827,0.0213,0.0022,0.0653
1012,spatial_grid,scene_stress,0,52,0,0,53,356,2756,87.0827,0.0213,0.0022,0.0653
1013,spatial_grid,scene_stress,0,52,0,0,53,356,2756,87.0827,0.0213,0.0022,0.0653
1014,spatial_grid,scene_stress,0,52,0,0,53,356,2756,87.0827,0.0213,0.0022,0.0653
1015,spatial_grid,scene_stress,0,52,0,0,53,356,2756,87.0827,0.0213,0.0022,0.0653
1016,spatial_grid,scene_stress,0,52,0,0,53,356,2756,87.0827,0.0213,0.0022,0.0653
1017,spatial_grid,scene_stress,0,52,0,0,53,356,2756,87.0827,0.0213,0.0022,0.0653
1018,spatial_grid,scene_stress,0,52,0,0,53,356,2756,87.0827,0.0213,0.0022,0.0653
1019,spatial_grid,scene_stress,0,52,0,0,53,356,2756,87.0827,0.0213,0.0022,0.0653
1020,spatial_grid,scene_stress,0,52,0,0,53,356,2756,87.0827,0.0213,0.0022,0.0653
1021,spatial_grid,scene_stress,0,52,0,0,53,356,2756,87.0827,0.0213,0.0022,0.0653
1022,spatial_grid,scene_stress,0,52,0,0,53,356,2756,87.0827,0.0213,0.0022,0.0653
1023,spatial_grid,scene_stress,0,52,0,0,53,356,2756,87.0827,0.0213,0.0022,0.0653
1024,spatial_grid,scene_stress,0,52,0,0,53,356,2756,87.0827,0.0213,0.0022,0.0653
1025,spatial_grid,scene_stress,0,52,0,0,53,356,2756,87.0827,0.0213,0.0022,0.0653
1026,spatial_grid,scene_stress,0,52,0,0,53,356,2756,87.0827,0.0213,0.0022,0.0653
1027,spatial_grid,scene_stress,0,52,0,0,53,356,2756,87.0827,0.0213,0.0022,0.0653
1028,spatial_grid,scene_stress,0,52,0,0,53,356,2756,87.0827,0.0213,0.0022,0.0653
1029,spatial_grid,scene_stress,0,52,0,0,53,356,2756,87.0827,0.0213,0.0022,0.0653
1030,spatial_grid,scene_stress,0,52,0,0,53,356,2756,87.0827,0.0213,0.0022,0.0653
1031,spatial_grid,scene_stress,0,52,0,0,53,356,2756,87.0827,0.0213,0.0022,0.0653
1032,spatial_grid,scene_stress,0,52,0,0,53,356,2756,87.0827,0.0213,0.0022,0.0653
1033,spatial_grid,scene_stress,0,52,0,0,53,356,2756,87.0827,0.0213,0.0022,0.0653
1034,spatial_grid,scene_stress,0,52,0,0,53,356,2756,87.0827,0.0213,0.0022,0.0653
1035,spatial_grid,scene_stress,0,52,0,0,53,356,2756,87.0827,0.0213,0.0022,0.0653
1036,spatial_grid,scene_stress,0,52,0,0,53,356,2756,87.0827,0.0213,0.0022,0.0653
1037,spatial_grid,scene_stress,0,52,0,0,53,356,2756,87.0827,0.0213,0.0022,0.0653
1038,spatial_grid,scene_stress,0,52,0,0,53,356,2756,87.0827,0.0213,0.0022,0.0653
1039,spatial_grid,scene_stress,0,52,0,0,53,356,2756,87.0827,0.0213,0.0022,0.0653
1040,spatial_grid,scene_stress,0,52,0,0,53,356,2756,87.0827,0.0213,0.0022,0.0653
1041,spatial_grid,scene_stress,0,52,0,0,53,356,2756,87.0827,0.0213,0.0022,0.0653
1042,spatial_grid,scene_stress,0,52,0,0,53,356,2756,87.0827,0.0213,0.0022,0.0653
1043,spatial_grid,scene_stress,0,52,0,0,53,356,2756,87.0827,0.0213,0.0022,0.0653
1044,spatial_grid,scene_stress,0,52,0,0,53,356,2756,87.0827,0.0213,0.0022,0.0653
1045,spatial_grid,scene_stress,0,52,0,0,53,356,2756,87.0827,0.0213,0.0022,0.0653
1046,spatial_grid,scene_stress,0,52,0,0,53,356,2756,87.0827,0.0213,0.0022,0.0653
1047,spatial_grid,scene_stress,0,52,0,0,53,356,2756,87.0827,0.0213,0.0022,0.0653
1048,spatial_grid,scene_stress,0,52,0,0,53,356,2756,87.0827,0.0213,0.0022,0.0653
1049,spatial_grid,scene_stress,0,52,0,0,53,356,2756,87.0827,0.0213,0.0022,0.0653
1050,spatial_grid,scene_stress,0,52,0,0,53,356,2756,87.0827,0.0213,0.0022,0.0653
1051,spatial_grid,scene_stress,0,52,0,0,53,356,2756,87.0827,0.0213,0.0022,0.0653
1052,spatial_grid,scene_stress,0,52,0,0,53,356,2756,87.0827,0.0213,0.0022,0.0653
1053,spatial_grid,scene_stress,0,52,0,0,53,356,2756,87.0827,0.0213,0.0022,0.0653
1054,spatial_grid,scene_stress,0,52,0,0,53,356,2756,87.0827,0.0213,0.0022,0.0653
1055,spatial_grid,scene_stress,0,52,0,0,53,356,2756,87.0827,0.0213,0.0022,0.0653
1056,spatial_grid,scene_stress,0,52,0,0,53,356,2756,87.0827,0.0213,0.0022,0.0653
1057,spatial_grid,scene_stress,0,52,0,0,53,356,2756,87.0827,0.0213,0.0022,0.0653
1058,spatial_grid,scene_stress,0,52,0,0,53,356,2756,87.0827,0.0213,0.0022,0.0653
1059,spatial_grid,scene_stress,0,52,0,0,53,356,2756,87.0827,0.0213,0.0022,0.0653
1060,spatial_grid,scene_stress,0,52,0,0,53,356,2756,87.0827,0.0213,0.0022,0.0653
1061,spatial_grid,scene_stress,0,52,0,0,53,356,2756,87.0827,0.0213,0.0022,0.0653
1062,spatial_grid,scene_stress,0,52,0,0,53,356,2756,87.0827,0.0213,0.0022,0.0653
1063,spatial_grid,scene_stress,0,52,0,0,53,356,2756,87.0827,0.0213,0.0022,0.0653
1064,spatial_grid,scene_stress,0,52,0,0,53,356,2756,87.0827,0.0213,0.0022,0.0653
1065,spatial_grid,scene_stress,0,52,0,0,53,356,2756,87.0827,0.0213,0.0022,0.0653
1066,spatial_grid,scene_stress,0,52,0,0,53,356,2756,87.0827,0.0213,0.0022,0.0653
1067,spatial_grid,scene_stress,0,52,0,0,53,356,2756,87.0827,0.0213,0.0022,0.0653
1068,spatial_grid,scene_stress,0,52,0,0,53,356,2756,87.0827,0.0213,0.0022,0.0653
1069,spatial_grid,scene_stress,0,52,0,0,53,356,2756,87.0827,0.0213,0.0022,0.0653
1070,spatial_grid,scene_stress,0,52,0,0,53,356,2756,87.0827,0.0213,0.0022,0.0653
1071,spatial_grid,scene_stress,0,52,0,0,53,356,2756,87.0827,0.0213,0.0022,0.0653
1072,spatial_grid,scene_stress,0,52,0,0,53,356,2756,87.0827,0.0213,0.0022,0.0653
1073,spatial_grid,scene_stress,0,52,0,0,53,356,2756,87.0827,0.0213,0.0022,0.0653
1074,spatial_grid,scene_stress,0,52,0,0,53,356,2756,87.0827,0.0213,0.0022,0.0653
1075,spatial_grid,scene_stress,0,52,0,0,53,356,2756,87.0827,0.0213,0.0022,0.0653
1076,spatial_grid,scene_stress,0,52,0,0,53,356,2756,87.0827,0.0213,0.0022,0.0653
1077,spatial_grid,scene_stress,0,52,0,0,53,356,2756,87.0827,0.0213,0.0022,0.0653
1078,spatial_grid,scene_stress,0,52,0,0,53,356,2756,87.0827,0.0213,0.0022,0.0653
1079,spatial_grid,scene_stress,0,52,0,0,53,356,2756,87.0827,0.0213,0.0022,0.0653
1080,spatial_grid,scene_stress,0,52,0,0,53,356,2756,87.0827,0.0213,0.0022,0.0653
1081,spatial_grid,scene_stress,0,52,0,0,53,356,2756,87.0827,0.0213,0.0022,0.0653
1082,spatial_grid,scene_stress,0,52,0,0,53,356,2756,87.0827,0.0213,0.0022,0.0653
1083,spatial_grid,scene_stress,0,52,0,0,53,356,2756,87.0827,0.0213,0.0022,0.0653
1084,spatial_grid,scene_stress,0,52,0,0,53,356,2756,87.0827,0.0213,0.0022,0.0653
1085,spatial_grid,scene_stress,0,52,0,0,53,356,2756,87.0827,0.0213,0.0022,0.0653
1086,spatial_grid,scene_stress,0,52,0,0,53,356,2756,87.0827,0.0213,0.0022,0.0653
1087,spatial_grid,scene_stress,0,52,0,0,53,356,2756,87.0827,0.0213,0.0022,0.0653
1088,spatial_grid,scene_stress,0,52,0,0,53,356,2756,87.0827,0.0213,0.0022,0.0653
1089,spatial_grid,scene_stress,0,52,0,0,53,356,2756,87.0827,0.0213,0.0022,0.0653
1090,spatial_grid,scene_stress,0,52,0,0,53,356,2756,87.0827,0.0213,0.0022,0.0653
1091,spatial_grid,scene_stress,0,52,0,0,53,356,2756,87.0827,0.0213,0.0022,0.0653
1092,spatial_grid,scene_stress,0,52,0,0,53,356,2756,87.0827,0.0213,0.0022,0.0653
1093,spatial_grid,scene_stress,0,52,0,0,53,356,2756,87.0827,0.0213,0.0022,0.0653
1094,spatial_grid,scene_stress,0,52,0,0,53,356,2756,87.0827,0.0213,0.0022,0.0653
1095,spatial_grid,scene_stress,0,52,0,0,53,356,2756,87.0827,0.0213,0.0022,0.0653
1096,spatial_grid,scene_stress,0,52,0,0,53,356,2756,87.0827,0.0213,0.0022,0.0653
1097,spatial_grid,scene_stress,0,52,0,0,53,356,2756,87.0827,0.0213,0.0022,0.0653
1098,spatial_grid,scene_stress,0,52,0,0,53,356,2756,87.0827,0.0213,0.0022,0.0653
1099,spatial_grid,scene_stress,0,52,0,0,53,356,2756,87.0827,0.0213,0.0022,0.0653
1100,spatial_grid,scene_stress,0,52,0,0,53,356,2756,87.0827,0.0213,0.0022,0.0653
1101,spatial_grid,scene_stress,0,52,0,0,53,356,2756,87.0827,0.0213,0.0022,0.0653
1102,spatial_grid,scene_stress,0,52,0,0,53,356,2756,87.0827,0.0213,0.0022,0.0653
1103,spatial_grid,scene_stress,0,52,0,0,53,356,2756,87.0827,0.0213,0.0022,0.0653
1104,spatial_grid,scene_stress,0,52,0,0,53,356,2756,87.0827,0.0213,0.0022,0.0653
1105,spatial_grid,scene_stress,0,52,0,0,53,356,2756,87.0827,0.0213,0.0022,0.0653
1106,spatial_grid,scene_stress,0,52,0,0,53,356,2756,87.0827,0.0213,0.0022,0.0653
1107,spatial_grid,scene_stress,0,52,0,0,53,356,2756,87.0827,0.0213,0.0022,0.0653
1108,spatial_grid,scene_stress,0,52,0,0,53,356,2756,87.0827,0.0213,0.0022,0.0653
1109,spatial_grid,scene_stress,0,52,0,0,53,356,2756,87.0827,0.0213,0.0022,0.0653
1110,spatial_grid,scene_stress,0,52,0,0,53,356,2756,87.0827,0.0213,0.0022,0.0653
1111,spatial_grid,scene_stress,0,52,0,0,53,356,2756,87.0827,0.0213,0.0022,0.0653
1112,spatial_grid,scene_stress,0,52,0,0,53,356,2756,87.0827,0.0213,0.0022,0.0653
1113,spatial_grid,scene_stress,0,52,0,0,53,356,2756,87.0827,0.0213,0.0022,0.0653
1114,spatial_grid,scene_stress,0,52,0,0,53,356,2756,87.0827,0.0213,0.0022,0.0653
1115,spatial_grid,scene_stress,0,52,0,0,53,356,2756,87.0827,0.0213,0.0022,0.0653
1116,spatial_grid,scene_stress,0,52,0,0,53,356,2756,87.0827,0.0213,0.0022,0.0653
1117,spatial_grid,scene_stress,0,52,0,0,53,356,2756,87.0827,0.0213,0.0022,0.0653
1118,spatial_grid,scene_stress,0,52,0,0,53,356,2756,87.0827,0.0213,0.0022,0.0653
1119,spatial_grid,scene_stress,0,52,0,0,53,356,2756,87.0827,0.0213,0.0022,0.0653
1120,spatial_grid,scene_stress,0,52,0,0,53,356,2756,87.0827,0.0213,0.0022,0.0653
1121,spatial_grid,scene_stress,0,52,0,0,53,356,2756,87.0827,0.0213,0.0022,0.0653
1122,spatial_grid,scene_stress,0,52,0,0,53,356,2756,87.0827,0.0213,0.0022,0.0653
1123,spatial_grid,scene_stress,0,52,0,0,53,356,2756,87.0827,0.0213,0.0022,0.0653
1124,spatial_grid,scene_stress,0,52,0,0,53,356,2756,87.0827,0.0213,0.0022,0.0653
1125,spatial_grid,scene_stress,0,52,0,0,53,356,2756,87.0827,0.0213,0.0022,0.0653
1126,spatial_grid,scene_stress,0,52,0,0,53,356,2756,87.0827,0.0213,0.0022,0.0653
1127,spatial_grid,scene_stress,0,52,0,0,53,356,2756,87.0827,0.0213,0.0022,0.0653
1128,spatial_grid,scene_stress,0,52,0,0,53,356,2756,87.0827,0.0213,0.0022,0.0653
1129,spatial_grid,scene_stress,0,52,0,0,53,356,2756,87.0827,0.0213,0.0022,0.0653
1130,spatial_grid,scene_stress,0,52,0,0,53,356,2756,87.0827,0.0213,0.0022,0.0653
1131,spatial_grid,scene_stress,0,52,0,0,53,356,2756,87.0827,0.0213,0.0022,0.0653
1132,spatial_grid,scene_stress,0,52,0,0,53,356,2756,87.0827,0.0213,0.0022,0.0653
1133,spatial_grid,scene_stress,0,52,0,0,53,356,2756,87.0827,0.0213,0.0022,0.0653
1134,spatial_grid,scene_stress,0,52,0,0,53,356,2756,87.0827,0.0213,0.0022,0.0653
1135,spatial_grid,scene_stress,0,52,0,0,53,356,2756,87.0827,0.0213,0.0022,0.0653
1136,spatial_grid,scene_stress,0,52,0,0,53,356,2756,87.0827,0.0213,0.0022,0.0653
1137,spatial_grid,scene_stress,0,52,0,0,53,356,2756,87.0827,0.0213,0.0022,0.0653
1138,spatial_grid,scene_stress,0,52,0,0,53,356,2756,87.0827,0.0213,0.0022,0.0653
1139,spatial_grid,scene_stress,0,52,0,0,53,356,2756,87.0827,0.0213,0.0022,0.0653
1140,spatial_grid,scene_stress,0,52,0,0,53,356,2756,87.0827,0.0213,0.0022,0.0653
1141,spatial_grid,scene_stress,0,52,0,0,53,356,2756,87.0827,0.0213,0.0022,0.0653
1142,spatial_grid,scene_stress,0,52,0,0,53,356,2756,87.0827,0.0213,0.0022,0.0653
1143,spatial_grid,scene_stress,0,52,0,0,53,356,2756,87.0827,0.0213,0.0022,0.0653
1144,spatial_grid,scene_stress,0,52,0,0,53,356,2756,87.0827,0.0213,0.0022,0.0653
1145,spatial_grid,scene_stress,0,52,0,0,53,356,2756,87.0827,0.0213,0.0022,0.0653
1146,spatial_grid,scene_stress,0,52,0,0,53,356,2756,87.0827,0.0213,0.0022,0.0653
1147,spatial_grid,scene_stress,0,52,0,0,53,356,2756,87.0827,0.0213,0.0022,0.0653
1148,spatial_grid,scene_stress,0,52,0,0,53,356,2756,87.0827,0.0213,0.0022,0.0653
1149,spatial_grid,scene_stress,0,52,0,0,53,356,2756,87.0827,0.0213,0.0022,0.0653
1150,spatial_grid,scene_stress,0,52,0,0,53,356,2756,87.0827,0.0213,0.0022,0.0653
1151,spatial_grid,scene_stress,0,52,0,0,53,356,2756,87.0827,0.0213,0.0022,0.0653
1152,spatial_grid,scene_stress,0,52,0,0,53,356,2756,87.0827,0.0213,0.0022,0.0653
1153,spatial_grid,scene_stress,0,52,0,0,53,356,2756,87.0827,0.0213,0.0022,0.0653
1154,spatial_grid,scene_stress,0,52,0,0,53,356,2756,87.0827,0.0213,0.0022,0.0653
1155,spatial_grid,scene_stress,0,52,0,0,53,356,2756,87.0827,0.0213,0.0022,0.0653
1156,spatial_grid,scene_stress,0,52,0,0,53,356,2756,87.0827,0.0213,0.0022,0.0653
1157,spatial_grid,scene_stress,0,52,0,0,53,356,2756,87.0827,0.0213,0.0022,0.0653
1158,spatial_grid,scene_stress,0,52,0,0,53,356,2756,87.0827,0.0213,0.0022,0.0653
1159,spatial_grid,scene_stress,0,52,0,0,53,356,2756,87.0827,0.0213,0.0022,0.0653
1160,spatial_grid,scene_stress,0,52,0,0,53,356,2756,87.0827,0.0213,0.0022,0.0653
1161,spatial_grid,scene_stress,0,52,0,0,53,356,2756,87.0827,0.0213,0.0022,0.0653
1162,spatial_grid,scene_stress,0,52,0,0,53,356,2756,87.0827,0.0213,0.0022,0.0653
1163,spatial_grid,scene_stress,0,52,0,0,53,356,2756,87.0827,0.0213,0.0022,0.0653
1164,spatial_grid,scene_stress,0,52,0,0,53,356,2756,87.0827,0.0213,0.0022,0.0653
1165,spatial_grid,scene_stress,0,52,0,0,53,356,2756,87.0827,0.0213,0.0022,0.0653
1166,spatial_grid,scene_stress,0,52,0,0,53,356,2756,87.0827,0.0213,0.0022,0.0653
1167,spatial_grid,scene_stress,0,52,0,0,53,356,2756,87.0827,0.0213,0.0022,0.0653
1168,spatial_grid,scene_stress,0,52,0,0,53,356,2756,87.0827,0.0213,0.0022,0.0653
1169,spatial_grid,scene_stress,0,52,0,0,53,356,2756,87.0827,0.0213,0.0022,0.0653
1170,spatial_grid,scene_stress,0,52,0,0,53,356,2756,87.0827,0.0213,0.0022,0.0653
1171,spatial_grid,scene_stress,0,52,0,0,53,356,2756,87.0827,0.0213,0.0022,0.0653
1172,spatial_grid,scene_stress,0,52,0,0,53,356,2756,87.0827,0.0213,0.0022,0.0653
1173,spatial_grid,scene_stress,0,52,0,0,53,356,2756,87.0827,0.0213,0.0022,0.0653
1174,spatial_grid,scene_stress,0,52,0,0,53,356,2756,87.0827,0.0213,0.0022,0.0653
1175,spatial_grid,scene_stress,0,52,0,0,53,356,2756,87.0827,0.0213,0.0022,0.0653
1176,spatial_grid,scene_stress,0,52,0,0,53,356,2756,87.0827,0.0213,0.0022,0.0653
1177,spatial_grid,scene_stress,0,52,0,0,53,356,2756,87.0827,0.0213,0.0022,0.0653
1178,spatial_grid,scene_stress,0,52,0,0,53,356,2756,87.0827,0.0213,0.0022,0.0653
1179,spatial_grid,scene_stress,0,52,0,0,53,356,2756,87.0827,0.0213,0.0022,0.0653
1180,spatial_grid,scene_stress,0,52,0,0,53,356,2756,87.0827,0.0213,0.0022,0.0653
1181,spatial_grid,scene_stress,0,52,0,0,53,356,2756,87.0827,0.0213,0.0022,0.0653
1182,spatial_grid,scene_stress,0,52,0,0,53,356,2756,87.0827,0.0213,0.0022,0.0653
1183,spatial_grid,scene_stress,0,52,0,0,53,356,2756,87.0827,0.0213,0.0022,0.0653
1184,spatial_grid,scene_stress,0,52,0,0,53,356,2756,87.0827,0.0213,0.0022,0.0653
1185,spatial_grid,scene_stress,0,52,0,0,53,356,2756,87.0827,0.0213,0.0022,0.0653
1186,spatial_grid,scene_stress,0,52,0,0,53,356,2756,87.0827,0.0213,0.0022,0.0653
1187,spatial_grid,scene_stress,0,52,0,0,53,356,2756,87.0827,0.0213,0.0022,0.0653
1188,spatial_grid,scene_stress,0,52,0,0,53,356,2756,87.0827,0.0213,0.0022,0.0653
1189,spatial_grid,scene_stress,0,52,0,0,53,356,2756,87.0827,0.0213,0.0022,0.0653
1190,spatial_grid,scene_stress,0,52,0,0,53,356,2756,87.0827,0.0213,0.0022,0.0653
1191,spatial_grid,scene_stress,0,52,0,0,53,356,2756,87.0827,0.0213,0.0022,0.0653
1192,spatial_grid,scene_stress,0,52,0,0,53,356,2756,87.0827,0.0213,0.0022,0.0653
1193,spatial_grid,scene_stress,0,52,0,0,53,356,2756,87.0827,0.0213,0.0022,0.0653
1194,spatial_grid,scene_stress,0,52,0,0,53,356,2756,87.0827,0.0213,0.0022,0.0653
1195,spatial_grid,scene_stress,0,52,0,0,53,356,2756,87.0827,0.0213,0.0022,0.0653
1196,spatial_grid,scene_stress,0,52,0,0,53,356,2756,87.0827,0.0213,0.0022,0.0653
1197,spatial_grid,scene_stress,0,52,0,0,53,356,2756,87.0827,0.0213,0.0022,0.0653
1198,spatial_grid,scene_stress,0,52,0,0,53,356,2756,87.0827,0.0213,0.0022,0.0653
1199,spatial_grid,scene_stress,0,52,0,0,53,356,2756,87.0827,0.0213,0.0022,0.0653
1200,spatial_grid,scene_stress,0,52,0,0,53,356,2756,87.0827,0.0213,0.0022,0.0653
1,brute_force,scene_stress,0,50,0,0,0,0,0,0,0,0,0
2,brute_force,scene_stress,0,50,0,0,0,0,0,0,0,0,0
3,brute_force,scene_stress,0,50,0,0,0,0,0,0,0,0,0
4,brute_force,scene_stress,0,50,0,0,0,0,0,0,0,0,0
5,brute_force,scene_stress,0,50,0,0,0,0,0,0,0,0,0
6,brute_force,scene_stress,0,50,0,0,0,0,0,0,0,0,0
7,brute_force,scene_stress,0,50,0,0,0,0,0,0,0,0,0
8,brute_force,scene_stress,0,50,0,0,0,0,0,0,0,0,0
9,brute_force,scene_stress,0,50,0,0,0,0,0,0,0,0,0
10,brute_force,scene_stress,0,50,0,0,0,0,0,0,0,0,0
11,brute_force,scene_stress,0,50,0,0,0,0,0,0,0,0,0
12,brute_force,scene_stress,0,50,0,0,0,0,0,0,0,0,0
13,brute_force,scene_stress,0,50,0,0,0,0,0,0,0,0,0
14,brute_force,scene_stress,0,50,0,0,0,0,0,0,0,0,0
15,brute_force,scene_stress,0,50,0,0,0,0,0,0,0,0,0
16,brute_force,scene_stress,0,50,0,0,0,0,0,0,0,0,0
17,brute_force,scene_stress,0,50,0,0,0,0,0,0,0,0,0
18,brute_force,scene_stress,0,50,0,0,0,0,0,0,0,0,0
19,brute_force,scene_stress,0,50,0,0,0,0,0,0,0,0,0
20,brute_force,scene_stress,0,50,0,0,0,0,0,0,0,0,0
21,brute_force,scene_stress,0,50,0,0,0,0,0,0,0,0,0
22,brute_force,scene_stress,0,50,0,0,0,0,0,0,0,0,0
23,brute_force,scene_stress,0,50,0,0,0,0,0,0,0,0,0
24,brute_force,scene_stress,0,50,0,0,0,0,0,0,0,0,0
25,brute_force,scene_stress,0,50,0,0,0,0,0,0,0,0,0
26,brute_force,scene_stress,0,50,0,0,0,0,0,0,0,0,0
27,brute_force,scene_stress,0,50,0,0,0,0,0,0,0,0,0
28,brute_force,scene_stress,0,50,0,0,0,0,0,0,0,0,0
29,brute_force,scene_stress,0,50,0,0,0,0,0,0,0,0,0
30,brute_force,scene_stress,0,50,0,0,0,0,0,0,0,0,0
31,brute_force,scene_stress,0,50,0,0,0,0,0,0,0,0,0
32,brute_force,scene_stress,0,50,0,0,0,0,0,0,0,0,0
33,brute_force,scene_stress,0,50,0,0,0,0,0,0,0,0,0
34,brute_force,scene_stress,0,50,0,0,0,0,0,0,0,0,0
35,brute_force,scene_stress,0,50,0,0,0,0,0,0,0,0,0
36,brute_force,scene_stress,0,50,0,0,0,0,0,0,0,0,0
37,brute_force,scene_stress,0,50,0,0,0,0,0,0,0,0,0
38,brute_force,scene_stress,0,50,0,0,0,0,0,0,0,0,0
39,brute_force,scene_stress,0,50,0,0,0,0,0,0,0,0,0
40,brute_force,scene_stress,0,50,0,0,0,0,0,0,0,0,0
41,brute_force,scene_stress,0,50,0,0,0,0,0,0,0,0,0
42,brute_force,scene_stress,0,50,0,0,0,0,0,0,0,0,0
43,brute_force,scene_stress,0,50,0,0,0,0,0,0,0,0,0
44,brute_force,scene_stress,0,50,0,0,0,0,0,0,0,0,0
45,brute_force,scene_stress,0,50,0,0,0,0,0,0,0,0,0
46,brute_force,scene_stress,0,50,0,0,0,0,0,0,0,0,0
47,brute_force,scene_stress,0,50,0,0,0,0,0,0,0,0,0
48,brute_force,scene_stress,0,50,0,0,0,0,0,0,0,0,0
49,brute_force,scene_stress,0,50,0,0,0,0,0,0,0,0,0
50,brute_force,scene_stress,0,50,0,0,0,0,0,0,0,0,0
51,brute_force,scene_stress,0,50,0,0,0,0,0,0,0,0,0
52,brute_force,scene_stress,0,50,0,0,0,0,0,0,0,0,0
53,brute_force,scene_stress,0,50,0,0,0,0,0,0,0,0,0
54,brute_force,scene_stress,0,50,0,0,0,0,0,0,0,0,0
55,brute_force,scene_stress,0,50,0,0,0,0,0,0,0,0,0
56,brute_force,scene_stress,0,50,0,0,0,0,0,0,0,0,0
57,brute_force,scene_stress,0,50,0,0,0,0,0,0,0,0,0
58,brute_force,scene_stress,0,50,0,0,0,0,0,0,0,0,0
59,brute_force,scene_stress,0,50,0,0,0,0,0,0,0,0,0
60,brute_force,scene_stress,0,50,0,0,0,0,0,0,0,0,0
61,brute_force,scene_stress,0,50,0,0,0,0,0,0,0,0,0
62,brute_force,scene_stress,0,50,0,0,0,0,0,0,0,0,0
63,brute_force,scene_stress,0,50,0,0,0,0,0,0,0,0,0
64,brute_force,scene_stress,0,50,0,0,0,0,0,0,0,0,0
65,brute_force,scene_stress,0,50,0,0,0,0,0,0,0,0,0
66,brute_force,scene_stress,0,50,0,0,0,0,0,0,0,0,0
67,brute_force,scene_stress,0,50,0,0,0,0,0,0,0,0,0
68,brute_force,scene_stress,0,50,0,0,0,0,0,0,0,0,0
69,brute_force,scene_stress,0,50,0,0,0,0,0,0,0,0,0
70,brute_force,scene_stress,0,50,0,0,0,0,0,0,0,0,0
71,brute_force,scene_stress,0,50,0,0,0,0,0,0,0,0,0
72,brute_force,scene_stress,0,50,0,0,0,0,0,0,0,0,0
73,brute_force,scene_stress,0,50,0,0,0,0,0,0,0,0,0
74,brute_force,scene_stress,0,50,0,0,0,0,0,0,0,0,0
75,brute_force,scene_stress,0,50,0,0,0,0,0,0,0,0,0
76,brute_force,scene_stress,0,50,0,0,0,0,0,0,0,0,0
77,brute_force,scene_stress,0,50,0,0,0,0,0,0,0,0,0
78,brute_force,scene_stress,0,50,0,0,0,0,0,0,0,0,0
79,brute_force,scene_stress,0,50,0,0,0,0,0,0,0,0,0
80,brute_force,scene_stress,0,50,0,0,0,0,0,0,0,0,0
81,brute_force,scene_stress,0,50,0,0,0,0,0,0,0,0,0
82,brute_force,scene_stress,0,50,0,0,0,0,0,0,0,0,0
83,brute_force,scene_stress,0,50,0,0,0,0,0,0,0,0,0
84,brute_force,scene_stress,0,50,0,0,0,0,0,0,0,0,0
85,brute_force,scene_stress,0,50,0,0,0,0,0,0,0,0,0
86,brute_force,scene_stress,0,50,0,0,0,0,0,0,0,0,0
87,brute_force,scene_stress,0,50,0,0,0,0,0,0,0,0,0
88,brute_force,scene_stress,0,50,0,0,0,0,0,0,0,0,0
89,brute_force,scene_stress,0,50,0,0,0,0,0,0,0,0,0
90,brute_force,scene_stress,0,50,0,0,0,0,0,0,0,0,0
91,brute_force,scene_stress,0,50,0,0,0,0,0,0,0,0,0
92,brute_force,scene_stress,0,50,0,0,0,0,0,0,0,0,0
93,brute_force,scene_stress,0,50,0,0,0,0,0,0,0,0,0
94,brute_force,scene_stress,0,50,0,0,0,0,0,0,0,0,0
95,brute_force,scene_stress,0,50,0,0,0,0,0,0,0,0,0
96,brute_force,scene_stress,0,50,0,0,0,0,0,0,0,0,0
97,brute_force,scene_stress,0,50,0,0,0,0,0,0,0,0,0
98,brute_force,scene_stress,0,50,0,0,0,0,0,0,0,0,0
99,brute_force,scene_stress,0,50,0,0,0,0,0,0,0,0,0
100,brute_force,scene_stress,0,50,0,0,0,0,0,0,0,0,0
101,brute_force,scene_stress,0,50,0,0,0,0,0,0,0,0,0
102,brute_force,scene_stress,0,50,0,0,0,0,0,0,0,0,0
103,brute_force,scene_stress,0,50,0,0,0,0,0,0,0,0,0
104,brute_force,scene_stress,0,50,0,0,0,0,0,0,0,0,0
105,brute_force,scene_stress,0,50,0,0,0,0,0,0,0,0,0
106,brute_force,scene_stress,0,50,0,0,0,0,0,0,0,0,0
107,brute_force,scene_stress,0,50,0,0,0,0,0,0,0,0,0
108,brute_force,scene_stress,0,50,0,0,0,0,0,0,0,0,0
109,brute_force,scene_stress,0,50,0,0,0,0,0,0,0,0,0
110,brute_force,scene_stress,0,50,0,0,0,0,0,0,0,0,0
111,brute_force,scene_stress,0,50,0,0,0,0,0,0,0,0,0
112,brute_force,scene_stress,0,50,0,0,0,0,0,0,0,0,0
113,brute_force,scene_stress,0,50,0,0,0,0,0,0,0,0,0
114,brute_force,scene_stress,0,50,0,0,0,0,0,0,0,0,0
115,brute_force,scene_stress,0,50,0,0,0,0,0,0,0,0,0
116,brute_force,scene_stress,0,50,0,0,0,0,0,0,0,0,0
117,brute_force,scene_stress,0,50,0,0,0,0,0,0,0,0,0
118,brute_force,scene_stress,0,50,0,0,0,0,0,0,0,0,0
119,brute_force,scene_stress,0,50,0,0,0,0,0,0,0,0,0
120,brute_force,scene_stress,0,50,0,0,0,0,0,0,0,0,0
121,brute_force,scene_stress,0,50,0,0,0,0,0,0,0,0,0
122,brute_force,scene_stress,0,50,0,0,0,0,0,0,0,0,0
123,brute_force,scene_stress,0,50,0,0,0,0,0,0,0,0,0
124,brute_force,scene_stress,0,50,0,0,0,0,0,0,0,0,0
125,brute_force,scene_stress,0,50,0,0,0,0,0,0,0,0,0
126,brute_force,scene_stress,0,50,0,0,0,0,0,0,0,0,0
127,brute_force,scene_stress,0,50,0,0,0,0,0,0,0,0,0
128,brute_force,scene_stress,0,50,0,0,0,0,0,0,0,0,0
129,brute_force,scene_stress,0,50,0,0,0,0,0,0,0,0,0
130,brute_force,scene_stress,0,50,0,0,0,0,0,0,0,0,0
131,brute_force,scene_stress,0,50,0,0,0,0,0,0,0,0,0
132,brute_force,scene_stress,0,50,0,0,0,0,0,0,0,0,0
133,brute_force,scene_stress,0,50,0,0,0,0,0,0,0,0,0
134,brute_force,scene_stress,0,50,0,0,0,0,0,0,0,0,0
135,brute_force,scene_stress,0,50,0,0,0,0,0,0,0,0,0
136,brute_force,scene_stress,0,50,0,0,0,0,0,0,0,0,0
137,brute_force,scene_stress,0,50,0,0,0,0,0,0,0,0,0
138,brute_force,scene_stress,0,50,0,0,0,0,0,0,0,0,0
139,brute_force,scene_stress,0,50,0,0,0,0,0,0,0,0,0
140,brute_force,scene_stress,0,50,0,0,0,0,0,0,0,0,0
141,brute_force,scene_stress,0,50,0,0,0,0,0,0,0,0,0
142,brute_force,scene_stress,0,50,0,0,0,0,0,0,0,0,0
143,brute_force,scene_stress,0,50,0,0,0,0,0,0,0,0,0
144,brute_force,scene_stress,0,50,0,0,0,0,0,0,0,0,0
145,brute_force,scene_stress,0,50,0,0,0,0,0,0,0,0,0
146,brute_force,scene_stress,0,50,0,0,0,0,0,0,0,0,0
147,brute_force,scene_stress,0,50,0,0,0,0,0,0,0,0,0
148,brute_force,scene_stress,0,50,0,0,0,0,0,0,0,0,0
149,brute_force,scene_stress,0,50,0,0,0,0,0,0,0,0,0
150,brute_force,scene_stress,0,50,0,0,0,0,0,0,0,0,0
151,brute_force,scene_stress,0,50,0,0,0,0,0,0,0,0,0
152,brute_force,scene_stress,0,50,0,0,0,0,0,0,0,0,0
153,brute_force,scene_stress,0,50,0,0,0,0,0,0,0,0,0
154,brute_force,scene_stress,0,50,0,0,0,0,0,0,0,0,0
155,brute_force,scene_stress,0,50,0,0,0,0,0,0,0,0,0
156,brute_force,scene_stress,0,50,0,0,0,0,0,0,0,0,0
157,brute_force,scene_stress,0,50,0,0,0,0,0,0,0,0,0
158,brute_force,scene_stress,0,50,0,0,0,0,0,0,0,0,0
159,brute_force,scene_stress,0,50,0,0,0,0,0,0,0,0,0
160,brute_force,scene_stress,0,50,0,0,0,0,0,0,0,0,0
161,brute_force,scene_stress,0,50,0,0,0,0,0,0,0,0,0
162,brute_force,scene_stress,0,50,0,0,0,0,0,0,0,0,0
163,brute_force,scene_stress,0,50,0,0,0,0,0,0,0,0,0
164,brute_force,scene_stress,0,50,0,0,0,0,0,0,0,0,0
165,brute_force,scene_stress,0,50,0,0,0,0,0,0,0,0,0
166,brute_force,scene_stress,0,50,0,0,0,0,0,0,0,0,0
167,brute_force,scene_stress,0,50,0,0,0,0,0,0,0,0,0
168,brute_force,scene_stress,0,50,0,0,0,0,0,0,0,0,0
169,brute_force,scene_stress,0,50,0,0,0,0,0,0,0,0,0
170,brute_force,scene_stress,0,50,0,0,0,0,0,0,0,0,0
171,brute_force,scene_stress,0,50,0,0,0,0,0,0,0,0,0
172,brute_force,scene_stress,0,50,0,0,0,0,0,0,0,0,0
173,brute_force,scene_stress,0,50,0,0,0,0,0,0,0,0,0
174,brute_force,scene_stress,0,50,0,0,0,0,0,0,0,0,0
175,brute_force,scene_stress,0,50,0,0,0,0,0,0,0,0,0
176,brute_force,scene_stress,0,50,0,0,0,0,0,0,0,0,0
177,brute_force,scene_stress,0,50,0,0,0,0,0,0,0,0,0
178,brute_force,scene_stress,0,50,0,0,0,0,0,0,0,0,0
179,brute_force,scene_stress,0,50,0,0,0,0,0,0,0,0,0
180,brute_force,scene_stress,0,50,0,0,0,0,0,0,0,0,0
181,brute_force,scene_stress,0,50,0,0,0,0,0,0,0,0,0
182,brute_force,scene_stress,0,50,0,0,0,0,0,0,0,0,0
183,brute_force,scene_stress,0,50,0,0,0,0,0,0,0,0,0
184,brute_force,scene_stress,0,50,0,0,0,0,0,0,0,0,0
185,brute_force,scene_stress,0,50,0,0,0,0,0,0,0,0,0
186,brute_force,scene_stress,0,50,0,0,0,0,0,0,0,0,0
187,brute_force,scene_stress,0,50,0,0,0,0,0,0,0,0,0
188,brute_force,scene_stress,0,50,0,0,0,0,0,0,0,0,0
189,brute_force,scene_stress,0,50,0,0,0,0,0,0,0,0,0
190,brute_force,scene_stress,0,50,0,0,0,0,0,0,0,0,0
191,brute_force,scene_stress,0,50,0,0,0,0,0,0,0,0,0
192,brute_force,scene_stress,0,50,0,0,0,0,0,0,0,0,0
193,brute_force,scene_stress,0,50,0,0,0,0,0,0,0,0,0
194,brute_force,scene_stress,0,50,0,0,0,0,0,0,0,0,0
195,brute_force,scene_stress,0,50,0,0,0,0,0,0,0,0,0
196,brute_force,scene_stress,0,50,0,0,0,0,0,0,0,0,0
197,brute_force,scene_stress,0,50,0,0,0,0,0,0,0,0,0
198,brute_force,scene_stress,0,50,0,0,0,0,0,0,0,0,0
199,brute_force,scene_stress,0,50,0,0,0,0,0,0,0,0,0
200,brute_force,scene_stress,0,50,0,0,0,0,0,0,0,0,0
201,brute_force,scene_stress,0,50,0,0,0,0,0,0,0,0,0
202,brute_force,scene_stress,0,50,0,0,0,0,0,0,0,0,0
203,brute_force,scene_stress,0,50,0,0,0,0,0,0,0,0,0
204,brute_force,scene_stress,0,50,0,0,0,0,0,0,0,0,0
205,brute_force,scene_stress,0,50,0,0,0,0,0,0,0,0,0
206,brute_force,scene_stress,0,50,0,0,0,0,0,0,0,0,0
207,brute_force,scene_stress,0,50,0,0,0,0,0,0,0,0,0
208,brute_force,scene_stress,0,50,0,0,0,0,0,0,0,0,0
209,brute_force,scene_stress,0,50,0,0,0,0,0,0,0,0,0
210,brute_force,scene_stress,0,50,0,0,0,0,0,0,0,0,0
211,brute_force,scene_stress,0,50,0,0,0,0,0,0,0,0,0
212,brute_force,scene_stress,0,50,0,0,0,0,0,0,0,0,0
213,brute_force,scene_stress,0,50,0,0,0,0,0,0,0,0,0
214,brute_force,scene_stress,0,50,0,0,0,0,0,0,0,0,0
215,brute_force,scene_stress,0,50,0,0,0,0,0,0,0,0,0
216,brute_force,scene_stress,0,50,0,0,0,0,0,0,0,0,0
217,brute_force,scene_stress,0,50,0,0,0,0,0,0,0,0,0
218,brute_force,scene_stress,0,50,0,0,0,0,0,0,0,0,0
219,brute_force,scene_stress,0,50,0,0,0,0,0,0,0,0,0
220,brute_force,scene_stress,0,50,0,0,0,0,0,0,0,0,0
221,brute_force,scene_stress,0,50,0,0,0,0,0,0,0,0,0
222,brute_force,scene_stress,0,50,0,0,0,0,0,0,0,0,0
223,brute_force,scene_stress,0,50,0,0,0,0,0,0,0,0,0
224,brute_force,scene_stress,0,50,0,0,0,0,0,0,0,0,0
225,brute_force,scene_stress,0,50,0,0,0,0,0,0,0,0,0
226,brute_force,scene_stress,0,50,0,0,0,0,0,0,0,0,0
227,brute_force,scene_stress,0,50,0,0,0,0,0,0,0,0,0
228,brute_force,scene_stress,0,50,0,0,0,0,0,0,0,0,0
229,brute_force,scene_stress,0,50,0,0,0,0,0,0,0,0,0
230,brute_force,scene_stress,0,50,0,0,0,0,0,0,0,0,0
231,brute_force,scene_stress,0,50,0,0,0,0,0,0,0,0,0
232,brute_force,scene_stress,0,50,0,0,0,0,0,0,0,0,0
233,brute_force,scene_stress,0,50,0,0,0,0,0,0,0,0,0
234,brute_force,scene_stress,0,50,0,0,0,0,0,0,0,0,0
235,brute_force,scene_stress,0,50,0,0,0,0,0,0,0,0,0
236,brute_force,scene_stress,0,50,0,0,0,0,0,0,0,0,0
237,brute_force,scene_stress,0,50,0,0,0,0,0,0,0,0,0
238,brute_force,scene_stress,0,50,0,0,0,0,0,0,0,0,0
239,brute_force,scene_stress,0,50,0,0,0,0,0,0,0,0,0
240,brute_force,scene_stress,0,50,0,0,0,0,0,0,0,0,0
241,brute_force,scene_stress,0,50,0,0,0,0,0,0,0,0,0
242,brute_force,scene_stress,0,50,0,0,0,0,0,0,0,0,0
243,brute_force,scene_stress,0,50,0,0,0,0,0,0,0,0,0
244,brute_force,scene_stress,0,50,0,0,0,0,0,0,0,0,0
245,brute_force,scene_stress,0,50,0,0,0,0,0,0,0,0,0
246,brute_force,scene_stress,0,50,0,0,0,0,0,0,0,0,0
247,brute_force,scene_stress,0,50,0,0,0,0,0,0,0,0,0
248,brute_force,scene_stress,0,50,0,0,0,0,0,0,0,0,0
249,brute_force,scene_stress,0,50,0,0,0,0,0,0,0,0,0
250,brute_force,scene_stress,0,50,0,0,0,0,0,0,0,0,0
251,brute_force,scene_stress,0,50,0,0,0,0,0,0,0,0,0
252,brute_force,scene_stress,0,50,0,0,0,0,0,0,0,0,0
253,brute_force,scene_stress,0,50,0,0,0,0,0,0,0,0,0
254,brute_force,scene_stress,0,50,0,0,0,0,0,0,0,0,0
255,brute_force,scene_stress,0,50,0,0,0,0,0,0,0,0,0
256,brute_force,scene_stress,0,50,0,0,0,0,0,0,0,0,0
257,brute_force,scene_stress,0,50,0,0,0,0,0,0,0,0,0
258,brute_force,scene_stress,0,50,0,0,0,0,0,0,0,0,0
259,brute_force,scene_stress,0,50,0,0,0,0,0,0,0,0,0
260,brute_force,scene_stress,0,50,0,0,0,0,0,0,0,0,0
261,brute_force,scene_stress,0,50,0,0,0,0,0,0,0,0,0
262,brute_force,scene_stress,0,50,0,0,0,0,0,0,0,0,0
263,brute_force,scene_stress,0,50,0,0,0,0,0,0,0,0,0
264,brute_force,scene_stress,0,50,0,0,0,0,0,0,0,0,0
265,brute_force,scene_stress,0,50,0,0,0,0,0,0,0,0,0
266,brute_force,scene_stress,0,50,0,0,0,0,0,0,0,0,0
267,brute_force,scene_stress,0,50,0,0,0,0,0,0,0,0,0
268,brute_force,scene_stress,0,50,0,0,0,0,0,0,0,0,0
269,brute_force,scene_stress,0,50,0,0,0,0,0,0,0,0,0
270,brute_force,scene_stress,0,50,0,0,0,0,0,0,0,0,0
271,brute_force,scene_stress,0,50,0,0,0,0,0,0,0,0,0
272,brute_force,scene_stress,0,50,0,0,0,0,0,0,0,0,0
273,brute_force,scene_stress,0,50,0,0,0,0,0,0,0,0,0
274,brute_force,scene_stress,0,50,0,0,0,0,0,0,0,0,0
275,brute_force,scene_stress,0,50,0,0,0,0,0,0,0,0,0
276,brute_force,scene_stress,0,50,0,0,0,0,0,0,0,0,0
277,brute_force,scene_stress,0,50,0,0,0,0,0,0,0,0,0
278,brute_force,scene_stress,0,50,0,0,0,0,0,0,0,0,0
279,brute_force,scene_stress,0,50,0,0,0,0,0,0,0,0,0
280,brute_force,scene_stress,0,50,0,0,0,0,0,0,0,0,0
281,brute_force,scene_stress,0,50,0,0,0,0,0,0,0,0,0
282,brute_force,scene_stress,0,50,0,0,0,0,0,0,0,0,0
283,brute_force,scene_stress,0,50,0,0,0,0,0,0,0,0,0
284,brute_force,scene_stress,0,50,0,0,0,0,0,0,0,0,0
285,brute_force,scene_stress,0,50,0,0,0,0,0,0,0,0,0
286,brute_force,scene_stress,0,50,0,0,0,0,0,0,0,0,0
287,brute_force,scene_stress,0,50,0,0,0,0,0,0,0,0,0
288,brute_force,scene_stress,0,50,0,0,0,0,0,0,0,0,0
289,brute_force,scene_stress,0,50,0,0,0,0,0,0,0,0,0
290,brute_force,scene_stress,0,52,0,0,53,2756,2756,0,0.0018,0.0092,0.3613
291,brute_force,scene_stress,0,52,0,0,53,2756,2756,0,0.0005,0.0081,0.3486
292,brute_force,scene_stress,0,52,0,0,53,2756,2756,0,0.001,0.0078,0.3399
293,brute_force,scene_stress,0,52,0,0,53,2756,2756,0,0.0005,0.0079,0.3566
294,brute_force,scene_stress,0,52,0,0,53,2756,2756,0,0.0006,0.0078,0.3585
295,brute_force,scene_stress,0,52,0,0,53,2756,2756,0,0.0006,0.0436,0.359
296,brute_force,scene_stress,0,52,0,0,53,2756,2756,0,0.0006,0.0079,0.3465
297,brute_force,scene_stress,0,52,0,0,53,2756,2756,0,0.0005,0.0079,0.3529
298,brute_force,scene_stress,0,52,0,0,53,2756,2756,0,0.0006,0.0078,0.3517
299,brute_force,scene_stress,0,52,0,0,53,2756,2756,0,0.0004,0.0079,0.3514
300,brute_force,scene_stress,0,52,0,0,53,2756,2756,0,0.0006,0.008,0.3507
301,brute_force,scene_stress,0,52,0,0,53,2756,2756,0,0.0005,0.0078,0.3485
302,brute_force,scene_stress,0,52,0,0,53,2756,2756,0,0.0004,0.0078,0.3717
303,brute_force,scene_stress,0,52,0,0,53,2756,2756,0,0.0005,0.0079,0.3535
304,brute_force,scene_stress,0,52,0,0,53,2756,2756,0,0.0005,0.0078,0.3504
305,brute_force,scene_stress,0,52,0,0,53,2756,2756,0,0.0004,0.0078,0.3498
306,brute_force,scene_stress,0,52,0,0,53,2756,2756,0,0.0006,0.0077,0.3631
307,brute_force,scene_stress,0,52,0,0,53,2756,2756,0,0.0005,0.0078,0.3723
308,brute_force,scene_stress,0,52,0,0,53,2756,2756,0,0.0006,0.0119,0.3638
309,brute_force,scene_stress,0,52,0,0,53,2756,2756,0,0.0006,0.0078,0.3544
310,brute_force,scene_stress,0,52,0,0,53,2756,2756,0,0.0008,0.0116,0.3611
311,brute_force,scene_stress,0,52,0,0,53,2756,2756,0,0.0006,0.0097,0.3593
312,brute_force,scene_stress,0,52,0,0,53,2756,2756,0,0.0005,0.008,0.3552
313,brute_force,scene_stress,0,52,0,0,53,2756,2756,0,0.0007,0.0081,0.3551
314,brute_force,scene_stress,0,52,0,0,53,2756,2756,0,0.0004,0.0079,0.3611
315,brute_force,scene_stress,0,52,0,0,53,2756,2756,0,0.0004,0.0077,0.3556
316,brute_force,scene_stress,0,52,0,0,53,2756,2756,0,0.0005,0.0079,0.3457
317,brute_force,scene_stress,0,52,0,0,53,2756,2756,0,0.0005,0.0081,0.3538
318,brute_force,scene_stress,0,52,0,0,53,2756,2756,0,0.0006,0.0078,0.349
319,brute_force,scene_stress,0,52,0,0,53,2756,2756,0,0.0004,0.0081,0.3547
320,brute_force,scene_stress,0,52,0,0,53,2756,2756,0,0.0004,0.0077,0.3516
321,brute_force,scene_stress,0,52,0,0,53,2756,2756,0,0.0007,0.008,0.3535
322,brute_force,scene_stress,0,52,0,0,53,2756,2756,0,0.0006,0.0077,0.3507
323,brute_force,scene_stress,0,52,0,0,53,2756,2756,0,0.0005,0.008,0.3476
324,brute_force,scene_stress,0,52,0,0,53,2756,2756,0,0.0007,0.0083,0.355
325,brute_force,scene_stress,0,52,0,0,53,2756,2756,0,0.0006,0.0082,0.3655
326,brute_force,scene_stress,0,52,0,0,53,2756,2756,0,0.0006,0.0084,0.3678
327,brute_force,scene_stress,0,52,0,0,53,2756,2756,0,0.0006,0.0086,0.3834
328,brute_force,scene_stress,0,52,0,0,53,2756,2756,0,0.0007,0.0081,0.3616
329,brute_force,scene_stress,0,52,0,0,53,2756,2756,0,0.0006,0.0082,0.3613
330,brute_force,scene_stress,0,52,0,0,53,2756,2756,0,0.0005,0.0084,0.3594
331,brute_force,scene_stress,0,52,0,0,53,2756,2756,0,0.0006,0.0079,0.3523
332,brute_force,scene_stress,0,52,0,0,53,2756,2756,0,0.0007,0.0085,0.3703
333,brute_force,scene_stress,0,52,0,0,53,2756,2756,0,0.0005,0.008,0.3549
334,brute_force,scene_stress,0,52,0,0,53,2756,2756,0,0.0005,0.0083,0.3572
335,brute_force,scene_stress,0,52,0,0,53,2756,2756,0,0.0005,0.0155,0.3573
336,brute_force,scene_stress,0,52,0,0,53,2756,2756,0,0.0007,0.0131,0.3622
337,brute_force,scene_stress,0,52,0,0,53,2756,2756,0,0.0006,0.0077,0.3491
338,brute_force,scene_stress,0,52,0,0,53,2756,2756,0,0.0006,0.0102,0.3506
339,brute_force,scene_stress,0,52,0,0,53,2756,2756,0,0.0005,0.0122,0.3551
340,brute_force,scene_stress,0,52,0,0,53,2756,2756,0,0.0005,0.0081,0.3631
341,brute_force,scene_stress,0,52,1,0,54,2808,2808,0,0.0005,0.016,0.3428
342,brute_force,scene_stress,0,52,1,0,54,2808,2808,0,0.0005,0.0384,0.3508
343,brute_force,scene_stress,0,52,1,0,54,2808,2808,0,0.0006,0.0172,0.3583
344,brute_force,scene_stress,0,52,1,0,54,2808,2808,0,0.0005,0.0162,0.3552
345,brute_force,scene_stress,0,52,1,0,54,2808,2808,0,0.0004,0.0161,0.3503
346,brute_force,scene_stress,0,52,1,0,54,2808,2808,0,0.0005,0.0161,0.3494
347,brute_force,scene_stress,0,52,1,0,54,2808,2808,0,0.0179,0.0163,0.3496
348,brute_force,scene_stress,0,52,1,0,54,2808,2808,0,0.0006,0.0162,0.3487
349,brute_force,scene_stress,0,52,1,0,54,2808,2808,0,0.0005,0.0162,0.3549
350,brute_force,scene_stress,0,52,1,0,54,2808,2808,0,0.0007,0.0161,0.3559
351,brute_force,scene_stress,0,52,1,0,54,2808,2808,0,0.0005,0.016,0.3514
352,brute_force,scene_stress,0,52,1,0,54,2808,2808,0,0.0007,0.0161,0.353
353,brute_force,scene_stress,0,52,1,0,54,2808,2808,0,0.0006,0.0165,0.3496
354,brute_force,scene_stress,0,52,1,0,54,2808,2808,0,0.0005,0.0159,0.3501
355,brute_force,scene_stress,0,52,1,0,54,2808,2808,0,0.0005,0.016,0.3697
356,brute_force,scene_stress,0,52,1,0,54,2808,2808,0,0.0006,0.0165,0.3475
357,brute_force,scene_stress,0,52,1,0,54,2808,2808,0,0.0006,0.0161,0.3516
358,brute_force,scene_stress,0,52,1,0,54,2808,2808,0,0.0006,0.0163,0.3547
359,brute_force,scene_stress,0,52,1,0,54,2808,2808,0,0.0005,0.0162,0.3602
360,brute_force,scene_stress,0,52,1,0,54,2808,2808,0,0.0008,0.0159,0.3537
361,brute_force,scene_stress,0,52,1,0,54,2808,2808,0,0.0006,0.0163,0.3488
362,brute_force,scene_stress,0,51,1,0,54,2808,2808,0,0.0005,0.1999,0.3554
363,brute_force,scene_stress,0,51,0,0,52,2652,2652,0,0.0006,0.0078,0.3365
364,brute_force,scene_stress,0,51,0,0,52,2652,2652,0,0.0007,0.0077,0.3312
365,brute_force,scene_stress,0,51,0,0,52,2652,2652,0,0.0005,0.0078,0.3331
366,brute_force,scene_stress,0,51,0,0,52,2652,2652,0,0.0005,0.0078,0.3338
367,brute_force,scene_stress,0,51,0,0,52,2652,2652,0,0.0006,0.0076,0.3318
368,brute_force,scene_stress,0,51,0,0,52,2652,2652,0,0.0007,0.01,0.3421
369,brute_force,scene_stress,0,51,0,0,52,2652,2652,0,0.0004,0.0077,0.337
370,brute_force,scene_stress,0,51,0,0,52,2652,2652,0,0.0007,0.0081,0.3536
371,brute_force,scene_stress,0,51,0,0,52,2652,2652,0,0.0003,0.0079,0.328
372,brute_force,scene_stress,0,51,0,0,52,2652,2652,0,0.0004,0.0078,0.3376
373,brute_force,scene_stress,0,51,0,0,52,2652,2652,0,0.0006,0.0078,0.3368
374,brute_force,scene_stress,0,51,0,0,52,2652,2652,0,0.0005,0.0076,0.3314
375,brute_force,scene_stress,0,51,0,0,52,2652,2652,0,0.0005,0.0078,0.3613
376,brute_force,scene_stress,0,51,0,0,52,2652,2652,0,0.0005,0.02,0.3375
377,brute_force,scene_stress,0,51,0,0,52,2652,2652,0,0.0005,0.0083,0.3633
378,brute_force,scene_stress,0,51,0,0,52,2652,2652,0,0.0005,0.0081,0.3709
379,brute_force,scene_stress,0,51,0,0,52,2652,2652,0,0.0007,0.0081,0.3457
380,brute_force,scene_stress,0,51,0,0,52,2652,2652,0,0.0007,0.0079,0.3331
381,brute_force,scene_stress,0,51,0,0,52,2652,2652,0,0.0004,0.0077,0.3297
382,brute_force,scene_stress,0,51,0,0,52,2652,2652,0,0.0005,0.0077,0.3342
383,brute_force,scene_stress,0,51,0,0,52,2652,2652,0,0.0006,0.0077,0.3302
384,brute_force,scene_stress,0,51,0,0,52,2652,2652,0,0.0004,0.0082,0.3547
385,brute_force,scene_stress,0,51,0,0,52,2652,2652,0,0.0006,0.0077,0.3327
386,brute_force,scene_stress,0,51,0,0,52,2652,2652,0,0.0005,0.0086,0.3685
387,brute_force,scene_stress,0,51,0,0,52,2652,2652,0,0.0004,0.0077,0.3279
388,brute_force,scene_stress,0,51,0,0,52,2652,2652,0,0.0004,0.0214,0.3353
389,brute_force,scene_stress,0,51,0,0,52,2652,2652,0,0.0007,0.0076,0.3373
390,brute_force,scene_stress,0,51,0,0,52,2652,2652,0,0.0008,0.0084,0.3621
391,brute_force,scene_stress,0,51,0,0,52,2652,2652,0,0.0008,0.0085,0.3542
392,brute_force,scene_stress,0,51,1,0,53,2703,2703,0,0.0007,0.0257,0.3549
393,brute_force,scene_stress,0,51,1,0,53,2703,2703,0,0.0006,0.0172,0.3498
394,brute_force,scene_stress,0,51,1,0,53,2703,2703,0,0.0007,0.0169,0.3453
395,brute_force,scene_stress,0,51,1,0,53,2703,2703,0,0.0007,0.0171,0.3557
396,brute_force,scene_stress,0,51,1,0,53,2703,2703,0,0.001,0.0168,0.36
397,brute_force,scene_stress,0,51,1,0,53,2703,2703,0,0.0006,0.0217,0.3402
398,brute_force,scene_stress,0,51,1,0,53,2703,2703,0,0.0005,0.0161,0.338
399,brute_force,scene_stress,0,51,1,0,53,2703,2703,0,0.0005,0.0165,0.3414
400,brute_force,scene_stress,0,50,1,0,53,2703,2703,0,0.0006,0.0449,0.3437
401,brute_force,scene_stress,0,50,0,0,51,2550,2550,0,0.0006,0.0074,0.3188
402,brute_force,scene_stress,0,50,0,0,51,2550,2550,0,0.0005,0.0077,0.3223
403,brute_force,scene_stress,0,52,0,0,53,2756,2756,0,0.0007,0.0079,0.3458
404,brute_force,scene_stress,0,52,0,0,53,2756,2756,0,0.0007,0.0146,0.4122
405,brute_force,scene_stress,0,52,0,0,53,2756,2756,0,0.0008,0.0085,0.4108
406,brute_force,scene_stress,0,52,0,0,53,2756,2756,0,0.0004,0.0081,0.3462
407,brute_force,scene_stress,0,52,0,0,53,2756,2756,0,0.0004,0.0081,0.356
408,brute_force,scene_stress,0,52,0,0,53,2756,2756,0,0.0004,0.0081,0.356
409,brute_force,scene_stress,0,52,0,0,53,2756,2756,0,0.0004,0.0081,0.356
410,brute_force,scene_stress,0,52,0,0,53,2756,2756,0,0.0004,0.0081,0.356
411,brute_force,scene_stress,0,52,0,0,53,2756,2756,0,0.0004,0.0081,0.356
412,brute_force,scene_stress,0,52,0,0,53,2756,2756,0,0.0004,0.0081,0.356
413,brute_force,scene_stress,0,52,0,0,53,2756,2756,0,0.0004,0.0081,0.356
414,brute_force,scene_stress,0,52,0,0,53,2756,2756,0,0.0004,0.0081,0.356
415,brute_force,scene_stress,0,52,0,0,53,2756,2756,0,0.0004,0.0081,0.356
416,brute_force,scene_stress,0,52,0,0,53,2756,2756,0,0.0004,0.0081,0.356
417,brute_force,scene_stress,0,52,0,0,53,2756,2756,0,0.0004,0.0081,0.356
418,brute_force,scene_stress,0,52,0,0,53,2756,2756,0,0.0004,0.0081,0.356
419,brute_force,scene_stress,0,52,0,0,53,2756,2756,0,0.0004,0.0081,0.356
420,brute_force,scene_stress,0,52,0,0,53,2756,2756,0,0.0004,0.0081,0.356
421,brute_force,scene_stress,0,52,0,0,53,2756,2756,0,0.0004,0.0081,0.356
422,brute_force,scene_stress,0,52,0,0,53,2756,2756,0,0.0004,0.0081,0.356
423,brute_force,scene_stress,0,52,0,0,53,2756,2756,0,0.0004,0.0081,0.356
424,brute_force,scene_stress,0,52,0,0,53,2756,2756,0,0.0004,0.0081,0.356
425,brute_force,scene_stress,0,52,0,0,53,2756,2756,0,0.0004,0.0081,0.356
426,brute_force,scene_stress,0,52,0,0,53,2756,2756,0,0.0004,0.0081,0.356
427,brute_force,scene_stress,0,52,0,0,53,2756,2756,0,0.0004,0.0081,0.356
428,brute_force,scene_stress,0,52,0,0,53,2756,2756,0,0.0004,0.0081,0.356
429,brute_force,scene_stress,0,52,0,0,53,2756,2756,0,0.0004,0.0081,0.356
430,brute_force,scene_stress,0,52,0,0,53,2756,2756,0,0.0004,0.0081,0.356
431,brute_force,scene_stress,0,52,0,0,53,2756,2756,0,0.0004,0.0081,0.356
432,brute_force,scene_stress,0,52,0,0,53,2756,2756,0,0.0004,0.0081,0.356
433,brute_force,scene_stress,0,52,0,0,53,2756,2756,0,0.0004,0.0081,0.356
434,brute_force,scene_stress,0,52,0,0,53,2756,2756,0,0.0004,0.0081,0.356
435,brute_force,scene_stress,0,52,0,0,53,2756,2756,0,0.0004,0.0081,0.356
436,brute_force,scene_stress,0,52,0,0,53,2756,2756,0,0.0004,0.0081,0.356
437,brute_force,scene_stress,0,52,0,0,53,2756,2756,0,0.0004,0.0081,0.356
438,brute_force,scene_stress,0,52,0,0,53,2756,2756,0,0.0004,0.0081,0.356
439,brute_force,scene_stress,0,52,0,0,53,2756,2756,0,0.0004,0.0081,0.356
440,brute_force,scene_stress,0,52,0,0,53,2756,2756,0,0.0004,0.0081,0.356
441,brute_force,scene_stress,0,52,0,0,53,2756,2756,0,0.0004,0.0081,0.356
442,brute_force,scene_stress,0,52,0,0,53,2756,2756,0,0.0004,0.0081,0.356
443,brute_force,scene_stress,0,52,0,0,53,2756,2756,0,0.0004,0.0081,0.356
444,brute_force,scene_stress,0,52,0,0,53,2756,2756,0,0.0004,0.0081,0.356
445,brute_force,scene_stress,0,52,0,0,53,2756,2756,0,0.0004,0.0081,0.356
446,brute_force,scene_stress,0,52,0,0,53,2756,2756,0,0.0004,0.0081,0.356
447,brute_force,scene_stress,0,52,0,0,53,2756,2756,0,0.0004,0.0081,0.356
448,brute_force,scene_stress,0,52,0,0,53,2756,2756,0,0.0004,0.0081,0.356
449,brute_force,scene_stress,0,52,0,0,53,2756,2756,0,0.0004,0.0081,0.356
450,brute_force,scene_stress,0,52,0,0,53,2756,2756,0,0.0004,0.0081,0.356
451,brute_force,scene_stress,0,52,0,0,53,2756,2756,0,0.0004,0.0081,0.356
452,brute_force,scene_stress,0,52,0,0,53,2756,2756,0,0.0004,0.0081,0.356
453,brute_force,scene_stress,0,52,0,0,53,2756,2756,0,0.0004,0.0081,0.356
454,brute_force,scene_stress,0,52,0,0,53,2756,2756,0,0.0004,0.0081,0.356
455,brute_force,scene_stress,0,52,0,0,53,2756,2756,0,0.0004,0.0081,0.356
456,brute_force,scene_stress,0,52,0,0,53,2756,2756,0,0.0004,0.0081,0.356
457,brute_force,scene_stress,0,52,0,0,53,2756,2756,0,0.0004,0.0081,0.356
458,brute_force,scene_stress,0,52,0,0,53,2756,2756,0,0.0004,0.0081,0.356
459,brute_force,scene_stress,0,52,0,0,53,2756,2756,0,0.0004,0.0081,0.356
460,brute_force,scene_stress,0,52,0,0,53,2756,2756,0,0.0004,0.0081,0.356
461,brute_force,scene_stress,0,52,0,0,53,2756,2756,0,0.0004,0.0081,0.356
462,brute_force,scene_stress,0,52,0,0,53,2756,2756,0,0.0004,0.0081,0.356
463,brute_force,scene_stress,0,52,0,0,53,2756,2756,0,0.0004,0.0081,0.356
464,brute_force,scene_stress,0,52,0,0,53,2756,2756,0,0.0004,0.0081,0.356
465,brute_force,scene_stress,0,52,0,0,53,2756,2756,0,0.0004,0.0081,0.356
466,brute_force,scene_stress,0,52,0,0,53,2756,2756,0,0.0004,0.0081,0.356
467,brute_force,scene_stress,0,52,0,0,53,2756,2756,0,0.0004,0.0081,0.356
468,brute_force,scene_stress,0,52,0,0,53,2756,2756,0,0.0004,0.0081,0.356
469,brute_force,scene_stress,0,52,0,0,53,2756,2756,0,0.0004,0.0081,0.356
470,brute_force,scene_stress,0,52,0,0,53,2756,2756,0,0.0004,0.0081,0.356
471,brute_force,scene_stress,0,52,0,0,53,2756,2756,0,0.0004,0.0081,0.356
472,brute_force,scene_stress,0,52,0,0,53,2756,2756,0,0.0004,0.0081,0.356
473,brute_force,scene_stress,0,52,0,0,53,2756,2756,0,0.0004,0.0081,0.356
474,brute_force,scene_stress,0,52,0,0,53,2756,2756,0,0.0004,0.0081,0.356
475,brute_force,scene_stress,0,52,0,0,53,2756,2756,0,0.0004,0.0081,0.356
476,brute_force,scene_stress,0,52,0,0,53,2756,2756,0,0.0004,0.0081,0.356
477,brute_force,scene_stress,0,52,0,0,53,2756,2756,0,0.0004,0.0081,0.356
478,brute_force,scene_stress,0,52,0,0,53,2756,2756,0,0.0004,0.0081,0.356
479,brute_force,scene_stress,0,52,0,0,53,2756,2756,0,0.0004,0.0081,0.356
480,brute_force,scene_stress,0,52,0,0,53,2756,2756,0,0.0004,0.0081,0.356
481,brute_force,scene_stress,0,52,0,0,53,2756,2756,0,0.0004,0.0081,0.356
482,brute_force,scene_stress,0,52,0,0,53,2756,2756,0,0.0004,0.0081,0.356
483,brute_force,scene_stress,0,52,0,0,53,2756,2756,0,0.0004,0.0081,0.356
484,brute_force,scene_stress,0,52,0,0,53,2756,2756,0,0.0004,0.0081,0.356
485,brute_force,scene_stress,0,52,0,0,53,2756,2756,0,0.0004,0.0081,0.356
486,brute_force,scene_stress,0,52,0,0,53,2756,2756,0,0.0004,0.0081,0.356
487,brute_force,scene_stress,0,52,0,0,53,2756,2756,0,0.0004,0.0081,0.356
488,brute_force,scene_stress,0,52,0,0,53,2756,2756,0,0.0004,0.0081,0.356
489,brute_force,scene_stress,0,52,0,0,53,2756,2756,0,0.0004,0.0081,0.356
490,brute_force,scene_stress,0,52,0,0,53,2756,2756,0,0.0004,0.0081,0.356
491,brute_force,scene_stress,0,52,0,0,53,2756,2756,0,0.0004,0.0081,0.356
492,brute_force,scene_stress,0,52,0,0,53,2756,2756,0,0.0004,0.0081,0.356
493,brute_force,scene_stress,0,52,0,0,53,2756,2756,0,0.0004,0.0081,0.356
494,brute_force,scene_stress,0,52,0,0,53,2756,2756,0,0.0004,0.0081,0.356
495,brute_force,scene_stress,0,52,0,0,53,2756,2756,0,0.0004,0.0081,0.356
496,brute_force,scene_stress,0,52,0,0,53,2756,2756,0,0.0004,0.0081,0.356
497,brute_force,scene_stress,0,52,0,0,53,2756,2756,0,0.0004,0.0081,0.356
498,brute_force,scene_stress,0,52,0,0,53,2756,2756,0,0.0004,0.0081,0.356
499,brute_force,scene_stress,0,52,0,0,53,2756,2756,0,0.0004,0.0081,0.356
500,brute_force,scene_stress,0,52,0,0,53,2756,2756,0,0.0004,0.0081,0.356
501,brute_force,scene_stress,0,52,0,0,53,2756,2756,0,0.0004,0.0081,0.356
502,brute_force,scene_stress,0,52,0,0,53,2756,2756,0,0.0004,0.0081,0.356
503,brute_force,scene_stress,0,52,0,0,53,2756,2756,0,0.0004,0.0081,0.356
504,brute_force,scene_stress,0,52,0,0,53,2756,2756,0,0.0004,0.0081,0.356
505,brute_force,scene_stress,0,52,0,0,53,2756,2756,0,0.0004,0.0081,0.356
506,brute_force,scene_stress,0,52,0,0,53,2756,2756,0,0.0004,0.0081,0.356
507,brute_force,scene_stress,0,52,0,0,53,2756,2756,0,0.0004,0.0081,0.356
508,brute_force,scene_stress,0,52,0,0,53,2756,2756,0,0.0004,0.0081,0.356
509,brute_force,scene_stress,0,52,0,0,53,2756,2756,0,0.0004,0.0081,0.356
510,brute_force,scene_stress,0,52,0,0,53,2756,2756,0,0.0004,0.0081,0.356
511,brute_force,scene_stress,0,52,0,0,53,2756,2756,0,0.0004,0.0081,0.356
512,brute_force,scene_stress,0,52,0,0,53,2756,2756,0,0.0004,0.0081,0.356
513,brute_force,scene_stress,0,52,0,0,53,2756,2756,0,0.0004,0.0081,0.356
514,brute_force,scene_stress,0,52,0,0,53,2756,2756,0,0.0004,0.0081,0.356
515,brute_force,scene_stress,0,52,0,0,53,2756,2756,0,0.0004,0.0081,0.356
516,brute_force,scene_stress,0,52,0,0,53,2756,2756,0,0.0004,0.0081,0.356
517,brute_force,scene_stress,0,52,0,0,53,2756,2756,0,0.0004,0.0081,0.356
518,brute_force,scene_stress,0,52,0,0,53,2756,2756,0,0.0004,0.0081,0.356
519,brute_force,scene_stress,0,52,0,0,53,2756,2756,0,0.0004,0.0081,0.356
520,brute_force,scene_stress,0,52,0,0,53,2756,2756,0,0.0004,0.0081,0.356
521,brute_force,scene_stress,0,52,0,0,53,2756,2756,0,0.0004,0.0081,0.356
522,brute_force,scene_stress,0,52,0,0,53,2756,2756,0,0.0004,0.0081,0.356
523,brute_force,scene_stress,0,52,0,0,53,2756,2756,0,0.0004,0.0081,0.356
524,brute_force,scene_stress,0,52,0,0,53,2756,2756,0,0.0004,0.0081,0.356
525,brute_force,scene_stress,0,52,0,0,53,2756,2756,0,0.0004,0.0081,0.356
526,brute_force,scene_stress,0,52,0,0,53,2756,2756,0,0.0004,0.0081,0.356
527,brute_force,scene_stress,0,52,0,0,53,2756,2756,0,0.0004,0.0081,0.356
528,brute_force,scene_stress,0,52,0,0,53,2756,2756,0,0.0004,0.0081,0.356
529,brute_force,scene_stress,0,52,0,0,53,2756,2756,0,0.0004,0.0081,0.356
530,brute_force,scene_stress,0,52,0,0,53,2756,2756,0,0.0004,0.0081,0.356
531,brute_force,scene_stress,0,52,0,0,53,2756,2756,0,0.0004,0.0081,0.356
532,brute_force,scene_stress,0,52,0,0,53,2756,2756,0,0.0004,0.0081,0.356
533,brute_force,scene_stress,0,52,0,0,53,2756,2756,0,0.0004,0.0081,0.356
534,brute_force,scene_stress,0,52,0,0,53,2756,2756,0,0.0004,0.0081,0.356
535,brute_force,scene_stress,0,52,0,0,53,2756,2756,0,0.0004,0.0081,0.356
536,brute_force,scene_stress,0,52,0,0,53,2756,2756,0,0.0004,0.0081,0.356
537,brute_force,scene_stress,0,52,0,0,53,2756,2756,0,0.0004,0.0081,0.356
538,brute_force,scene_stress,0,52,0,0,53,2756,2756,0,0.0004,0.0081,0.356
539,brute_force,scene_stress,0,52,0,0,53,2756,2756,0,0.0004,0.0081,0.356
540,brute_force,scene_stress,0,52,0,0,53,2756,2756,0,0.0004,0.0081,0.356
541,brute_force,scene_stress,0,52,0,0,53,2756,2756,0,0.0004,0.0081,0.356
542,brute_force,scene_stress,0,52,0,0,53,2756,2756,0,0.0004,0.0081,0.356
543,brute_force,scene_stress,0,52,0,0,53,2756,2756,0,0.0004,0.0081,0.356
544,brute_force,scene_stress,0,52,0,0,53,2756,2756,0,0.0004,0.0081,0.356
545,brute_force,scene_stress,0,52,0,0,53,2756,2756,0,0.0004,0.0081,0.356
546,brute_force,scene_stress,0,52,0,0,53,2756,2756,0,0.0004,0.0081,0.356
547,brute_force,scene_stress,0,52,0,0,53,2756,2756,0,0.0004,0.0081,0.356
548,brute_force,scene_stress,0,52,0,0,53,2756,2756,0,0.0004,0.0081,0.356
549,brute_force,scene_stress,0,52,0,0,53,2756,2756,0,0.0004,0.0081,0.356
550,brute_force,scene_stress,0,52,0,0,53,2756,2756,0,0.0004,0.0081,0.356
551,brute_force,scene_stress,0,52,0,0,53,2756,2756,0,0.0004,0.0081,0.356
552,brute_force,scene_stress,0,52,0,0,53,2756,2756,0,0.0004,0.0081,0.356
553,brute_force,scene_stress,0,52,0,0,53,2756,2756,0,0.0004,0.0081,0.356
554,brute_force,scene_stress,0,52,0,0,53,2756,2756,0,0.0004,0.0081,0.356
555,brute_force,scene_stress,0,52,0,0,53,2756,2756,0,0.0004,0.0081,0.356
556,brute_force,scene_stress,0,52,0,0,53,2756,2756,0,0.0004,0.0081,0.356
557,brute_force,scene_stress,0,52,0,0,53,2756,2756,0,0.0004,0.0081,0.356
558,brute_force,scene_stress,0,52,0,0,53,2756,2756,0,0.0004,0.0081,0.356
559,brute_force,scene_stress,0,52,0,0,53,2756,2756,0,0.0004,0.0081,0.356
560,brute_force,scene_stress,0,52,0,0,53,2756,2756,0,0.0004,0.0081,0.356
561,brute_force,scene_stress,0,52,0,0,53,2756,2756,0,0.0004,0.0081,0.356
562,brute_force,scene_stress,0,52,0,0,53,2756,2756,0,0.0004,0.0081,0.356
563,brute_force,scene_stress,0,52,0,0,53,2756,2756,0,0.0004,0.0081,0.356
564,brute_force,scene_stress,0,52,0,0,53,2756,2756,0,0.0004,0.0081,0.356
565,brute_force,scene_stress,0,52,0,0,53,2756,2756,0,0.0004,0.0081,0.356
566,brute_force,scene_stress,0,52,0,0,53,2756,2756,0,0.0004,0.0081,0.356
567,brute_force,scene_stress,0,52,0,0,53,2756,2756,0,0.0004,0.0081,0.356
568,brute_force,scene_stress,0,52,0,0,53,2756,2756,0,0.0004,0.0081,0.356
569,brute_force,scene_stress,0,52,0,0,53,2756,2756,0,0.0004,0.0081,0.356
570,brute_force,scene_stress,0,52,0,0,53,2756,2756,0,0.0004,0.0081,0.356
571,brute_force,scene_stress,0,52,0,0,53,2756,2756,0,0.0004,0.0081,0.356
572,brute_force,scene_stress,0,52,0,0,53,2756,2756,0,0.0004,0.0081,0.356
573,brute_force,scene_stress,0,52,0,0,53,2756,2756,0,0.0004,0.0081,0.356
574,brute_force,scene_stress,0,52,0,0,53,2756,2756,0,0.0004,0.0081,0.356
575,brute_force,scene_stress,0,52,0,0,53,2756,2756,0,0.0004,0.0081,0.356
576,brute_force,scene_stress,0,52,0,0,53,2756,2756,0,0.0004,0.0081,0.356
577,brute_force,scene_stress,0,52,0,0,53,2756,2756,0,0.0004,0.0081,0.356
578,brute_force,scene_stress,0,52,0,0,53,2756,2756,0,0.0004,0.0081,0.356
579,brute_force,scene_stress,0,52,0,0,53,2756,2756,0,0.0004,0.0081,0.356
580,brute_force,scene_stress,0,52,0,0,53,2756,2756,0,0.0004,0.0081,0.356
581,brute_force,scene_stress,0,52,0,0,53,2756,2756,0,0.0004,0.0081,0.356
582,brute_force,scene_stress,0,52,0,0,53,2756,2756,0,0.0004,0.0081,0.356
583,brute_force,scene_stress,0,52,0,0,53,2756,2756,0,0.0004,0.0081,0.356
584,brute_force,scene_stress,0,52,0,0,53,2756,2756,0,0.0004,0.0081,0.356
585,brute_force,scene_stress,0,52,0,0,53,2756,2756,0,0.0004,0.0081,0.356
586,brute_force,scene_stress,0,52,0,0,53,2756,2756,0,0.0004,0.0081,0.356
587,brute_force,scene_stress,0,52,0,0,53,2756,2756,0,0.0004,0.0081,0.356
588,brute_force,scene_stress,0,52,0,0,53,2756,2756,0,0.0004,0.0081,0.356
589,brute_force,scene_stress,0,52,0,0,53,2756,2756,0,0.0004,0.0081,0.356
590,brute_force,scene_stress,0,52,0,0,53,2756,2756,0,0.0004,0.0081,0.356
591,brute_force,scene_stress,0,52,0,0,53,2756,2756,0,0.0004,0.0081,0.356
592,brute_force,scene_stress,0,52,0,0,53,2756,2756,0,0.0004,0.0081,0.356
593,brute_force,scene_stress,0,52,0,0,53,2756,2756,0,0.0004,0.0081,0.356
594,brute_force,scene_stress,0,52,0,0,53,2756,2756,0,0.0004,0.0081,0.356
595,brute_force,scene_stress,0,52,0,0,53,2756,2756,0,0.0004,0.0081,0.356
596,brute_force,scene_stress,0,52,0,0,53,2756,2756,0,0.0004,0.0081,0.356
597,brute_force,scene_stress,0,52,0,0,53,2756,2756,0,0.0004,0.0081,0.356
598,brute_force,scene_stress,0,52,0,0,53,2756,2756,0,0.0004,0.0081,0.356
599,brute_force,scene_stress,0,52,0,0,53,2756,2756,0,0.0004,0.0081,0.356
600,brute_force,scene_stress,0,52,0,0,53,2756,2756,0,0.0004,0.0081,0.356
601,brute_force,scene_stress,0,52,0,0,53,2756,2756,0,0.0004,0.0081,0.356
602,brute_force,scene_stress,0,52,0,0,53,2756,2756,0,0.0004,0.0081,0.356
603,brute_force,scene_stress,0,52,0,0,53,2756,2756,0,0.0004,0.0081,0.356
604,brute_force,scene_stress,0,52,0,0,53,2756,2756,0,0.0004,0.0081,0.356
605,brute_force,scene_stress,0,52,0,0,53,2756,2756,0,0.0004,0.0081,0.356
606,brute_force,scene_stress,0,52,0,0,53,2756,2756,0,0.0004,0.0081,0.356
607,brute_force,scene_stress,0,52,0,0,53,2756,2756,0,0.0004,0.0081,0.356
608,brute_force,scene_stress,0,52,0,0,53,2756,2756,0,0.0004,0.0081,0.356
609,brute_force,scene_stress,0,52,0,0,53,2756,2756,0,0.0004,0.0081,0.356
610,brute_force,scene_stress,0,52,0,0,53,2756,2756,0,0.0004,0.0081,0.356
611,brute_force,scene_stress,0,52,0,0,53,2756,2756,0,0.0004,0.0081,0.356
612,brute_force,scene_stress,0,52,0,0,53,2756,2756,0,0.0004,0.0081,0.356
613,brute_force,scene_stress,0,52,0,0,53,2756,2756,0,0.0004,0.0081,0.356
614,brute_force,scene_stress,0,52,0,0,53,2756,2756,0,0.0004,0.0081,0.356
615,brute_force,scene_stress,0,52,0,0,53,2756,2756,0,0.0004,0.0081,0.356
616,brute_force,scene_stress,0,52,0,0,53,2756,2756,0,0.0004,0.0081,0.356
617,brute_force,scene_stress,0,52,0,0,53,2756,2756,0,0.0004,0.0081,0.356
618,brute_force,scene_stress,0,52,0,0,53,2756,2756,0,0.0004,0.0081,0.356
619,brute_force,scene_stress,0,52,0,0,53,2756,2756,0,0.0004,0.0081,0.356
620,brute_force,scene_stress,0,52,0,0,53,2756,2756,0,0.0004,0.0081,0.356
621,brute_force,scene_stress,0,52,0,0,53,2756,2756,0,0.0004,0.0081,0.356
622,brute_force,scene_stress,0,52,0,0,53,2756,2756,0,0.0004,0.0081,0.356
623,brute_force,scene_stress,0,52,0,0,53,2756,2756,0,0.0004,0.0081,0.356
624,brute_force,scene_stress,0,52,0,0,53,2756,2756,0,0.0004,0.0081,0.356
625,brute_force,scene_stress,0,52,0,0,53,2756,2756,0,0.0004,0.0081,0.356
626,brute_force,scene_stress,0,52,0,0,53,2756,2756,0,0.0004,0.0081,0.356
627,brute_force,scene_stress,0,52,0,0,53,2756,2756,0,0.0004,0.0081,0.356
628,brute_force,scene_stress,0,52,0,0,53,2756,2756,0,0.0004,0.0081,0.356
629,brute_force,scene_stress,0,52,0,0,53,2756,2756,0,0.0004,0.0081,0.356
630,brute_force,scene_stress,0,52,0,0,53,2756,2756,0,0.0004,0.0081,0.356
631,brute_force,scene_stress,0,52,0,0,53,2756,2756,0,0.0004,0.0081,0.356
632,brute_force,scene_stress,0,52,0,0,53,2756,2756,0,0.0004,0.0081,0.356
633,brute_force,scene_stress,0,52,0,0,53,2756,2756,0,0.0004,0.0081,0.356
634,brute_force,scene_stress,0,52,0,0,53,2756,2756,0,0.0004,0.0081,0.356
635,brute_force,scene_stress,0,52,0,0,53,2756,2756,0,0.0004,0.0081,0.356
636,brute_force,scene_stress,0,52,0,0,53,2756,2756,0,0.0004,0.0081,0.356
637,brute_force,scene_stress,0,52,0,0,53,2756,2756,0,0.0004,0.0081,0.356
638,brute_force,scene_stress,0,52,0,0,53,2756,2756,0,0.0004,0.0081,0.356
639,brute_force,scene_stress,0,52,0,0,53,2756,2756,0,0.0004,0.0081,0.356
640,brute_force,scene_stress,0,52,0,0,53,2756,2756,0,0.0004,0.0081,0.356
641,brute_force,scene_stress,0,52,0,0,53,2756,2756,0,0.0004,0.0081,0.356
642,brute_force,scene_stress,0,52,0,0,53,2756,2756,0,0.0004,0.0081,0.356
643,brute_force,scene_stress,0,52,0,0,53,2756,2756,0,0.0004,0.0081,0.356
644,brute_force,scene_stress,0,52,0,0,53,2756,2756,0,0.0004,0.0081,0.356
645,brute_force,scene_stress,0,52,0,0,53,2756,2756,0,0.0004,0.0081,0.356
646,brute_force,scene_stress,0,52,0,0,53,2756,2756,0,0.0004,0.0081,0.356
647,brute_force,scene_stress,0,52,0,0,53,2756,2756,0,0.0004,0.0081,0.356
648,brute_force,scene_stress,0,52,0,0,53,2756,2756,0,0.0004,0.0081,0.356
649,brute_force,scene_stress,0,52,0,0,53,2756,2756,0,0.0004,0.0081,0.356
650,brute_force,scene_stress,0,52,0,0,53,2756,2756,0,0.0004,0.0081,0.356
651,brute_force,scene_stress,0,52,0,0,53,2756,2756,0,0.0004,0.0081,0.356
652,brute_force,scene_stress,0,52,0,0,53,2756,2756,0,0.0004,0.0081,0.356
653,brute_force,scene_stress,0,52,0,0,53,2756,2756,0,0.0004,0.0081,0.356
654,brute_force,scene_stress,0,52,0,0,53,2756,2756,0,0.0004,0.0081,0.356
655,brute_force,scene_stress,0,52,0,0,53,2756,2756,0,0.0004,0.0081,0.356
656,brute_force,scene_stress,0,52,0,0,53,2756,2756,0,0.0004,0.0081,0.356
657,brute_force,scene_stress,0,52,0,0,53,2756,2756,0,0.0004,0.0081,0.356
658,brute_force,scene_stress,0,52,0,0,53,2756,2756,0,0.0004,0.0081,0.356
659,brute_force,scene_stress,0,52,0,0,53,2756,2756,0,0.0004,0.0081,0.356
660,brute_force,scene_stress,0,52,0,0,53,2756,2756,0,0.0004,0.0081,0.356
661,brute_force,scene_stress,0,52,0,0,53,2756,2756,0,0.0004,0.0081,0.356
662,brute_force,scene_stress,0,52,0,0,53,2756,2756,0,0.0004,0.0081,0.356
663,brute_force,scene_stress,0,52,0,0,53,2756,2756,0,0.0004,0.0081,0.356
664,brute_force,scene_stress,0,52,0,0,53,2756,2756,0,0.0004,0.0081,0.356
665,brute_force,scene_stress,0,52,0,0,53,2756,2756,0,0.0004,0.0081,0.356
666,brute_force,scene_stress,0,52,0,0,53,2756,2756,0,0.0004,0.0081,0.356
667,brute_force,scene_stress,0,52,0,0,53,2756,2756,0,0.0004,0.0081,0.356
668,brute_force,scene_stress,0,52,0,0,53,2756,2756,0,0.0004,0.0081,0.356
669,brute_force,scene_stress,0,52,0,0,53,2756,2756,0,0.0004,0.0081,0.356
670,brute_force,scene_stress,0,52,0,0,53,2756,2756,0,0.0004,0.0081,0.356
671,brute_force,scene_stress,0,52,0,0,53,2756,2756,0,0.0004,0.0081,0.356
672,brute_force,scene_stress,0,52,0,0,53,2756,2756,0,0.0004,0.0081,0.356
673,brute_force,scene_stress,0,52,0,0,53,2756,2756,0,0.0004,0.0081,0.356
674,brute_force,scene_stress,0,52,0,0,53,2756,2756,0,0.0004,0.0081,0.356
675,brute_force,scene_stress,0,52,0,0,53,2756,2756,0,0.0004,0.0081,0.356
676,brute_force,scene_stress,0,52,0,0,53,2756,2756,0,0.0004,0.0081,0.356
677,brute_force,scene_stress,0,52,0,0,53,2756,2756,0,0.0004,0.0081,0.356
678,brute_force,scene_stress,0,52,0,0,53,2756,2756,0,0.0004,0.0081,0.356
679,brute_force,scene_stress,0,52,0,0,53,2756,2756,0,0.0004,0.0081,0.356
680,brute_force,scene_stress,0,52,0,0,53,2756,2756,0,0.0004,0.0081,0.356
681,brute_force,scene_stress,0,52,0,0,53,2756,2756,0,0.0004,0.0081,0.356
682,brute_force,scene_stress,0,52,0,0,53,2756,2756,0,0.0004,0.0081,0.356
683,brute_force,scene_stress,0,52,0,0,53,2756,2756,0,0.0004,0.0081,0.356
684,brute_force,scene_stress,0,52,0,0,53,2756,2756,0,0.0004,0.0081,0.356
685,brute_force,scene_stress,0,52,0,0,53,2756,2756,0,0.0004,0.0081,0.356
686,brute_force,scene_stress,0,52,0,0,53,2756,2756,0,0.0004,0.0081,0.356
687,brute_force,scene_stress,0,52,0,0,53,2756,2756,0,0.0004,0.0081,0.356
688,brute_force,scene_stress,0,52,0,0,53,2756,2756,0,0.0004,0.0081,0.356
689,brute_force,scene_stress,0,52,0,0,53,2756,2756,0,0.0004,0.0081,0.356
690,brute_force,scene_stress,0,52,0,0,53,2756,2756,0,0.0004,0.0081,0.356
691,brute_force,scene_stress,0,52,0,0,53,2756,2756,0,0.0004,0.0081,0.356
692,brute_force,scene_stress,0,52,0,0,53,2756,2756,0,0.0004,0.0081,0.356
693,brute_force,scene_stress,0,52,0,0,53,2756,2756,0,0.0004,0.0081,0.356
694,brute_force,scene_stress,0,52,0,0,53,2756,2756,0,0.0004,0.0081,0.356
695,brute_force,scene_stress,0,52,0,0,53,2756,2756,0,0.0004,0.0081,0.356
696,brute_force,scene_stress,0,52,0,0,53,2756,2756,0,0.0004,0.0081,0.356
697,brute_force,scene_stress,0,52,0,0,53,2756,2756,0,0.0004,0.0081,0.356
698,brute_force,scene_stress,0,52,0,0,53,2756,2756,0,0.0004,0.0081,0.356
699,brute_force,scene_stress,0,52,0,0,53,2756,2756,0,0.0004,0.0081,0.356
700,brute_force,scene_stress,0,52,0,0,53,2756,2756,0,0.0004,0.0081,0.356
701,brute_force,scene_stress,0,52,0,0,53,2756,2756,0,0.0004,0.0081,0.356
702,brute_force,scene_stress,0,52,0,0,53,2756,2756,0,0.0004,0.0081,0.356
703,brute_force,scene_stress,0,52,0,0,53,2756,2756,0,0.0004,0.0081,0.356
704,brute_force,scene_stress,0,52,0,0,53,2756,2756,0,0.0004,0.0081,0.356
705,brute_force,scene_stress,0,52,0,0,53,2756,2756,0,0.0004,0.0081,0.356
706,brute_force,scene_stress,0,52,0,0,53,2756,2756,0,0.0004,0.0081,0.356
707,brute_force,scene_stress,0,52,0,0,53,2756,2756,0,0.0004,0.0081,0.356
708,brute_force,scene_stress,0,52,0,0,53,2756,2756,0,0.0004,0.0081,0.356
709,brute_force,scene_stress,0,52,0,0,53,2756,2756,0,0.0004,0.0081,0.356
710,brute_force,scene_stress,0,52,0,0,53,2756,2756,0,0.0004,0.0081,0.356
711,brute_force,scene_stress,0,52,0,0,53,2756,2756,0,0.0004,0.0081,0.356
712,brute_force,scene_stress,0,52,0,0,53,2756,2756,0,0.0004,0.0081,0.356
713,brute_force,scene_stress,0,52,0,0,53,2756,2756,0,0.0004,0.0081,0.356
714,brute_force,scene_stress,0,52,0,0,53,2756,2756,0,0.0004,0.0081,0.356
715,brute_force,scene_stress,0,52,0,0,53,2756,2756,0,0.0004,0.0081,0.356
716,brute_force,scene_stress,0,52,0,0,53,2756,2756,0,0.0004,0.0081,0.356
717,brute_force,scene_stress,0,52,0,0,53,2756,2756,0,0.0004,0.0081,0.356
718,brute_force,scene_stress,0,52,0,0,53,2756,2756,0,0.0004,0.0081,0.356
719,brute_force,scene_stress,0,52,0,0,53,2756,2756,0,0.0004,0.0081,0.356
720,brute_force,scene_stress,0,52,0,0,53,2756,2756,0,0.0004,0.0081,0.356
721,brute_force,scene_stress,0,52,0,0,53,2756,2756,0,0.0004,0.0081,0.356
722,brute_force,scene_stress,0,52,0,0,53,2756,2756,0,0.0004,0.0081,0.356
723,brute_force,scene_stress,0,52,0,0,53,2756,2756,0,0.0004,0.0081,0.356
724,brute_force,scene_stress,0,52,0,0,53,2756,2756,0,0.0004,0.0081,0.356
725,brute_force,scene_stress,0,52,0,0,53,2756,2756,0,0.0004,0.0081,0.356
726,brute_force,scene_stress,0,52,0,0,53,2756,2756,0,0.0004,0.0081,0.356
727,brute_force,scene_stress,0,52,0,0,53,2756,2756,0,0.0004,0.0081,0.356
728,brute_force,scene_stress,0,52,0,0,53,2756,2756,0,0.0004,0.0081,0.356
729,brute_force,scene_stress,0,52,0,0,53,2756,2756,0,0.0004,0.0081,0.356
730,brute_force,scene_stress,0,52,0,0,53,2756,2756,0,0.0004,0.0081,0.356
731,brute_force,scene_stress,0,52,0,0,53,2756,2756,0,0.0004,0.0081,0.356
732,brute_force,scene_stress,0,52,0,0,53,2756,2756,0,0.0004,0.0081,0.356
733,brute_force,scene_stress,0,52,0,0,53,2756,2756,0,0.0004,0.0081,0.356
734,brute_force,scene_stress,0,52,0,0,53,2756,2756,0,0.0004,0.0081,0.356
735,brute_force,scene_stress,0,52,0,0,53,2756,2756,0,0.0004,0.0081,0.356
736,brute_force,scene_stress,0,52,0,0,53,2756,2756,0,0.0004,0.0081,0.356
737,brute_force,scene_stress,0,52,0,0,53,2756,2756,0,0.0004,0.0081,0.356
738,brute_force,scene_stress,0,52,0,0,53,2756,2756,0,0.0004,0.0081,0.356
739,brute_force,scene_stress,0,52,0,0,53,2756,2756,0,0.0004,0.0081,0.356
740,brute_force,scene_stress,0,52,0,0,53,2756,2756,0,0.0004,0.0081,0.356
741,brute_force,scene_stress,0,52,0,0,53,2756,2756,0,0.0004,0.0081,0.356
742,brute_force,scene_stress,0,52,0,0,53,2756,2756,0,0.0004,0.0081,0.356
743,brute_force,scene_stress,0,52,0,0,53,2756,2756,0,0.0004,0.0081,0.356
744,brute_force,scene_stress,0,52,0,0,53,2756,2756,0,0.0004,0.0081,0.356
745,brute_force,scene_stress,0,52,0,0,53,2756,2756,0,0.0004,0.0081,0.356
746,brute_force,scene_stress,0,52,0,0,53,2756,2756,0,0.0004,0.0081,0.356
747,brute_force,scene_stress,0,52,0,0,53,2756,2756,0,0.0004,0.0081,0.356
748,brute_force,scene_stress,0,52,0,0,53,2756,2756,0,0.0004,0.0081,0.356
749,brute_force,scene_stress,0,52,0,0,53,2756,2756,0,0.0004,0.0081,0.356
750,brute_force,scene_stress,0,52,0,0,53,2756,2756,0,0.0004,0.0081,0.356
751,brute_force,scene_stress,0,52,0,0,53,2756,2756,0,0.0004,0.0081,0.356
752,brute_force,scene_stress,0,52,0,0,53,2756,2756,0,0.0004,0.0081,0.356
753,brute_force,scene_stress,0,52,0,0,53,2756,2756,0,0.0004,0.0081,0.356
754,brute_force,scene_stress,0,52,0,0,53,2756,2756,0,0.0004,0.0081,0.356
755,brute_force,scene_stress,0,52,0,0,53,2756,2756,0,0.0004,0.0081,0.356
756,brute_force,scene_stress,0,52,0,0,53,2756,2756,0,0.0004,0.0081,0.356
757,brute_force,scene_stress,0,52,0,0,53,2756,2756,0,0.0004,0.0081,0.356
758,brute_force,scene_stress,0,52,0,0,53,2756,2756,0,0.0004,0.0081,0.356
759,brute_force,scene_stress,0,52,0,0,53,2756,2756,0,0.0004,0.0081,0.356
760,brute_force,scene_stress,0,52,0,0,53,2756,2756,0,0.0004,0.0081,0.356
761,brute_force,scene_stress,0,52,0,0,53,2756,2756,0,0.0004,0.0081,0.356
762,brute_force,scene_stress,0,52,0,0,53,2756,2756,0,0.0004,0.0081,0.356
763,brute_force,scene_stress,0,52,0,0,53,2756,2756,0,0.0004,0.0081,0.356
764,brute_force,scene_stress,0,52,0,0,53,2756,2756,0,0.0004,0.0081,0.356
765,brute_force,scene_stress,0,52,0,0,53,2756,2756,0,0.0004,0.0081,0.356
766,brute_force,scene_stress,0,52,0,0,53,2756,2756,0,0.0004,0.0081,0.356
767,brute_force,scene_stress,0,52,0,0,53,2756,2756,0,0.0004,0.0081,0.356
768,brute_force,scene_stress,0,52,0,0,53,2756,2756,0,0.0004,0.0081,0.356
769,brute_force,scene_stress,0,52,0,0,53,2756,2756,0,0.0004,0.0081,0.356
770,brute_force,scene_stress,0,52,0,0,53,2756,2756,0,0.0004,0.0081,0.356
771,brute_force,scene_stress,0,52,0,0,53,2756,2756,0,0.0004,0.0081,0.356
772,brute_force,scene_stress,0,52,0,0,53,2756,2756,0,0.0004,0.0081,0.356
773,brute_force,scene_stress,0,52,0,0,53,2756,2756,0,0.0004,0.0081,0.356
774,brute_force,scene_stress,0,52,0,0,53,2756,2756,0,0.0004,0.0081,0.356
775,brute_force,scene_stress,0,52,0,0,53,2756,2756,0,0.0004,0.0081,0.356
776,brute_force,scene_stress,0,52,0,0,53,2756,2756,0,0.0004,0.0081,0.356
777,brute_force,scene_stress,0,52,0,0,53,2756,2756,0,0.0004,0.0081,0.356
778,brute_force,scene_stress,0,52,0,0,53,2756,2756,0,0.0004,0.0081,0.356
779,brute_force,scene_stress,0,52,0,0,53,2756,2756,0,0.0004,0.0081,0.356
780,brute_force,scene_stress,0,52,0,0,53,2756,2756,0,0.0004,0.0081,0.356
781,brute_force,scene_stress,0,52,0,0,53,2756,2756,0,0.0004,0.0081,0.356
782,brute_force,scene_stress,0,52,0,0,53,2756,2756,0,0.0004,0.0081,0.356
783,brute_force,scene_stress,0,52,0,0,53,2756,2756,0,0.0004,0.0081,0.356
784,brute_force,scene_stress,0,52,0,0,53,2756,2756,0,0.0004,0.0081,0.356
785,brute_force,scene_stress,0,52,0,0,53,2756,2756,0,0.0004,0.0081,0.356
786,brute_force,scene_stress,0,52,0,0,53,2756,2756,0,0.0004,0.0081,0.356
787,brute_force,scene_stress,0,52,0,0,53,2756,2756,0,0.0004,0.0081,0.356
788,brute_force,scene_stress,0,52,0,0,53,2756,2756,0,0.0004,0.0081,0.356
789,brute_force,scene_stress,0,52,0,0,53,2756,2756,0,0.0004,0.0081,0.356
790,brute_force,scene_stress,0,52,0,0,53,2756,2756,0,0.0004,0.0081,0.356
791,brute_force,scene_stress,0,52,0,0,53,2756,2756,0,0.0004,0.0081,0.356
792,brute_force,scene_stress,0,52,0,0,53,2756,2756,0,0.0004,0.0081,0.356
793,brute_force,scene_stress,0,52,0,0,53,2756,2756,0,0.0004,0.0081,0.356
794,brute_force,scene_stress,0,52,0,0,53,2756,2756,0,0.0004,0.0081,0.356
795,brute_force,scene_stress,0,52,0,0,53,2756,2756,0,0.0004,0.0081,0.356
796,brute_force,scene_stress,0,52,0,0,53,2756,2756,0,0.0004,0.0081,0.356
797,brute_force,scene_stress,0,52,0,0,53,2756,2756,0,0.0004,0.0081,0.356
798,brute_force,scene_stress,0,52,0,0,53,2756,2756,0,0.0004,0.0081,0.356
799,brute_force,scene_stress,0,52,0,0,53,2756,2756,0,0.0004,0.0081,0.356
800,brute_force,scene_stress,0,52,0,0,53,2756,2756,0,0.0004,0.0081,0.356
801,brute_force,scene_stress,0,52,0,0,53,2756,2756,0,0.0004,0.0081,0.356
802,brute_force,scene_stress,0,52,0,0,53,2756,2756,0,0.0004,0.0081,0.356
803,brute_force,scene_stress,0,52,0,0,53,2756,2756,0,0.0004,0.0081,0.356
804,brute_force,scene_stress,0,52,0,0,53,2756,2756,0,0.0004,0.0081,0.356
805,brute_force,scene_stress,0,52,0,0,53,2756,2756,0,0.0004,0.0081,0.356
806,brute_force,scene_stress,0,52,0,0,53,2756,2756,0,0.0004,0.0081,0.356
807,brute_force,scene_stress,0,52,0,0,53,2756,2756,0,0.0004,0.0081,0.356
808,brute_force,scene_stress,0,52,0,0,53,2756,2756,0,0.0004,0.0081,0.356
809,brute_force,scene_stress,0,52,0,0,53,2756,2756,0,0.0004,0.0081,0.356
810,brute_force,scene_stress,0,52,0,0,53,2756,2756,0,0.0004,0.0081,0.356
811,brute_force,scene_stress,0,52,0,0,53,2756,2756,0,0.0004,0.0081,0.356
812,brute_force,scene_stress,0,52,0,0,53,2756,2756,0,0.0004,0.0081,0.356
813,brute_force,scene_stress,0,52,0,0,53,2756,2756,0,0.0004,0.0081,0.356
814,brute_force,scene_stress,0,52,0,0,53,2756,2756,0,0.0004,0.0081,0.356
815,brute_force,scene_stress,0,52,0,0,53,2756,2756,0,0.0004,0.0081,0.356
816,brute_force,scene_stress,0,52,0,0,53,2756,2756,0,0.0004,0.0081,0.356
817,brute_force,scene_stress,0,52,0,0,53,2756,2756,0,0.0004,0.0081,0.356
818,brute_force,scene_stress,0,52,0,0,53,2756,2756,0,0.0004,0.0081,0.356
819,brute_force,scene_stress,0,52,0,0,53,2756,2756,0,0.0004,0.0081,0.356
820,brute_force,scene_stress,0,52,0,0,53,2756,2756,0,0.0004,0.0081,0.356
821,brute_force,scene_stress,0,52,0,0,53,2756,2756,0,0.0004,0.0081,0.356
822,brute_force,scene_stress,0,52,0,0,53,2756,2756,0,0.0004,0.0081,0.356
823,brute_force,scene_stress,0,52,0,0,53,2756,2756,0,0.0004,0.0081,0.356
824,brute_force,scene_stress,0,52,0,0,53,2756,2756,0,0.0004,0.0081,0.356
825,brute_force,scene_stress,0,52,0,0,53,2756,2756,0,0.0004,0.0081,0.356
826,brute_force,scene_stress,0,52,0,0,53,2756,2756,0,0.0004,0.0081,0.356
827,brute_force,scene_stress,0,52,0,0,53,2756,2756,0,0.0004,0.0081,0.356
828,brute_force,scene_stress,0,52,0,0,53,2756,2756,0,0.0004,0.0081,0.356
829,brute_force,scene_stress,0,52,0,0,53,2756,2756,0,0.0004,0.0081,0.356
830,brute_force,scene_stress,0,52,0,0,53,2756,2756,0,0.0004,0.0081,0.356
831,brute_force,scene_stress,0,52,0,0,53,2756,2756,0,0.0004,0.0081,0.356
832,brute_force,scene_stress,0,52,0,0,53,2756,2756,0,0.0004,0.0081,0.356
833,brute_force,scene_stress,0,52,0,0,53,2756,2756,0,0.0004,0.0081,0.356
834,brute_force,scene_stress,0,52,0,0,53,2756,2756,0,0.0004,0.0081,0.356
835,brute_force,scene_stress,0,52,0,0,53,2756,2756,0,0.0004,0.0081,0.356
836,brute_force,scene_stress,0,52,0,0,53,2756,2756,0,0.0004,0.0081,0.356
837,brute_force,scene_stress,0,52,0,0,53,2756,2756,0,0.0004,0.0081,0.356
838,brute_force,scene_stress,0,52,0,0,53,2756,2756,0,0.0004,0.0081,0.356
839,brute_force,scene_stress,0,52,0,0,53,2756,2756,0,0.0004,0.0081,0.356
840,brute_force,scene_stress,0,52,0,0,53,2756,2756,0,0.0004,0.0081,0.356
841,brute_force,scene_stress,0,52,0,0,53,2756,2756,0,0.0004,0.0081,0.356
842,brute_force,scene_stress,0,52,0,0,53,2756,2756,0,0.0004,0.0081,0.356
843,brute_force,scene_stress,0,52,0,0,53,2756,2756,0,0.0004,0.0081,0.356
844,brute_force,scene_stress,0,52,0,0,53,2756,2756,0,0.0004,0.0081,0.356
845,brute_force,scene_stress,0,52,0,0,53,2756,2756,0,0.0004,0.0081,0.356
846,brute_force,scene_stress,0,52,0,0,53,2756,2756,0,0.0004,0.0081,0.356
847,brute_force,scene_stress,0,52,0,0,53,2756,2756,0,0.0004,0.0081,0.356
848,brute_force,scene_stress,0,52,0,0,53,2756,2756,0,0.0004,0.0081,0.356
849,brute_force,scene_stress,0,52,0,0,53,2756,2756,0,0.0004,0.0081,0.356
850,brute_force,scene_stress,0,52,0,0,53,2756,2756,0,0.0004,0.0081,0.356
851,brute_force,scene_stress,0,52,0,0,53,2756,2756,0,0.0004,0.0081,0.356
852,brute_force,scene_stress,0,52,0,0,53,2756,2756,0,0.0004,0.0081,0.356
853,brute_force,scene_stress,0,52,0,0,53,2756,2756,0,0.0004,0.0081,0.356
854,brute_force,scene_stress,0,52,0,0,53,2756,2756,0,0.0004,0.0081,0.356
855,brute_force,scene_stress,0,52,0,0,53,2756,2756,0,0.0004,0.0081,0.356
856,brute_force,scene_stress,0,52,0,0,53,2756,2756,0,0.0004,0.0081,0.356
857,brute_force,scene_stress,0,52,0,0,53,2756,2756,0,0.0004,0.0081,0.356
858,brute_force,scene_stress,0,52,0,0,53,2756,2756,0,0.0004,0.0081,0.356
859,brute_force,scene_stress,0,52,0,0,53,2756,2756,0,0.0004,0.0081,0.356
860,brute_force,scene_stress,0,52,0,0,53,2756,2756,0,0.0004,0.0081,0.356
861,brute_force,scene_stress,0,52,0,0,53,2756,2756,0,0.0004,0.0081,0.356
862,brute_force,scene_stress,0,52,0,0,53,2756,2756,0,0.0004,0.0081,0.356
863,brute_force,scene_stress,0,52,0,0,53,2756,2756,0,0.0004,0.0081,0.356
864,brute_force,scene_stress,0,52,0,0,53,2756,2756,0,0.0004,0.0081,0.356
865,brute_force,scene_stress,0,52,0,0,53,2756,2756,0,0.0004,0.0081,0.356
866,brute_force,scene_stress,0,52,0,0,53,2756,2756,0,0.0004,0.0081,0.356
867,brute_force,scene_stress,0,52,0,0,53,2756,2756,0,0.0004,0.0081,0.356
868,brute_force,scene_stress,0,52,0,0,53,2756,2756,0,0.0004,0.0081,0.356
869,brute_force,scene_stress,0,52,0,0,53,2756,2756,0,0.0004,0.0081,0.356
870,brute_force,scene_stress,0,52,0,0,53,2756,2756,0,0.0004,0.0081,0.356
871,brute_force,scene_stress,0,52,0,0,53,2756,2756,0,0.0004,0.0081,0.356
872,brute_force,scene_stress,0,52,0,0,53,2756,2756,0,0.0004,0.0081,0.356
873,brute_force,scene_stress,0,52,0,0,53,2756,2756,0,0.0004,0.0081,0.356
874,brute_force,scene_stress,0,52,0,0,53,2756,2756,0,0.0004,0.0081,0.356
875,brute_force,scene_stress,0,52,0,0,53,2756,2756,0,0.0004,0.0081,0.356
876,brute_force,scene_stress,0,52,0,0,53,2756,2756,0,0.0004,0.0081,0.356
877,brute_force,scene_stress,0,52,0,0,53,2756,2756,0,0.0004,0.0081,0.356
878,brute_force,scene_stress,0,52,0,0,53,2756,2756,0,0.0004,0.0081,0.356
879,brute_force,scene_stress,0,52,0,0,53,2756,2756,0,0.0004,0.0081,0.356
880,brute_force,scene_stress,0,52,0,0,53,2756,2756,0,0.0004,0.0081,0.356
881,brute_force,scene_stress,0,52,0,0,53,2756,2756,0,0.0004,0.0081,0.356
882,brute_force,scene_stress,0,52,0,0,53,2756,2756,0,0.0004,0.0081,0.356
883,brute_force,scene_stress,0,52,0,0,53,2756,2756,0,0.0004,0.0081,0.356
884,brute_force,scene_stress,0,52,0,0,53,2756,2756,0,0.0004,0.0081,0.356
885,brute_force,scene_stress,0,52,0,0,53,2756,2756,0,0.0004,0.0081,0.356
886,brute_force,scene_stress,0,52,0,0,53,2756,2756,0,0.0004,0.0081,0.356
887,brute_force,scene_stress,0,52,0,0,53,2756,2756,0,0.0004,0.0081,0.356
888,brute_force,scene_stress,0,52,0,0,53,2756,2756,0,0.0004,0.0081,0.356
889,brute_force,scene_stress,0,52,0,0,53,2756,2756,0,0.0004,0.0081,0.356
890,brute_force,scene_stress,0,52,0,0,53,2756,2756,0,0.0004,0.0081,0.356
891,brute_force,scene_stress,0,52,0,0,53,2756,2756,0,0.0004,0.0081,0.356
892,brute_force,scene_stress,0,52,0,0,53,2756,2756,0,0.0004,0.0081,0.356
893,brute_force,scene_stress,0,52,0,0,53,2756,2756,0,0.0004,0.0081,0.356
894,brute_force,scene_stress,0,52,0,0,53,2756,2756,0,0.0004,0.0081,0.356
895,brute_force,scene_stress,0,52,0,0,53,2756,2756,0,0.0004,0.0081,0.356
896,brute_force,scene_stress,0,52,0,0,53,2756,2756,0,0.0004,0.0081,0.356
897,brute_force,scene_stress,0,52,0,0,53,2756,2756,0,0.0004,0.0081,0.356
898,brute_force,scene_stress,0,52,0,0,53,2756,2756,0,0.0004,0.0081,0.356
899,brute_force,scene_stress,0,52,0,0,53,2756,2756,0,0.0004,0.0081,0.356
900,brute_force,scene_stress,0,52,0,0,53,2756,2756,0,0.0004,0.0081,0.356
901,brute_force,scene_stress,0,52,0,0,53,2756,2756,0,0.0004,0.0081,0.356
902,brute_force,scene_stress,0,52,0,0,53,2756,2756,0,0.0004,0.0081,0.356
903,brute_force,scene_stress,0,52,0,0,53,2756,2756,0,0.0004,0.0081,0.356
904,brute_force,scene_stress,0,52,0,0,53,2756,2756,0,0.0004,0.0081,0.356
905,brute_force,scene_stress,0,52,0,0,53,2756,2756,0,0.0004,0.0081,0.356
906,brute_force,scene_stress,0,52,0,0,53,2756,2756,0,0.0004,0.0081,0.356
907,brute_force,scene_stress,0,52,0,0,53,2756,2756,0,0.0004,0.0081,0.356
908,brute_force,scene_stress,0,52,0,0,53,2756,2756,0,0.0004,0.0081,0.356
909,brute_force,scene_stress,0,52,0,0,53,2756,2756,0,0.0004,0.0081,0.356
910,brute_force,scene_stress,0,52,0,0,53,2756,2756,0,0.0004,0.0081,0.356
911,brute_force,scene_stress,0,52,0,0,53,2756,2756,0,0.0004,0.0081,0.356
912,brute_force,scene_stress,0,52,0,0,53,2756,2756,0,0.0004,0.0081,0.356
913,brute_force,scene_stress,0,52,0,0,53,2756,2756,0,0.0004,0.0081,0.356
914,brute_force,scene_stress,0,52,0,0,53,2756,2756,0,0.0004,0.0081,0.356
915,brute_force,scene_stress,0,52,0,0,53,2756,2756,0,0.0004,0.0081,0.356
916,brute_force,scene_stress,0,52,0,0,53,2756,2756,0,0.0004,0.0081,0.356
917,brute_force,scene_stress,0,52,0,0,53,2756,2756,0,0.0004,0.0081,0.356
918,brute_force,scene_stress,0,52,0,0,53,2756,2756,0,0.0004,0.0081,0.356
919,brute_force,scene_stress,0,52,0,0,53,2756,2756,0,0.0004,0.0081,0.356
920,brute_force,scene_stress,0,52,0,0,53,2756,2756,0,0.0004,0.0081,0.356
921,brute_force,scene_stress,0,52,0,0,53,2756,2756,0,0.0004,0.0081,0.356
922,brute_force,scene_stress,0,52,0,0,53,2756,2756,0,0.0004,0.0081,0.356
923,brute_force,scene_stress,0,52,0,0,53,2756,2756,0,0.0004,0.0081,0.356
924,brute_force,scene_stress,0,52,0,0,53,2756,2756,0,0.0004,0.0081,0.356
925,brute_force,scene_stress,0,52,0,0,53,2756,2756,0,0.0004,0.0081,0.356
926,brute_force,scene_stress,0,52,0,0,53,2756,2756,0,0.0004,0.0081,0.356
927,brute_force,scene_stress,0,52,0,0,53,2756,2756,0,0.0004,0.0081,0.356
928,brute_force,scene_stress,0,52,0,0,53,2756,2756,0,0.0004,0.0081,0.356
929,brute_force,scene_stress,0,52,0,0,53,2756,2756,0,0.0004,0.0081,0.356
930,brute_force,scene_stress,0,52,0,0,53,2756,2756,0,0.0004,0.0081,0.356
931,brute_force,scene_stress,0,52,0,0,53,2756,2756,0,0.0004,0.0081,0.356
932,brute_force,scene_stress,0,52,0,0,53,2756,2756,0,0.0004,0.0081,0.356
933,brute_force,scene_stress,0,52,0,0,53,2756,2756,0,0.0004,0.0081,0.356
934,brute_force,scene_stress,0,52,0,0,53,2756,2756,0,0.0004,0.0081,0.356
935,brute_force,scene_stress,0,52,0,0,53,2756,2756,0,0.0004,0.0081,0.356
936,brute_force,scene_stress,0,52,0,0,53,2756,2756,0,0.0004,0.0081,0.356
937,brute_force,scene_stress,0,52,0,0,53,2756,2756,0,0.0004,0.0081,0.356
938,brute_force,scene_stress,0,52,0,0,53,2756,2756,0,0.0004,0.0081,0.356
939,brute_force,scene_stress,0,52,0,0,53,2756,2756,0,0.0004,0.0081,0.356
940,brute_force,scene_stress,0,52,0,0,53,2756,2756,0,0.0004,0.0081,0.356
941,brute_force,scene_stress,0,52,0,0,53,2756,2756,0,0.0004,0.0081,0.356
942,brute_force,scene_stress,0,52,0,0,53,2756,2756,0,0.0004,0.0081,0.356
943,brute_force,scene_stress,0,52,0,0,53,2756,2756,0,0.0004,0.0081,0.356
944,brute_force,scene_stress,0,52,0,0,53,2756,2756,0,0.0004,0.0081,0.356
945,brute_force,scene_stress,0,52,0,0,53,2756,2756,0,0.0004,0.0081,0.356
946,brute_force,scene_stress,0,52,0,0,53,2756,2756,0,0.0004,0.0081,0.356
947,brute_force,scene_stress,0,52,0,0,53,2756,2756,0,0.0004,0.0081,0.356
948,brute_force,scene_stress,0,52,0,0,53,2756,2756,0,0.0004,0.0081,0.356
949,brute_force,scene_stress,0,52,0,0,53,2756,2756,0,0.0004,0.0081,0.356
950,brute_force,scene_stress,0,52,0,0,53,2756,2756,0,0.0004,0.0081,0.356
951,brute_force,scene_stress,0,52,0,0,53,2756,2756,0,0.0004,0.0081,0.356
952,brute_force,scene_stress,0,52,0,0,53,2756,2756,0,0.0004,0.0081,0.356
953,brute_force,scene_stress,0,52,0,0,53,2756,2756,0,0.0004,0.0081,0.356
954,brute_force,scene_stress,0,52,0,0,53,2756,2756,0,0.0004,0.0081,0.356
955,brute_force,scene_stress,0,52,0,0,53,2756,2756,0,0.0004,0.0081,0.356
956,brute_force,scene_stress,0,52,0,0,53,2756,2756,0,0.0004,0.0081,0.356
957,brute_force,scene_stress,0,52,0,0,53,2756,2756,0,0.0004,0.0081,0.356
958,brute_force,scene_stress,0,52,0,0,53,2756,2756,0,0.0004,0.0081,0.356
959,brute_force,scene_stress,0,52,0,0,53,2756,2756,0,0.0004,0.0081,0.356
960,brute_force,scene_stress,0,52,0,0,53,2756,2756,0,0.0004,0.0081,0.356
961,brute_force,scene_stress,0,52,0,0,53,2756,2756,0,0.0004,0.0081,0.356
962,brute_force,scene_stress,0,52,0,0,53,2756,2756,0,0.0004,0.0081,0.356
963,brute_force,scene_stress,0,52,0,0,53,2756,2756,0,0.0004,0.0081,0.356
964,brute_force,scene_stress,0,52,0,0,53,2756,2756,0,0.0004,0.0081,0.356
965,brute_force,scene_stress,0,52,0,0,53,2756,2756,0,0.0004,0.0081,0.356
966,brute_force,scene_stress,0,52,0,0,53,2756,2756,0,0.0004,0.0081,0.356
967,brute_force,scene_stress,0,52,0,0,53,2756,2756,0,0.0004,0.0081,0.356
968,brute_force,scene_stress,0,52,0,0,53,2756,2756,0,0.0004,0.0081,0.356
969,brute_force,scene_stress,0,52,0,0,53,2756,2756,0,0.0004,0.0081,0.356
970,brute_force,scene_stress,0,52,0,0,53,2756,2756,0,0.0004,0.0081,0.356
971,brute_force,scene_stress,0,52,0,0,53,2756,2756,0,0.0004,0.0081,0.356
972,brute_force,scene_stress,0,52,0,0,53,2756,2756,0,0.0004,0.0081,0.356
973,brute_force,scene_stress,0,52,0,0,53,2756,2756,0,0.0004,0.0081,0.356
974,brute_force,scene_stress,0,52,0,0,53,2756,2756,0,0.0004,0.0081,0.356
975,brute_force,scene_stress,0,52,0,0,53,2756,2756,0,0.0004,0.0081,0.356
976,brute_force,scene_stress,0,52,0,0,53,2756,2756,0,0.0004,0.0081,0.356
977,brute_force,scene_stress,0,52,0,0,53,2756,2756,0,0.0004,0.0081,0.356
978,brute_force,scene_stress,0,52,0,0,53,2756,2756,0,0.0004,0.0081,0.356
979,brute_force,scene_stress,0,52,0,0,53,2756,2756,0,0.0004,0.0081,0.356
980,brute_force,scene_stress,0,52,0,0,53,2756,2756,0,0.0004,0.0081,0.356
981,brute_force,scene_stress,0,52,0,0,53,2756,2756,0,0.0004,0.0081,0.356
982,brute_force,scene_stress,0,52,0,0,53,2756,2756,0,0.0004,0.0081,0.356
983,brute_force,scene_stress,0,52,0,0,53,2756,2756,0,0.0004,0.0081,0.356
984,brute_force,scene_stress,0,52,0,0,53,2756,2756,0,0.0004,0.0081,0.356
985,brute_force,scene_stress,0,52,0,0,53,2756,2756,0,0.0004,0.0081,0.356
986,brute_force,scene_stress,0,52,0,0,53,2756,2756,0,0.0004,0.0081,0.356
987,brute_force,scene_stress,0,52,0,0,53,2756,2756,0,0.0004,0.0081,0.356
988,brute_force,scene_stress,0,52,0,0,53,2756,2756,0,0.0004,0.0081,0.356
989,brute_force,scene_stress,0,52,0,0,53,2756,2756,0,0.0004,0.0081,0.356
990,brute_force,scene_stress,0,52,0,0,53,2756,2756,0,0.0004,0.0081,0.356
991,brute_force,scene_stress,0,52,0,0,53,2756,2756,0,0.0004,0.0081,0.356
992,brute_force,scene_stress,0,52,0,0,53,2756,2756,0,0.0004,0.0081,0.356
993,brute_force,scene_stress,0,52,0,0,53,2756,2756,0,0.0004,0.0081,0.356
994,brute_force,scene_stress,0,52,0,0,53,2756,2756,0,0.0004,0.0081,0.356
995,brute_force,scene_stress,0,52,0,0,53,2756,2756,0,0.0004,0.0081,0.356
996,brute_force,scene_stress,0,52,0,0,53,2756,2756,0,0.0004,0.0081,0.356
997,brute_force,scene_stress,0,52,0,0,53,2756,2756,0,0.0004,0.0081,0.356
998,brute_force,scene_stress,0,52,0,0,53,2756,2756,0,0.0004,0.0081,0.356
999,brute_force,scene_stress,0,52,0,0,53,2756,2756,0,0.0004,0.0081,0.356
1000,brute_force,scene_stress,0,52,0,0,53,2756,2756,0,0.0004,0.0081,0.356
1001,brute_force,scene_stress,0,52,0,0,53,2756,2756,0,0.0004,0.0081,0.356
1002,brute_force,scene_stress,0,52,0,0,53,2756,2756,0,0.0004,0.0081,0.356
1003,brute_force,scene_stress,0,52,0,0,53,2756,2756,0,0.0004,0.0081,0.356
1004,brute_force,scene_stress,0,52,0,0,53,2756,2756,0,0.0004,0.0081,0.356
1005,brute_force,scene_stress,0,52,0,0,53,2756,2756,0,0.0004,0.0081,0.356
1006,brute_force,scene_stress,0,52,0,0,53,2756,2756,0,0.0004,0.0081,0.356
1007,brute_force,scene_stress,0,52,0,0,53,2756,2756,0,0.0004,0.0081,0.356
1008,brute_force,scene_stress,0,52,0,0,53,2756,2756,0,0.0004,0.0081,0.356
1009,brute_force,scene_stress,0,52,0,0,53,2756,2756,0,0.0004,0.0081,0.356
1010,brute_force,scene_stress,0,52,0,0,53,2756,2756,0,0.0004,0.0081,0.356
1011,brute_force,scene_stress,0,52,0,0,53,2756,2756,0,0.0004,0.0081,0.356
1012,brute_force,scene_stress,0,52,0,0,53,2756,2756,0,0.0004,0.0081,0.356
1013,brute_force,scene_stress,0,52,0,0,53,2756,2756,0,0.0004,0.0081,0.356
1014,brute_force,scene_stress,0,52,0,0,53,2756,2756,0,0.0004,0.0081,0.356
1015,brute_force,scene_stress,0,52,0,0,53,2756,2756,0,0.0004,0.0081,0.356
1016,brute_force,scene_stress,0,52,0,0,53,2756,2756,0,0.0004,0.0081,0.356
1017,brute_force,scene_stress,0,52,0,0,53,2756,2756,0,0.0004,0.0081,0.356
1018,brute_force,scene_stress,0,52,0,0,53,2756,2756,0,0.0004,0.0081,0.356
1019,brute_force,scene_stress,0,52,0,0,53,2756,2756,0,0.0004,0.0081,0.356
1020,brute_force,scene_stress,0,52,0,0,53,2756,2756,0,0.0004,0.0081,0.356
1021,brute_force,scene_stress,0,52,0,0,53,2756,2756,0,0.0004,0.0081,0.356
1022,brute_force,scene_stress,0,52,0,0,53,2756,2756,0,0.0004,0.0081,0.356
1023,brute_force,scene_stress,0,52,0,0,53,2756,2756,0,0.0004,0.0081,0.356
1024,brute_force,scene_stress,0,52,0,0,53,2756,2756,0,0.0004,0.0081,0.356
1025,brute_force,scene_stress,0,52,0,0,53,2756,2756,0,0.0004,0.0081,0.356
1026,brute_force,scene_stress,0,52,0,0,53,2756,2756,0,0.0004,0.0081,0.356
1027,brute_force,scene_stress,0,52,0,0,53,2756,2756,0,0.0004,0.0081,0.356
1028,brute_force,scene_stress,0,52,0,0,53,2756,2756,0,0.0004,0.0081,0.356
1029,brute_force,scene_stress,0,52,0,0,53,2756,2756,0,0.0004,0.0081,0.356
1030,brute_force,scene_stress,0,52,0,0,53,2756,2756,0,0.0004,0.0081,0.356
1031,brute_force,scene_stress,0,52,0,0,53,2756,2756,0,0.0004,0.0081,0.356
1032,brute_force,scene_stress,0,52,0,0,53,2756,2756,0,0.0004,0.0081,0.356
1033,brute_force,scene_stress,0,52,0,0,53,2756,2756,0,0.0004,0.0081,0.356
1034,brute_force,scene_stress,0,52,0,0,53,2756,2756,0,0.0004,0.0081,0.356
1035,brute_force,scene_stress,0,52,0,0,53,2756,2756,0,0.0004,0.0081,0.356
1036,brute_force,scene_stress,0,52,0,0,53,2756,2756,0,0.0004,0.0081,0.356
1037,brute_force,scene_stress,0,52,0,0,53,2756,2756,0,0.0004,0.0081,0.356
1038,brute_force,scene_stress,0,52,0,0,53,2756,2756,0,0.0004,0.0081,0.356
1039,brute_force,scene_stress,0,52,0,0,53,2756,2756,0,0.0004,0.0081,0.356
1040,brute_force,scene_stress,0,52,0,0,53,2756,2756,0,0.0004,0.0081,0.356
1041,brute_force,scene_stress,0,52,0,0,53,2756,2756,0,0.0004,0.0081,0.356
1042,brute_force,scene_stress,0,52,0,0,53,2756,2756,0,0.0004,0.0081,0.356
1043,brute_force,scene_stress,0,52,0,0,53,2756,2756,0,0.0004,0.0081,0.356
1044,brute_force,scene_stress,0,52,0,0,53,2756,2756,0,0.0004,0.0081,0.356
1045,brute_force,scene_stress,0,52,0,0,53,2756,2756,0,0.0004,0.0081,0.356
1046,brute_force,scene_stress,0,52,0,0,53,2756,2756,0,0.0004,0.0081,0.356
1047,brute_force,scene_stress,0,52,0,0,53,2756,2756,0,0.0004,0.0081,0.356
1048,brute_force,scene_stress,0,52,0,0,53,2756,2756,0,0.0004,0.0081,0.356
1049,brute_force,scene_stress,0,52,0,0,53,2756,2756,0,0.0004,0.0081,0.356
1050,brute_force,scene_stress,0,52,0,0,53,2756,2756,0,0.0004,0.0081,0.356
1051,brute_force,scene_stress,0,52,0,0,53,2756,2756,0,0.0004,0.0081,0.356
1052,brute_force,scene_stress,0,52,0,0,53,2756,2756,0,0.0004,0.0081,0.356
1053,brute_force,scene_stress,0,52,0,0,53,2756,2756,0,0.0004,0.0081,0.356
1054,brute_force,scene_stress,0,52,0,0,53,2756,2756,0,0.0004,0.0081,0.356
1055,brute_force,scene_stress,0,52,0,0,53,2756,2756,0,0.0004,0.0081,0.356
1056,brute_force,scene_stress,0,52,0,0,53,2756,2756,0,0.0004,0.0081,0.356
1057,brute_force,scene_stress,0,52,0,0,53,2756,2756,0,0.0004,0.0081,0.356
1058,brute_force,scene_stress,0,52,0,0,53,2756,2756,0,0.0004,0.0081,0.356
1059,brute_force,scene_stress,0,52,0,0,53,2756,2756,0,0.0004,0.0081,0.356
1060,brute_force,scene_stress,0,52,0,0,53,2756,2756,0,0.0004,0.0081,0.356
1061,brute_force,scene_stress,0,52,0,0,53,2756,2756,0,0.0004,0.0081,0.356
1062,brute_force,scene_stress,0,52,0,0,53,2756,2756,0,0.0004,0.0081,0.356
1063,brute_force,scene_stress,0,52,0,0,53,2756,2756,0,0.0004,0.0081,0.356
1064,brute_force,scene_stress,0,52,0,0,53,2756,2756,0,0.0004,0.0081,0.356
1065,brute_force,scene_stress,0,52,0,0,53,2756,2756,0,0.0004,0.0081,0.356
1066,brute_force,scene_stress,0,52,0,0,53,2756,2756,0,0.0004,0.0081,0.356
1067,brute_force,scene_stress,0,52,0,0,53,2756,2756,0,0.0004,0.0081,0.356
1068,brute_force,scene_stress,0,52,0,0,53,2756,2756,0,0.0004,0.0081,0.356
1069,brute_force,scene_stress,0,52,0,0,53,2756,2756,0,0.0004,0.0081,0.356
1070,brute_force,scene_stress,0,52,0,0,53,2756,2756,0,0.0004,0.0081,0.356
1071,brute_force,scene_stress,0,52,0,0,53,2756,2756,0,0.0004,0.0081,0.356
1072,brute_force,scene_stress,0,52,0,0,53,2756,2756,0,0.0004,0.0081,0.356
1073,brute_force,scene_stress,0,52,0,0,53,2756,2756,0,0.0004,0.0081,0.356
1074,brute_force,scene_stress,0,52,0,0,53,2756,2756,0,0.0004,0.0081,0.356
1075,brute_force,scene_stress,0,52,0,0,53,2756,2756,0,0.0004,0.0081,0.356
1076,brute_force,scene_stress,0,52,0,0,53,2756,2756,0,0.0004,0.0081,0.356
1077,brute_force,scene_stress,0,52,0,0,53,2756,2756,0,0.0004,0.0081,0.356
1078,brute_force,scene_stress,0,52,0,0,53,2756,2756,0,0.0004,0.0081,0.356
1079,brute_force,scene_stress,0,52,0,0,53,2756,2756,0,0.0004,0.0081,0.356
1080,brute_force,scene_stress,0,52,0,0,53,2756,2756,0,0.0004,0.0081,0.356
1081,brute_force,scene_stress,0,52,0,0,53,2756,2756,0,0.0004,0.0081,0.356
1082,brute_force,scene_stress,0,52,0,0,53,2756,2756,0,0.0004,0.0081,0.356
1083,brute_force,scene_stress,0,52,0,0,53,2756,2756,0,0.0004,0.0081,0.356
1084,brute_force,scene_stress,0,52,0,0,53,2756,2756,0,0.0004,0.0081,0.356
1085,brute_force,scene_stress,0,52,0,0,53,2756,2756,0,0.0004,0.0081,0.356
1086,brute_force,scene_stress,0,52,0,0,53,2756,2756,0,0.0004,0.0081,0.356
1087,brute_force,scene_stress,0,52,0,0,53,2756,2756,0,0.0004,0.0081,0.356
1088,brute_force,scene_stress,0,52,0,0,53,2756,2756,0,0.0004,0.0081,0.356
1089,brute_force,scene_stress,0,52,0,0,53,2756,2756,0,0.0004,0.0081,0.356
1090,brute_force,scene_stress,0,52,0,0,53,2756,2756,0,0.0004,0.0081,0.356
1091,brute_force,scene_stress,0,52,0,0,53,2756,2756,0,0.0004,0.0081,0.356
1092,brute_force,scene_stress,0,52,0,0,53,2756,2756,0,0.0004,0.0081,0.356
1093,brute_force,scene_stress,0,52,0,0,53,2756,2756,0,0.0004,0.0081,0.356
1094,brute_force,scene_stress,0,52,0,0,53,2756,2756,0,0.0004,0.0081,0.356
1095,brute_force,scene_stress,0,52,0,0,53,2756,2756,0,0.0004,0.0081,0.356
1096,brute_force,scene_stress,0,52,0,0,53,2756,2756,0,0.0004,0.0081,0.356
1097,brute_force,scene_stress,0,52,0,0,53,2756,2756,0,0.0004,0.0081,0.356
1098,brute_force,scene_stress,0,52,0,0,53,2756,2756,0,0.0004,0.0081,0.356
1099,brute_force,scene_stress,0,52,0,0,53,2756,2756,0,0.0004,0.0081,0.356
1100,brute_force,scene_stress,0,52,0,0,53,2756,2756,0,0.0004,0.0081,0.356
1101,brute_force,scene_stress,0,52,0,0,53,2756,2756,0,0.0004,0.0081,0.356
1102,brute_force,scene_stress,0,52,0,0,53,2756,2756,0,0.0004,0.0081,0.356
1103,brute_force,scene_stress,0,52,0,0,53,2756,2756,0,0.0004,0.0081,0.356
1104,brute_force,scene_stress,0,52,0,0,53,2756,2756,0,0.0004,0.0081,0.356
1105,brute_force,scene_stress,0,52,0,0,53,2756,2756,0,0.0004,0.0081,0.356
1106,brute_force,scene_stress,0,52,0,0,53,2756,2756,0,0.0004,0.0081,0.356
1107,brute_force,scene_stress,0,52,0,0,53,2756,2756,0,0.0004,0.0081,0.356
1108,brute_force,scene_stress,0,52,0,0,53,2756,2756,0,0.0004,0.0081,0.356
1109,brute_force,scene_stress,0,52,0,0,53,2756,2756,0,0.0004,0.0081,0.356
1110,brute_force,scene_stress,0,52,0,0,53,2756,2756,0,0.0004,0.0081,0.356
1111,brute_force,scene_stress,0,52,0,0,53,2756,2756,0,0.0004,0.0081,0.356
1112,brute_force,scene_stress,0,52,0,0,53,2756,2756,0,0.0004,0.0081,0.356
1113,brute_force,scene_stress,0,52,0,0,53,2756,2756,0,0.0004,0.0081,0.356
1114,brute_force,scene_stress,0,52,0,0,53,2756,2756,0,0.0004,0.0081,0.356
1115,brute_force,scene_stress,0,52,0,0,53,2756,2756,0,0.0004,0.0081,0.356
1116,brute_force,scene_stress,0,52,0,0,53,2756,2756,0,0.0004,0.0081,0.356
1117,brute_force,scene_stress,0,52,0,0,53,2756,2756,0,0.0004,0.0081,0.356
1118,brute_force,scene_stress,0,52,0,0,53,2756,2756,0,0.0004,0.0081,0.356
1119,brute_force,scene_stress,0,52,0,0,53,2756,2756,0,0.0004,0.0081,0.356
1120,brute_force,scene_stress,0,52,0,0,53,2756,2756,0,0.0004,0.0081,0.356
1121,brute_force,scene_stress,0,52,0,0,53,2756,2756,0,0.0004,0.0081,0.356
1122,brute_force,scene_stress,0,52,0,0,53,2756,2756,0,0.0004,0.0081,0.356
1123,brute_force,scene_stress,0,52,0,0,53,2756,2756,0,0.0004,0.0081,0.356
1124,brute_force,scene_stress,0,52,0,0,53,2756,2756,0,0.0004,0.0081,0.356
1125,brute_force,scene_stress,0,52,0,0,53,2756,2756,0,0.0004,0.0081,0.356
1126,brute_force,scene_stress,0,52,0,0,53,2756,2756,0,0.0004,0.0081,0.356
1127,brute_force,scene_stress,0,52,0,0,53,2756,2756,0,0.0004,0.0081,0.356
1128,brute_force,scene_stress,0,52,0,0,53,2756,2756,0,0.0004,0.0081,0.356
1129,brute_force,scene_stress,0,52,0,0,53,2756,2756,0,0.0004,0.0081,0.356
1130,brute_force,scene_stress,0,52,0,0,53,2756,2756,0,0.0004,0.0081,0.356
1131,brute_force,scene_stress,0,52,0,0,53,2756,2756,0,0.0004,0.0081,0.356
1132,brute_force,scene_stress,0,52,0,0,53,2756,2756,0,0.0004,0.0081,0.356
1133,brute_force,scene_stress,0,52,0,0,53,2756,2756,0,0.0004,0.0081,0.356
1134,brute_force,scene_stress,0,52,0,0,53,2756,2756,0,0.0004,0.0081,0.356
1135,brute_force,scene_stress,0,52,0,0,53,2756,2756,0,0.0004,0.0081,0.356
1136,brute_force,scene_stress,0,52,0,0,53,2756,2756,0,0.0004,0.0081,0.356
1137,brute_force,scene_stress,0,52,0,0,53,2756,2756,0,0.0004,0.0081,0.356
1138,brute_force,scene_stress,0,52,0,0,53,2756,2756,0,0.0004,0.0081,0.356
1139,brute_force,scene_stress,0,52,0,0,53,2756,2756,0,0.0004,0.0081,0.356
1140,brute_force,scene_stress,0,52,0,0,53,2756,2756,0,0.0004,0.0081,0.356
1141,brute_force,scene_stress,0,52,0,0,53,2756,2756,0,0.0004,0.0081,0.356
1142,brute_force,scene_stress,0,52,0,0,53,2756,2756,0,0.0004,0.0081,0.356
1143,brute_force,scene_stress,0,52,0,0,53,2756,2756,0,0.0004,0.0081,0.356
1144,brute_force,scene_stress,0,52,0,0,53,2756,2756,0,0.0004,0.0081,0.356
1145,brute_force,scene_stress,0,52,0,0,53,2756,2756,0,0.0004,0.0081,0.356
1146,brute_force,scene_stress,0,52,0,0,53,2756,2756,0,0.0004,0.0081,0.356
1147,brute_force,scene_stress,0,52,0,0,53,2756,2756,0,0.0004,0.0081,0.356
1148,brute_force,scene_stress,0,52,0,0,53,2756,2756,0,0.0004,0.0081,0.356
1149,brute_force,scene_stress,0,52,0,0,53,2756,2756,0,0.0004,0.0081,0.356
1150,brute_force,scene_stress,0,52,0,0,53,2756,2756,0,0.0004,0.0081,0.356
1151,brute_force,scene_stress,0,52,0,0,53,2756,2756,0,0.0004,0.0081,0.356
1152,brute_force,scene_stress,0,52,0,0,53,2756,2756,0,0.0004,0.0081,0.356
1153,brute_force,scene_stress,0,52,0,0,53,2756,2756,0,0.0004,0.0081,0.356
1154,brute_force,scene_stress,0,52,0,0,53,2756,2756,0,0.0004,0.0081,0.356
1155,brute_force,scene_stress,0,52,0,0,53,2756,2756,0,0.0004,0.0081,0.356
1156,brute_force,scene_stress,0,52,0,0,53,2756,2756,0,0.0004,0.0081,0.356
1157,brute_force,scene_stress,0,52,0,0,53,2756,2756,0,0.0004,0.0081,0.356
1158,brute_force,scene_stress,0,52,0,0,53,2756,2756,0,0.0004,0.0081,0.356
1159,brute_force,scene_stress,0,52,0,0,53,2756,2756,0,0.0004,0.0081,0.356
1160,brute_force,scene_stress,0,52,0,0,53,2756,2756,0,0.0004,0.0081,0.356
1161,brute_force,scene_stress,0,52,0,0,53,2756,2756,0,0.0004,0.0081,0.356
1162,brute_force,scene_stress,0,52,0,0,53,2756,2756,0,0.0004,0.0081,0.356
1163,brute_force,scene_stress,0,52,0,0,53,2756,2756,0,0.0004,0.0081,0.356
1164,brute_force,scene_stress,0,52,0,0,53,2756,2756,0,0.0004,0.0081,0.356
1165,brute_force,scene_stress,0,52,0,0,53,2756,2756,0,0.0004,0.0081,0.356
1166,brute_force,scene_stress,0,52,0,0,53,2756,2756,0,0.0004,0.0081,0.356
1167,brute_force,scene_stress,0,52,0,0,53,2756,2756,0,0.0004,0.0081,0.356
1168,brute_force,scene_stress,0,52,0,0,53,2756,2756,0,0.0004,0.0081,0.356
1169,brute_force,scene_stress,0,52,0,0,53,2756,2756,0,0.0004,0.0081,0.356
1170,brute_force,scene_stress,0,52,0,0,53,2756,2756,0,0.0004,0.0081,0.356
1171,brute_force,scene_stress,0,52,0,0,53,2756,2756,0,0.0004,0.0081,0.356
1172,brute_force,scene_stress,0,52,0,0,53,2756,2756,0,0.0004,0.0081,0.356
1173,brute_force,scene_stress,0,52,0,0,53,2756,2756,0,0.0004,0.0081,0.356
1174,brute_force,scene_stress,0,52,0,0,53,2756,2756,0,0.0004,0.0081,0.356
1175,brute_force,scene_stress,0,52,0,0,53,2756,2756,0,0.0004,0.0081,0.356
1176,brute_force,scene_stress,0,52,0,0,53,2756,2756,0,0.0004,0.0081,0.356
1177,brute_force,scene_stress,0,52,0,0,53,2756,2756,0,0.0004,0.0081,0.356
1178,brute_force,scene_stress,0,52,0,0,53,2756,2756,0,0.0004,0.0081,0.356
1179,brute_force,scene_stress,0,52,0,0,53,2756,2756,0,0.0004,0.0081,0.356
1180,brute_force,scene_stress,0,52,0,0,53,2756,2756,0,0.0004,0.0081,0.356
1181,brute_force,scene_stress,0,52,0,0,53,2756,2756,0,0.0004,0.0081,0.356
1182,brute_force,scene_stress,0,52,0,0,53,2756,2756,0,0.0004,0.0081,0.356
1183,brute_force,scene_stress,0,52,0,0,53,2756,2756,0,0.0004,0.0081,0.356
1184,brute_force,scene_stress,0,52,0,0,53,2756,2756,0,0.0004,0.0081,0.356
1185,brute_force,scene_stress,0,52,0,0,53,2756,2756,0,0.0004,0.0081,0.356
1186,brute_force,scene_stress,0,52,0,0,53,2756,2756,0,0.0004,0.0081,0.356
1187,brute_force,scene_stress,0,52,0,0,53,2756,2756,0,0.0004,0.0081,0.356
1188,brute_force,scene_stress,0,52,0,0,53,2756,2756,0,0.0004,0.0081,0.356
1189,brute_force,scene_stress,0,52,0,0,53,2756,2756,0,0.0004,0.0081,0.356
1190,brute_force,scene_stress,0,52,0,0,53,2756,2756,0,0.0004,0.0081,0.356
1191,brute_force,scene_stress,0,52,0,0,53,2756,2756,0,0.0004,0.0081,0.356
1192,brute_force,scene_stress,0,52,0,0,53,2756,2756,0,0.0004,0.0081,0.356
1193,brute_force,scene_stress,0,52,0,0,53,2756,2756,0,0.0004,0.0081,0.356
1194,brute_force,scene_stress,0,52,0,0,53,2756,2756,0,0.0004,0.0081,0.356
1195,brute_force,scene_stress,0,52,0,0,53,2756,2756,0,0.0004,0.0081,0.356
1196,brute_force,scene_stress,0,52,0,0,53,2756,2756,0,0.0004,0.0081,0.356
1197,brute_force,scene_stress,0,52,0,0,53,2756,2756,0,0.0004,0.0081,0.356
1198,brute_force,scene_stress,0,52,0,0,53,2756,2756,0,0.0004,0.0081,0.356
1199,brute_force,scene_stress,0,52,0,0,53,2756,2756,0,0.0004,0.0081,0.356
1200,brute_force,scene_stress,0,52,0,0,53,2756,2756,0,0.0004,0.0081,0.356
1,spatial_grid,scene_stress,0,84,0,0,0,0,0,0,0,0,0
2,spatial_grid,scene_stress,0,84,0,0,0,0,0,0,0,0,0
3,spatial_grid,scene_stress,0,84,0,0,0,0,0,0,0,0,0
4,spatial_grid,scene_stress,0,84,0,0,0,0,0,0,0,0,0
5,spatial_grid,scene_stress,0,84,0,0,0,0,0,0,0,0,0
6,spatial_grid,scene_stress,0,84,0,0,0,0,0,0,0,0,0
7,spatial_grid,scene_stress,0,84,0,0,0,0,0,0,0,0,0
8,spatial_grid,scene_stress,0,84,0,0,0,0,0,0,0,0,0
9,spatial_grid,scene_stress,0,84,0,0,0,0,0,0,0,0,0
10,spatial_grid,scene_stress,0,84,0,0,0,0,0,0,0,0,0
11,spatial_grid,scene_stress,0,84,0,0,0,0,0,0,0,0,0
12,spatial_grid,scene_stress,0,84,0,0,0,0,0,0,0,0,0
13,spatial_grid,scene_stress,0,84,0,0,0,0,0,0,0,0,0
14,spatial_grid,scene_stress,0,84,0,0,0,0,0,0,0,0,0
15,spatial_grid,scene_stress,0,84,0,0,0,0,0,0,0,0,0
16,spatial_grid,scene_stress,0,84,0,0,0,0,0,0,0,0,0
17,spatial_grid,scene_stress,0,84,0,0,0,0,0,0,0,0,0
18,spatial_grid,scene_stress,0,84,0,0,0,0,0,0,0,0,0
19,spatial_grid,scene_stress,0,84,0,0,0,0,0,0,0,0,0
20,spatial_grid,scene_stress,0,84,0,0,0,0,0,0,0,0,0
21,spatial_grid,scene_stress,0,84,0,0,0,0,0,0,0,0,0
22,spatial_grid,scene_stress,0,84,0,0,0,0,0,0,0,0,0
23,spatial_grid,scene_stress,0,84,0,0,0,0,0,0,0,0,0
24,spatial_grid,scene_stress,0,84,0,0,0,0,0,0,0,0,0
25,spatial_grid,scene_stress,0,84,0,0,0,0,0,0,0,0,0
26,spatial_grid,scene_stress,0,84,0,0,0,0,0,0,0,0,0
27,spatial_grid,scene_stress,0,84,0,0,0,0,0,0,0,0,0
28,spatial_grid,scene_stress,0,84,0,0,0,0,0,0,0,0,0
29,spatial_grid,scene_stress,0,84,0,0,0,0,0,0,0,0,0
30,spatial_grid,scene_stress,0,84,0,0,0,0,0,0,0,0,0
31,spatial_grid,scene_stress,0,84,0,0,0,0,0,0,0,0,0
32,spatial_grid,scene_stress,0,84,0,0,0,0,0,0,0,0,0
33,spatial_grid,scene_stress,0,84,0,0,0,0,0,0,0,0,0
34,spatial_grid,scene_stress,0,84,0,0,0,0,0,0,0,0,0
35,spatial_grid,scene_stress,0,84,0,0,0,0,0,0,0,0,0
36,spatial_grid,scene_stress,0,84,0,0,0,0,0,0,0,0,0
37,spatial_grid,scene_stress,0,84,0,0,0,0,0,0,0,0,0
38,spatial_grid,scene_stress,0,84,0,0,0,0,0,0,0,0,0
39,spatial_grid,scene_stress,0,84,0,0,0,0,0,0,0,0,0
40,spatial_grid,scene_stress,0,84,0,0,0,0,0,0,0,0,0
41,spatial_grid,scene_stress,0,84,0,0,0,0,0,0,0,0,0
42,spatial_grid,scene_stress,0,84,0,0,0,0,0,0,0,0,0
43,spatial_grid,scene_stress,0,84,0,0,0,0,0,0,0,0,0
44,spatial_grid,scene_stress,0,84,0,0,0,0,0,0,0,0,0
45,spatial_grid,scene_stress,0,84,0,0,0,0,0,0,0,0,0
46,spatial_grid,scene_stress,0,84,0,0,0,0,0,0,0,0,0
47,spatial_grid,scene_stress,0,84,0,0,0,0,0,0,0,0,0
48,spatial_grid,scene_stress,0,84,0,0,0,0,0,0,0,0,0
49,spatial_grid,scene_stress,0,84,0,0,0,0,0,0,0,0,0
50,spatial_grid,scene_stress,0,84,0,0,0,0,0,0,0,0,0
51,spatial_grid,scene_stress,0,84,0,0,0,0,0,0,0,0,0
52,spatial_grid,scene_stress,0,84,0,0,0,0,0,0,0,0,0
53,spatial_grid,scene_stress,0,84,0,0,0,0,0,0,0,0,0
54,spatial_grid,scene_stress,0,84,0,0,0,0,0,0,0,0,0
55,spatial_grid,scene_stress,0,84,0,0,0,0,0,0,0,0,0
56,spatial_grid,scene_stress,0,84,0,0,0,0,0,0,0,0,0
57,spatial_grid,scene_stress,0,84,0,0,0,0,0,0,0,0,0
58,spatial_grid,scene_stress,0,84,0,0,0,0,0,0,0,0,0
59,spatial_grid,scene_stress,0,84,0,0,0,0,0,0,0,0,0
60,spatial_grid,scene_stress,0,84,0,0,0,0,0,0,0,0,0
61,spatial_grid,scene_stress,0,84,0,0,0,0,0,0,0,0,0
62,spatial_grid,scene_stress,0,84,0,0,0,0,0,0,0,0,0
63,spatial_grid,scene_stress,0,84,0,0,0,0,0,0,0,0,0
64,spatial_grid,scene_stress,0,84,0,0,0,0,0,0,0,0,0
65,spatial_grid,scene_stress,0,84,0,0,0,0,0,0,0,0,0
66,spatial_grid,scene_stress,0,84,0,0,0,0,0,0,0,0,0
67,spatial_grid,scene_stress,0,84,0,0,0,0,0,0,0,0,0
68,spatial_grid,scene_stress,0,84,0,0,0,0,0,0,0,0,0
69,spatial_grid,scene_stress,0,84,0,0,0,0,0,0,0,0,0
70,spatial_grid,scene_stress,0,84,0,0,0,0,0,0,0,0,0
71,spatial_grid,scene_stress,0,84,0,0,0,0,0,0,0,0,0
72,spatial_grid,scene_stress,0,84,0,0,0,0,0,0,0,0,0
73,spatial_grid,scene_stress,0,84,0,0,0,0,0,0,0,0,0
74,spatial_grid,scene_stress,0,84,0,0,0,0,0,0,0,0,0
75,spatial_grid,scene_stress,0,84,0,0,0,0,0,0,0,0,0
76,spatial_grid,scene_stress,0,84,0,0,0,0,0,0,0,0,0
77,spatial_grid,scene_stress,0,84,0,0,0,0,0,0,0,0,0
78,spatial_grid,scene_stress,0,84,0,0,0,0,0,0,0,0,0
79,spatial_grid,scene_stress,0,84,0,0,0,0,0,0,0,0,0
80,spatial_grid,scene_stress,0,84,0,0,0,0,0,0,0,0,0
81,spatial_grid,scene_stress,0,84,0,0,0,0,0,0,0,0,0
82,spatial_grid,scene_stress,0,84,0,0,0,0,0,0,0,0,0
83,spatial_grid,scene_stress,0,84,0,0,0,0,0,0,0,0,0
84,spatial_grid,scene_stress,0,84,0,0,0,0,0,0,0,0,0
85,spatial_grid,scene_stress,0,84,0,0,0,0,0,0,0,0,0
86,spatial_grid,scene_stress,0,84,0,0,0,0,0,0,0,0,0
87,spatial_grid,scene_stress,0,84,0,0,0,0,0,0,0,0,0
88,spatial_grid,scene_stress,0,84,0,0,0,0,0,0,0,0,0
89,spatial_grid,scene_stress,0,84,0,0,0,0,0,0,0,0,0
90,spatial_grid,scene_stress,0,84,0,0,0,0,0,0,0,0,0
91,spatial_grid,scene_stress,0,84,0,0,0,0,0,0,0,0,0
92,spatial_grid,scene_stress,0,84,0,0,0,0,0,0,0,0,0
93,spatial_grid,scene_stress,0,84,0,0,0,0,0,0,0,0,0
94,spatial_grid,scene_stress,0,84,0,0,0,0,0,0,0,0,0
95,spatial_grid,scene_stress,0,84,0,0,0,0,0,0,0,0,0
96,spatial_grid,scene_stress,0,84,0,0,0,0,0,0,0,0,0
97,spatial_grid,scene_stress,0,84,0,0,0,0,0,0,0,0,0
98,spatial_grid,scene_stress,0,84,0,0,0,0,0,0,0,0,0
99,spatial_grid,scene_stress,0,84,0,0,0,0,0,0,0,0,0
100,spatial_grid,scene_stress,0,84,0,0,0,0,0,0,0,0,0
101,spatial_grid,scene_stress,0,84,0,0,0,0,0,0,0,0,0
102,spatial_grid,scene_stress,0,84,0,0,0,0,0,0,0,0,0
103,spatial_grid,scene_stress,0,84,0,0,0,0,0,0,0,0,0
104,spatial_grid,scene_stress,0,84,0,0,0,0,0,0,0,0,0
105,spatial_grid,scene_stress,0,84,0,0,0,0,0,0,0,0,0
106,spatial_grid,scene_stress,0,84,0,0,0,0,0,0,0,0,0
107,spatial_grid,scene_stress,0,84,0,0,0,0,0,0,0,0,0
108,spatial_grid,scene_stress,0,84,0,0,0,0,0,0,0,0,0
109,spatial_grid,scene_stress,0,84,0,0,0,0,0,0,0,0,0
110,spatial_grid,scene_stress,0,84,0,0,0,0,0,0,0,0,0
111,spatial_grid,scene_stress,0,84,0,0,0,0,0,0,0,0,0
112,spatial_grid,scene_stress,0,84,0,0,0,0,0,0,0,0,0
113,spatial_grid,scene_stress,0,84,0,0,0,0,0,0,0,0,0
114,spatial_grid,scene_stress,0,84,0,0,0,0,0,0,0,0,0
115,spatial_grid,scene_stress,0,84,0,0,0,0,0,0,0,0,0
116,spatial_grid,scene_stress,0,84,0,0,0,0,0,0,0,0,0
117,spatial_grid,scene_stress,0,84,0,0,0,0,0,0,0,0,0
118,spatial_grid,scene_stress,0,84,0,0,0,0,0,0,0,0,0
119,spatial_grid,scene_stress,0,84,0,0,0,0,0,0,0,0,0
120,spatial_grid,scene_stress,0,84,0,0,0,0,0,0,0,0,0
121,spatial_grid,scene_stress,0,84,0,0,0,0,0,0,0,0,0
122,spatial_grid,scene_stress,0,84,0,0,0,0,0,0,0,0,0
123,spatial_grid,scene_stress,0,84,0,0,0,0,0,0,0,0,0
124,spatial_grid,scene_stress,0,84,0,0,0,0,0,0,0,0,0
125,spatial_grid,scene_stress,0,84,0,0,0,0,0,0,0,0,0
126,spatial_grid,scene_stress,0,84,0,0,0,0,0,0,0,0,0
127,spatial_grid,scene_stress,0,84,0,0,0,0,0,0,0,0,0
128,spatial_grid,scene_stress,0,84,0,0,0,0,0,0,0,0,0
129,spatial_grid,scene_stress,0,84,0,0,0,0,0,0,0,0,0
130,spatial_grid,scene_stress,0,84,0,0,0,0,0,0,0,0,0
131,spatial_grid,scene_stress,0,84,0,0,0,0,0,0,0,0,0
132,spatial_grid,scene_stress,0,84,0,0,0,0,0,0,0,0,0
133,spatial_grid,scene_stress,0,84,0,0,0,0,0,0,0,0,0
134,spatial_grid,scene_stress,0,84,0,0,0,0,0,0,0,0,0
135,spatial_grid,scene_stress,0,84,0,0,0,0,0,0,0,0,0
136,spatial_grid,scene_stress,0,84,0,0,0,0,0,0,0,0,0
137,spatial_grid,scene_stress,0,84,0,0,0,0,0,0,0,0,0
138,spatial_grid,scene_stress,0,84,0,0,0,0,0,0,0,0,0
139,spatial_grid,scene_stress,0,84,0,0,0,0,0,0,0,0,0
140,spatial_grid,scene_stress,0,84,0,0,0,0,0,0,0,0,0
141,spatial_grid,scene_stress,0,84,0,0,0,0,0,0,0,0,0
142,spatial_grid,scene_stress,0,84,0,0,0,0,0,0,0,0,0
143,spatial_grid,scene_stress,0,84,0,0,0,0,0,0,0,0,0
144,spatial_grid,scene_stress,0,84,0,0,0,0,0,0,0,0,0
145,spatial_grid,scene_stress,0,84,0,0,0,0,0,0,0,0,0
146,spatial_grid,scene_stress,0,84,0,0,0,0,0,0,0,0,0
147,spatial_grid,scene_stress,0,84,0,0,0,0,0,0,0,0,0
148,spatial_grid,scene_stress,0,84,0,0,0,0,0,0,0,0,0
149,spatial_grid,scene_stress,0,84,0,0,0,0,0,0,0,0,0
150,spatial_grid,scene_stress,0,84,0,0,0,0,0,0,0,0,0
151,spatial_grid,scene_stress,0,84,0,0,0,0,0,0,0,0,0
152,spatial_grid,scene_stress,0,84,0,0,0,0,0,0,0,0,0
153,spatial_grid,scene_stress,0,84,0,0,0,0,0,0,0,0,0
154,spatial_grid,scene_stress,0,84,0,0,0,0,0,0,0,0,0
155,spatial_grid,scene_stress,0,84,0,0,0,0,0,0,0,0,0
156,spatial_grid,scene_stress,0,84,0,0,0,0,0,0,0,0,0
157,spatial_grid,scene_stress,0,84,0,0,0,0,0,0,0,0,0
158,spatial_grid,scene_stress,0,84,0,0,0,0,0,0,0,0,0
159,spatial_grid,scene_stress,0,84,0,0,0,0,0,0,0,0,0
160,spatial_grid,scene_stress,0,84,0,0,0,0,0,0,0,0,0
161,spatial_grid,scene_stress,0,84,0,0,0,0,0,0,0,0,0
162,spatial_grid,scene_stress,0,84,0,0,0,0,0,0,0,0,0
163,spatial_grid,scene_stress,0,84,0,0,0,0,0,0,0,0,0
164,spatial_grid,scene_stress,0,84,0,0,0,0,0,0,0,0,0
165,spatial_grid,scene_stress,0,84,0,0,0,0,0,0,0,0,0
166,spatial_grid,scene_stress,0,84,0,0,0,0,0,0,0,0,0
167,spatial_grid,scene_stress,0,84,0,0,0,0,0,0,0,0,0
168,spatial_grid,scene_stress,0,84,0,0,0,0,0,0,0,0,0
169,spatial_grid,scene_stress,0,84,0,0,0,0,0,0,0,0,0
170,spatial_grid,scene_stress,0,84,0,0,0,0,0,0,0,0,0
171,spatial_grid,scene_stress,0,84,0,0,0,0,0,0,0,0,0
172,spatial_grid,scene_stress,0,84,0,0,0,0,0,0,0,0,0
173,spatial_grid,scene_stress,0,84,0,0,0,0,0,0,0,0,0
174,spatial_grid,scene_stress,0,84,0,0,0,0,0,0,0,0,0
175,spatial_grid,scene_stress,0,84,0,0,0,0,0,0,0,0,0
176,spatial_grid,scene_stress,0,84,0,0,0,0,0,0,0,0,0
177,spatial_grid,scene_stress,0,84,0,0,0,0,0,0,0,0,0
178,spatial_grid,scene_stress,0,84,0,0,0,0,0,0,0,0,0
179,spatial_grid,scene_stress,0,84,0,0,0,0,0,0,0,0,0
180,spatial_grid,scene_stress,0,84,0,0,0,0,0,0,0,0,0
181,spatial_grid,scene_stress,0,84,0,0,0,0,0,0,0,0,0
182,spatial_grid,scene_stress,0,84,0,0,0,0,0,0,0,0,0
183,spatial_grid,scene_stress,0,84,0,0,0,0,0,0,0,0,0
184,spatial_grid,scene_stress,0,84,0,0,0,0,0,0,0,0,0
185,spatial_grid,scene_stress,0,84,0,0,0,0,0,0,0,0,0
186,spatial_grid,scene_stress,0,84,0,0,0,0,0,0,0,0,0
187,spatial_grid,scene_stress,0,84,0,0,0,0,0,0,0,0,0
188,spatial_grid,scene_stress,0,84,0,0,0,0,0,0,0,0,0
189,spatial_grid,scene_stress,0,84,0,0,0,0,0,0,0,0,0
190,spatial_grid,scene_stress,0,84,0,0,0,0,0,0,0,0,0
191,spatial_grid,scene_stress,0,84,0,0,0,0,0,0,0,0,0
192,spatial_grid,scene_stress,0,84,0,0,0,0,0,0,0,0,0
193,spatial_grid,scene_stress,0,84,0,0,0,0,0,0,0,0,0
194,spatial_grid,scene_stress,0,84,0,0,0,0,0,0,0,0,0
195,spatial_grid,scene_stress,0,84,0,0,0,0,0,0,0,0,0
196,spatial_grid,scene_stress,0,84,0,0,0,0,0,0,0,0,0
197,spatial_grid,scene_stress,0,84,0,0,0,0,0,0,0,0,0
198,spatial_grid,scene_stress,0,84,0,0,0,0,0,0,0,0,0
199,spatial_grid,scene_stress,0,84,0,0,0,0,0,0,0,0,0
200,spatial_grid,scene_stress,0,84,0,0,0,0,0,0,0,0,0
201,spatial_grid,scene_stress,0,84,0,0,0,0,0,0,0,0,0
202,spatial_grid,scene_stress,0,84,0,0,0,0,0,0,0,0,0
203,spatial_grid,scene_stress,0,84,0,0,0,0,0,0,0,0,0
204,spatial_grid,scene_stress,0,84,0,0,0,0,0,0,0,0,0
205,spatial_grid,scene_stress,0,84,0,0,0,0,0,0,0,0,0
206,spatial_grid,scene_stress,0,84,0,0,0,0,0,0,0,0,0
207,spatial_grid,scene_stress,0,84,0,0,0,0,0,0,0,0,0
208,spatial_grid,scene_stress,0,84,0,0,0,0,0,0,0,0,0
209,spatial_grid,scene_stress,0,84,0,0,0,0,0,0,0,0,0
210,spatial_grid,scene_stress,0,84,0,0,0,0,0,0,0,0,0
211,spatial_grid,scene_stress,0,84,0,0,0,0,0,0,0,0,0
212,spatial_grid,scene_stress,0,84,0,0,0,0,0,0,0,0,0
213,spatial_grid,scene_stress,0,84,0,0,0,0,0,0,0,0,0
214,spatial_grid,scene_stress,0,84,0,0,0,0,0,0,0,0,0
215,spatial_grid,scene_stress,0,84,0,0,0,0,0,0,0,0,0
216,spatial_grid,scene_stress,0,84,0,0,0,0,0,0,0,0,0
217,spatial_grid,scene_stress,0,84,0,0,0,0,0,0,0,0,0
218,spatial_grid,scene_stress,0,84,0,0,0,0,0,0,0,0,0
219,spatial_grid,scene_stress,0,84,0,0,0,0,0,0,0,0,0
220,spatial_grid,scene_stress,0,84,0,0,0,0,0,0,0,0,0
221,spatial_grid,scene_stress,0,84,0,0,0,0,0,0,0,0,0
222,spatial_grid,scene_stress,0,84,0,0,0,0,0,0,0,0,0
223,spatial_grid,scene_stress,0,84,0,0,0,0,0,0,0,0,0
224,spatial_grid,scene_stress,0,84,0,0,0,0,0,0,0,0,0
225,spatial_grid,scene_stress,0,84,0,0,0,0,0,0,0,0,0
226,spatial_grid,scene_stress,0,84,0,0,0,0,0,0,0,0,0
227,spatial_grid,scene_stress,0,84,0,0,0,0,0,0,0,0,0
228,spatial_grid,scene_stress,0,84,0,0,0,0,0,0,0,0,0
229,spatial_grid,scene_stress,0,84,0,0,0,0,0,0,0,0,0
230,spatial_grid,scene_stress,0,84,0,0,0,0,0,0,0,0,0
231,spatial_grid,scene_stress,0,84,0,0,0,0,0,0,0,0,0
232,spatial_grid,scene_stress,0,84,0,0,0,0,0,0,0,0,0
233,spatial_grid,scene_stress,0,84,0,0,0,0,0,0,0,0,0
234,spatial_grid,scene_stress,0,84,0,0,0,0,0,0,0,0,0
235,spatial_grid,scene_stress,0,84,0,0,0,0,0,0,0,0,0
236,spatial_grid,scene_stress,0,84,0,0,0,0,0,0,0,0,0
237,spatial_grid,scene_stress,0,84,0,0,0,0,0,0,0,0,0
238,spatial_grid,scene_stress,0,84,0,0,0,0,0,0,0,0,0
239,spatial_grid,scene_stress,0,84,0,0,0,0,0,0,0,0,0
240,spatial_grid,scene_stress,0,84,0,0,0,0,0,0,0,0,0
241,spatial_grid,scene_stress,0,84,0,0,0,0,0,0,0,0,0
242,spatial_grid,scene_stress,0,84,0,0,0,0,0,0,0,0,0
243,spatial_grid,scene_stress,0,84,0,0,0,0,0,0,0,0,0
244,spatial_grid,scene_stress,0,84,0,0,0,0,0,0,0,0,0
245,spatial_grid,scene_stress,0,84,0,0,0,0,0,0,0,0,0
246,spatial_grid,scene_stress,0,84,0,0,0,0,0,0,0,0,0
247,spatial_grid,scene_stress,0,84,0,0,0,0,0,0,0,0,0
248,spatial_grid,scene_stress,0,84,0,0,0,0,0,0,0,0,0
249,spatial_grid,scene_stress,0,84,0,0,0,0,0,0,0,0,0
250,spatial_grid,scene_stress,0,84,0,0,0,0,0,0,0,0,0
251,spatial_grid,scene_stress,0,84,0,0,0,0,0,0,0,0,0
252,spatial_grid,scene_stress,0,84,0,0,0,0,0,0,0,0,0
253,spatial_grid,scene_stress,0,84,0,0,0,0,0,0,0,0,0
254,spatial_grid,scene_stress,0,84,0,0,0,0,0,0,0,0,0
255,spatial_grid,scene_stress,0,84,0,0,0,0,0,0,0,0,0
256,spatial_grid,scene_stress,0,84,0,0,0,0,0,0,0,0,0
257,spatial_grid,scene_stress,0,84,0,0,0,0,0,0,0,0,0
258,spatial_grid,scene_stress,0,84,0,0,0,0,0,0,0,0,0
259,spatial_grid,scene_stress,0,84,0,0,0,0,0,0,0,0,0
260,spatial_grid,scene_stress,0,84,0,0,0,0,0,0,0,0,0
261,spatial_grid,scene_stress,0,84,0,0,0,0,0,0,0,0,0
262,spatial_grid,scene_stress,0,84,0,0,0,0,0,0,0,0,0
263,spatial_grid,scene_stress,0,84,0,0,0,0,0,0,0,0,0
264,spatial_grid,scene_stress,0,84,0,0,0,0,0,0,0,0,0
265,spatial_grid,scene_stress,0,84,0,0,0,0,0,0,0,0,0
266,spatial_grid,scene_stress,0,84,0,0,0,0,0,0,0,0,0
267,spatial_grid,scene_stress,0,84,0,0,0,0,0,0,0,0,0
268,spatial_grid,scene_stress,0,84,0,0,0,0,0,0,0,0,0
269,spatial_grid,scene_stress,0,84,0,0,0,0,0,0,0,0,0
270,spatial_grid,scene_stress,0,84,0,0,0,0,0,0,0,0,0
271,spatial_grid,scene_stress,0,84,0,0,0,0,0,0,0,0,0
272,spatial_grid,scene_stress,0,84,0,0,0,0,0,0,0,0,0
273,spatial_grid,scene_stress,0,84,0,0,0,0,0,0,0,0,0
274,spatial_grid,scene_stress,0,84,0,0,0,0,0,0,0,0,0
275,spatial_grid,scene_stress,0,84,0,0,0,0,0,0,0,0,0
276,spatial_grid,scene_stress,0,84,0,0,0,0,0,0,0,0,0
277,spatial_grid,scene_stress,0,84,0,0,0,0,0,0,0,0,0
278,spatial_grid,scene_stress,0,84,0,0,0,0,0,0,0,0,0
279,spatial_grid,scene_stress,0,84,0,0,0,0,0,0,0,0,0
280,spatial_grid,scene_stress,0,84,0,0,0,0,0,0,0,0,0
281,spatial_grid,scene_stress,0,84,0,0,0,0,0,0,0,0,0
282,spatial_grid,scene_stress,0,84,0,0,0,0,0,0,0,0,0
283,spatial_grid,scene_stress,0,84,0,0,0,0,0,0,0,0,0
284,spatial_grid,scene_stress,0,84,0,0,0,0,0,0,0,0,0
285,spatial_grid,scene_stress,0,84,0,0,0,0,0,0,0,0,0
286,spatial_grid,scene_stress,0,84,0,0,0,0,0,0,0,0,0
287,spatial_grid,scene_stress,0,84,0,0,0,0,0,0,0,0,0
288,spatial_grid,scene_stress,0,84,0,0,0,0,0,0,0,0,0
289,spatial_grid,scene_stress,0,84,0,0,0,0,0,0,0,0,0
290,spatial_grid,scene_stress,0,84,0,0,85,702,7140,90.1681,0.0282,0.0022,0.1396
291,spatial_grid,scene_stress,0,84,0,0,85,703,7140,90.1541,0.0338,0.001,0.1381
292,spatial_grid,scene_stress,0,84,0,0,85,706,7140,90.112,0.0375,0.0009,0.1327
293,spatial_grid,scene_stress,0,84,0,0,85,700,7140,90.1961,0.0266,0.0009,0.1291
294,spatial_grid,scene_stress,0,84,0,0,85,700,7140,90.1961,0.0373,0.0009,0.1298
295,spatial_grid,scene_stress,0,84,0,0,85,706,7140,90.112,0.0284,0.001,0.1304
296,spatial_grid,scene_stress,0,84,0,0,85,708,7140,90.084,0.0474,0.001,0.1305
297,spatial_grid,scene_stress,0,84,0,0,85,716,7140,89.972,0.0281,0.001,0.1304
298,spatial_grid,scene_stress,0,84,0,0,85,721,7140,89.902,0.0289,0.0008,0.1317
299,spatial_grid,scene_stress,0,84,0,0,85,726,7140,89.8319,0.041,0.0009,0.1419
300,spatial_grid,scene_stress,0,84,0,0,85,727,7140,89.8179,0.0278,0.0011,0.1297
301,spatial_grid,scene_stress,0,84,0,0,85,720,7140,89.916,0.0397,0.0009,0.1303
302,spatial_grid,scene_stress,0,84,0,0,85,724,7140,89.8599,0.0356,0.001,0.1369
303,spatial_grid,scene_stress,0,84,0,0,85,728,7140,89.8039,0.0277,0.0008,0.1404
304,spatial_grid,scene_stress,0,84,0,0,85,732,7140,89.7479,0.0282,0.0007,0.1406
305,spatial_grid,scene_stress,0,84,0,0,85,731,7140,89.7619,0.0354,0.001,0.1344
306,spatial_grid,scene_stress,0,84,0,0,85,727,7140,89.8179,0.0264,0.0009,0.142
307,spatial_grid,scene_stress,0,84,0,0,85,725,7140,89.8459,0.027,0.0009,0.1412
308,spatial_grid,scene_stress,0,84,0,0,85,723,7140,89.8739,0.0281,0.0009,0.1465
309,spatial_grid,scene_stress,0,84,0,0,85,731,7140,89.7619,0.0262,0.001,0.1397
310,spatial_grid,scene_stress,0,84,0,0,85,729,7140,89.7899,0.0258,0.0011,0.1364
311,spatial_grid,scene_stress,0,84,0,0,85,728,7140,89.8039,0.0326,0.0009,0.1331
312,spatial_grid,scene_stress,0,84,0,0,85,731,7140,89.7619,0.033,0.0009,0.1353
313,spatial_grid,scene_stress,0,84,0,0,85,731,7140,89.7619,0.0238,0.001,0.1334
314,spatial_grid,scene_stress,0,84,0,0,85,736,7140,89.6919,0.0351,0.0009,0.1359
315,spatial_grid,scene_stress,0,84,0,0,85,735,7140,89.7059,0.025,0.0008,0.1445
316,spatial_grid,scene_stress,0,84,0,0,85,736,7140,89.6919,0.0358,0.0009,0.1397
317,spatial_grid,scene_stress,0,84,0,0,85,739,7140,89.6499,0.0284,0.0009,0.1359
318,spatial_grid,scene_stress,0,84,0,0,85,737,7140,89.6779,0.0257,0.0009,0.1336
319,spatial_grid,scene_stress,0,84,0,0,85,738,7140,89.6639,0.025,0.001,0.136
320,spatial_grid,scene_stress,0,84,0,0,85,737,7140,89.6779,0.0252,0.0011,0.134
321,spatial_grid,scene_stress,0,84,0,0,85,741,7140,89.6218,0.0246,0.0013,0.1371
322,spatial_grid,scene_stress,0,84,0,0,85,745,7140,89.5658,0.0337,0.0009,0.1315
323,spatial_grid,scene_stress,0,84,0,0,85,751,7140,89.4818,0.0359,0.001,0.1452
324,spatial_grid,scene_stress,0,84,0,0,85,752,7140,89.4678,0.0261,0.0009,0.1369
325,spatial_grid,scene_stress,0,84,0,0,85,749,7140,89.5098,0.0262,0.001,0.1506
326,spatial_grid,scene_stress,0,84,0,0,85,751,7140,89.4818,0.0256,0.0009,0.1369
327,spatial_grid,scene_stress,0,84,0,0,85,755,7140,89.4258,0.0296,0.001,0.1445
328,spatial_grid,scene_stress,0,84,0,0,85,746,7140,89.5518,0.0256,0.001,0.1381
329,spatial_grid,scene_stress,0,84,0,0,85,751,7140,89.4818,0.0267,0.0009,0.1389
330,spatial_grid,scene_stress,0,84,0,0,85,758,7140,89.3838,0.0273,0.0013,0.1495
331,spatial_grid,scene_stress,0,84,0,0,85,753,7140,89.4538,0.0394,0.002,0.2106
332,spatial_grid,scene_stress,0,84,0,0,85,754,7140,89.4398,0.0266,0.0009,0.142
333,spatial_grid,scene_stress,0,84,0,0,85,749,7140,89.5098,0.033,0.0009,0.1374
334,spatial_grid,scene_stress,0,84,0,0,85,747,7140,89.5378,0.0308,0.0009,0.128
335,spatial_grid,scene_stress,0,84,0,0,85,750,7140,89.4958,0.0299,0.0008,0.1312
336,spatial_grid,scene_stress,0,84,0,0,85,754,7140,89.4398,0.026,0.0008,0.1333
337,spatial_grid,scene_stress,0,84,0,0,85,756,7140,89.4118,0.0388,0.0008,0.1373
338,spatial_grid,scene_stress,0,84,0,0,85,751,7140,89.4818,0.0285,0.0008,0.1499
339,spatial_grid,scene_stress,0,84,0,0,85,754,7140,89.4398,0.0295,0.0008,0.1435
340,spatial_grid,scene_stress,0,84,0,0,85,752,7140,89.4678,0.0668,0.0017,0.2477
341,spatial_grid,scene_stress,0,84,1,0,86,750,7224,89.6179,0.0308,0.0013,0.135
342,spatial_grid,scene_stress,0,84,1,0,86,746,7224,89.6733,0.0289,0.0011,0.1344
343,spatial_grid,scene_stress,0,84,1,0,86,731,7224,89.881,0.0402,0.0011,0.1378
344,spatial_grid,scene_stress,0,84,1,0,86,735,7224,89.8256,0.037,0.0013,0.139
345,spatial_grid,scene_stress,0,84,1,0,86,728,7224,89.9225,0.0397,0.0012,0.1513
346,spatial_grid,scene_stress,0,84,1,0,86,740,7224,89.7564,0.0283,0.0011,0.1309
347,spatial_grid,scene_stress,0,84,1,0,86,743,7224,89.7148,0.0284,0.0012,0.1358
348,spatial_grid,scene_stress,0,84,1,0,86,757,7224,89.521,0.0367,0.0011,0.1351
349,spatial_grid,scene_stress,0,84,1,0,86,762,7224,89.4518,0.0288,0.0018,0.1324
350,spatial_grid,scene_stress,0,84,1,0,86,762,7224,89.4518,0.0298,0.0017,0.1308
351,spatial_grid,scene_stress,0,84,1,0,86,744,7224,89.701,0.0385,0.0021,0.1309
352,spatial_grid,scene_stress,0,84,1,0,86,747,7224,89.6595,0.0365,0.0018,0.1366
353,spatial_grid,scene_stress,0,84,1,0,86,751,7224,89.6041,0.0288,0.0018,0.1404
354,spatial_grid,scene_stress,0,84,1,0,86,736,7224,89.8117,0.026,0.0016,0.1246
355,spatial_grid,scene_stress,0,84,1,0,86,733,7224,89.8533,0.039,0.0019,0.1291
356,spatial_grid,scene_stress,0,84,1,0,86,740,7224,89.7564,0.0363,0.0018,0.1363
357,spatial_grid,scene_stress,0,84,1,0,86,745,7224,89.6872,0.0284,0.002,0.1334
358,spatial_grid,scene_stress,0,84,1,0,86,745,7224,89.6872,0.0263,0.0025,0.136
359,spatial_grid,scene_stress,0,84,1,0,86,749,7224,89.6318,0.0271,0.0029,0.129
360,spatial_grid,scene_stress,0,84,1,0,86,752,7224,89.5903,0.0283,0.0025,0.1338
361,spatial_grid,scene_stress,0,83,1,0,86,736,7224,89.8117,0.034,0.2007,0.1216
362,spatial_grid,scene_stress,0,83,0,0,84,709,6972,89.8308,0.036,0.0009,0.1157
363,spatial_grid,scene_stress,0,83,0,0,84,686,6972,90.1606,0.0301,0.0009,0.1307
364,spatial_grid,scene_stress,0,83,0,0,84,682,6972,90.218,0.03,0.0011,0.1753
365,spatial_grid,scene_stress,0,83,0,0,84,675,6972,90.3184,0.0259,0.0012,0.1161
366,spatial_grid,scene_stress,0,83,0,0,84,664,6972,90.4762,0.0258,0.0011,0.1151
367,spatial_grid,scene_stress,0,83,0,0,84,664,6972,90.4762,0.0275,0.0012,0.1156
368,spatial_grid,scene_stress,0,83,0,0,84,665,6972,90.4618,0.0244,0.0011,0.1124
369,spatial_grid,scene_stress,0,83,0,0,84,663,6972,90.4905,0.0372,0.002,0.1704
370,spatial_grid,scene_stress,0,83,0,0,84,666,6972,90.4475,0.0332,0.0011,0.1142
371,spatial_grid,scene_stress,0,83,0,0,84,678,6972,90.2754,0.0365,0.001,0.1271
372,spatial_grid,scene_stress,0,83,0,0,84,677,6972,90.2897,0.0264,0.0011,0.1204
373,spatial_grid,scene_stress,0,83,0,0,84,677,6972,90.2897,0.0275,0.001,0.1203
374,spatial_grid,scene_stress,0,83,0,0,84,686,6972,90.1606,0.0331,0.0013,0.1304
375,spatial_grid,scene_stress,0,83,0,0,84,687,6972,90.1463,0.027,0.0011,0.1252
376,spatial_grid,scene_stress,0,83,0,0,84,685,6972,90.175,0.0278,0.0012,0.1209
377,spatial_grid,scene_stress,0,83,0,0,84,679,6972,90.261,0.028,0.0013,0.1212
378,spatial_grid,scene_stress,0,83,0,0,84,685,6972,90.175,0.036,0.0012,0.1109
379,spatial_grid,scene_stress,0,83,0,0,84,682,6972,90.218,0.0273,0.0014,0.1312
380,spatial_grid,scene_stress,0,83,0,0,84,678,6972,90.2754,0.0281,0.0182,0.1199
381,spatial_grid,scene_stress,0,83,0,0,84,682,6972,90.218,0.0263,0.0016,0.1389
382,spatial_grid,scene_stress,0,83,0,0,84,686,6972,90.1606,0.0272,0.0017,0.1167
383,spatial_grid,scene_stress,0,83,0,0,84,694,6972,90.0459,0.0345,0.002,0.118
384,spatial_grid,scene_stress,0,83,0,0,84,701,6972,89.9455,0.0314,0.0017,0.1135
385,spatial_grid,scene_stress,0,83,0,0,84,707,6972,89.8594,0.0312,0.0016,0.1158
386,spatial_grid,scene_stress,0,83,0,0,84,712,6972,89.7877,0.0421,0.0017,0.111
387,spatial_grid,scene_stress,0,83,0,0,84,715,6972,89.7447,0.0273,0.0017,0.1166
388,spatial_grid,scene_stress,0,83,0,0,84,722,6972,89.6443,0.0358,0.0017,0.1156
389,spatial_grid,scene_stress,0,83,0,0,84,721,6972,89.6586,0.028,0.0017,0.1162
390,spatial_grid,scene_stress,0,83,0,0,84,720,6972,89.673,0.0564,0.0019,0.1218
391,spatial_grid,scene_stress,0,83,0,0,84,730,6972,89.5295,0.0384,0.002,0.1195
392,spatial_grid,scene_stress,0,83,1,0,85,751,7055,89.3551,0.0307,0.0038,0.1291
393,spatial_grid,scene_stress,0,83,1,0,85,752,7055,89.3409,0.0294,0.0039,0.1299
394,spatial_grid,scene_stress,0,83,1,0,85,750,7055,89.3692,0.0301,0.004,0.1286
395,spatial_grid,scene_stress,0,83,1,0,85,756,7055,89.2842,0.0306,0.0039,0.1264
396,spatial_grid,scene_stress,0,83,1,0,85,763,7055,89.185,0.0312,0.0036,0.1274
397,spatial_grid,scene_stress,0,83,1,0,85,763,7055,89.185,0.0302,0.0038,0.1298
398,spatial_grid,scene_stress,0,83,1,0,85,769,7055,89.0999,0.0322,0.0207,0.1395
399,spatial_grid,scene_stress,0,83,1,0,85,775,7055,89.0149,0.0361,0.0036,0.1242
400,spatial_grid,scene_stress,0,82,1,0,85,777,7055,88.9865,0.0268,0.0448,0.1291
401,spatial_grid,scene_stress,0,82,0,0,83,766,6806,88.7452,0.0268,0.0022,0.1239
402,spatial_grid,scene_stress,0,82,0,0,83,771,6806,88.6718,0.0387,0.0023,0.1291
403,spatial_grid,scene_stress,0,84,0,0,85,787,7140,88.9776,0.036,0.0023,0.1284
404,spatial_grid,scene_stress,0,84,0,0,85,796,7140,88.8515,0.0381,0.0024,0.1301
405,spatial_grid,scene_stress,0,84,0,0,85,816,7140,88.5714,0.027,0.0027,0.1444
406,spatial_grid,scene_stress,0,84,0,0,85,828,7140,88.4034,0.0271,0.0029,0.1364
407,spatial_grid,scene_stress,0,84,0,0,85,835,7140,88.3053,0.0293,0.0029,0.1332
408,spatial_grid,scene_stress,0,84,0,0,85,835,7140,88.3053,0.0293,0.0029,0.1332
409,spatial_grid,scene_stress,0,84,0,0,85,835,7140,88.3053,0.0293,0.0029,0.1332
410,spatial_grid,scene_stress,0,84,0,0,85,835,7140,88.3053,0.0293,0.0029,0.1332
411,spatial_grid,scene_stress,0,84,0,0,85,835,7140,88.3053,0.0293,0.0029,0.1332
412,spatial_grid,scene_stress,0,84,0,0,85,835,7140,88.3053,0.0293,0.0029,0.1332
413,spatial_grid,scene_stress,0,84,0,0,85,835,7140,88.3053,0.0293,0.0029,0.1332
414,spatial_grid,scene_stress,0,84,0,0,85,835,7140,88.3053,0.0293,0.0029,0.1332
415,spatial_grid,scene_stress,0,84,0,0,85,835,7140,88.3053,0.0293,0.0029,0.1332
416,spatial_grid,scene_stress,0,84,0,0,85,835,7140,88.3053,0.0293,0.0029,0.1332
417,spatial_grid,scene_stress,0,84,0,0,85,835,7140,88.3053,0.0293,0.0029,0.1332
418,spatial_grid,scene_stress,0,84,0,0,85,835,7140,88.3053,0.0293,0.0029,0.1332
419,spatial_grid,scene_stress,0,84,0,0,85,835,7140,88.3053,0.0293,0.0029,0.1332
420,spatial_grid,scene_stress,0,84,0,0,85,835,7140,88.3053,0.0293,0.0029,0.1332
421,spatial_grid,scene_stress,0,84,0,0,85,835,7140,88.3053,0.0293,0.0029,0.1332
422,spatial_grid,scene_stress,0,84,0,0,85,835,7140,88.3053,0.0293,0.0029,0.1332
423,spatial_grid,scene_stress,0,84,0,0,85,835,7140,88.3053,0.0293,0.0029,0.1332
424,spatial_grid,scene_stress,0,84,0,0,85,835,7140,88.3053,0.0293,0.0029,0.1332
425,spatial_grid,scene_stress,0,84,0,0,85,835,7140,88.3053,0.0293,0.0029,0.1332
426,spatial_grid,scene_stress,0,84,0,0,85,835,7140,88.3053,0.0293,0.0029,0.1332
427,spatial_grid,scene_stress,0,84,0,0,85,835,7140,88.3053,0.0293,0.0029,0.1332
428,spatial_grid,scene_stress,0,84,0,0,85,835,7140,88.3053,0.0293,0.0029,0.1332
429,spatial_grid,scene_stress,0,84,0,0,85,835,7140,88.3053,0.0293,0.0029,0.1332
430,spatial_grid,scene_stress,0,84,0,0,85,835,7140,88.3053,0.0293,0.0029,0.1332
431,spatial_grid,scene_stress,0,84,0,0,85,835,7140,88.3053,0.0293,0.0029,0.1332
432,spatial_grid,scene_stress,0,84,0,0,85,835,7140,88.3053,0.0293,0.0029,0.1332
433,spatial_grid,scene_stress,0,84,0,0,85,835,7140,88.3053,0.0293,0.0029,0.1332
434,spatial_grid,scene_stress,0,84,0,0,85,835,7140,88.3053,0.0293,0.0029,0.1332
435,spatial_grid,scene_stress,0,84,0,0,85,835,7140,88.3053,0.0293,0.0029,0.1332
436,spatial_grid,scene_stress,0,84,0,0,85,835,7140,88.3053,0.0293,0.0029,0.1332
437,spatial_grid,scene_stress,0,84,0,0,85,835,7140,88.3053,0.0293,0.0029,0.1332
438,spatial_grid,scene_stress,0,84,0,0,85,835,7140,88.3053,0.0293,0.0029,0.1332
439,spatial_grid,scene_stress,0,84,0,0,85,835,7140,88.3053,0.0293,0.0029,0.1332
440,spatial_grid,scene_stress,0,84,0,0,85,835,7140,88.3053,0.0293,0.0029,0.1332
441,spatial_grid,scene_stress,0,84,0,0,85,835,7140,88.3053,0.0293,0.0029,0.1332
442,spatial_grid,scene_stress,0,84,0,0,85,835,7140,88.3053,0.0293,0.0029,0.1332
443,spatial_grid,scene_stress,0,84,0,0,85,835,7140,88.3053,0.0293,0.0029,0.1332
444,spatial_grid,scene_stress,0,84,0,0,85,835,7140,88.3053,0.0293,0.0029,0.1332
445,spatial_grid,scene_stress,0,84,0,0,85,835,7140,88.3053,0.0293,0.0029,0.1332
446,spatial_grid,scene_stress,0,84,0,0,85,835,7140,88.3053,0.0293,0.0029,0.1332
447,spatial_grid,scene_stress,0,84,0,0,85,835,7140,88.3053,0.0293,0.0029,0.1332
448,spatial_grid,scene_stress,0,84,0,0,85,835,7140,88.3053,0.0293,0.0029,0.1332
449,spatial_grid,scene_stress,0,84,0,0,85,835,7140,88.3053,0.0293,0.0029,0.1332
450,spatial_grid,scene_stress,0,84,0,0,85,835,7140,88.3053,0.0293,0.0029,0.1332
451,spatial_grid,scene_stress,0,84,0,0,85,835,7140,88.3053,0.0293,0.0029,0.1332
452,spatial_grid,scene_stress,0,84,0,0,85,835,7140,88.3053,0.0293,0.0029,0.1332
453,spatial_grid,scene_stress,0,84,0,0,85,835,7140,88.3053,0.0293,0.0029,0.1332
454,spatial_grid,scene_stress,0,84,0,0,85,835,7140,88.3053,0.0293,0.0029,0.1332
455,spatial_grid,scene_stress,0,84,0,0,85,835,7140,88.3053,0.0293,0.0029,0.1332
456,spatial_grid,scene_stress,0,84,0,0,85,835,7140,88.3053,0.0293,0.0029,0.1332
457,spatial_grid,scene_stress,0,84,0,0,85,835,7140,88.3053,0.0293,0.0029,0.1332
458,spatial_grid,scene_stress,0,84,0,0,85,835,7140,88.3053,0.0293,0.0029,0.1332
459,spatial_grid,scene_stress,0,84,0,0,85,835,7140,88.3053,0.0293,0.0029,0.1332
460,spatial_grid,scene_stress,0,84,0,0,85,835,7140,88.3053,0.0293,0.0029,0.1332
461,spatial_grid,scene_stress,0,84,0,0,85,835,7140,88.3053,0.0293,0.0029,0.1332
462,spatial_grid,scene_stress,0,84,0,0,85,835,7140,88.3053,0.0293,0.0029,0.1332
463,spatial_grid,scene_stress,0,84,0,0,85,835,7140,88.3053,0.0293,0.0029,0.1332
464,spatial_grid,scene_stress,0,84,0,0,85,835,7140,88.3053,0.0293,0.0029,0.1332
465,spatial_grid,scene_stress,0,84,0,0,85,835,7140,88.3053,0.0293,0.0029,0.1332
466,spatial_grid,scene_stress,0,84,0,0,85,835,7140,88.3053,0.0293,0.0029,0.1332
467,spatial_grid,scene_stress,0,84,0,0,85,835,7140,88.3053,0.0293,0.0029,0.1332
468,spatial_grid,scene_stress,0,84,0,0,85,835,7140,88.3053,0.0293,0.0029,0.1332
469,spatial_grid,scene_stress,0,84,0,0,85,835,7140,88.3053,0.0293,0.0029,0.1332
470,spatial_grid,scene_stress,0,84,0,0,85,835,7140,88.3053,0.0293,0.0029,0.1332
471,spatial_grid,scene_stress,0,84,0,0,85,835,7140,88.3053,0.0293,0.0029,0.1332
472,spatial_grid,scene_stress,0,84,0,0,85,835,7140,88.3053,0.0293,0.0029,0.1332
473,spatial_grid,scene_stress,0,84,0,0,85,835,7140,88.3053,0.0293,0.0029,0.1332
474,spatial_grid,scene_stress,0,84,0,0,85,835,7140,88.3053,0.0293,0.0029,0.1332
475,spatial_grid,scene_stress,0,84,0,0,85,835,7140,88.3053,0.0293,0.0029,0.1332
476,spatial_grid,scene_stress,0,84,0,0,85,835,7140,88.3053,0.0293,0.0029,0.1332
477,spatial_grid,scene_stress,0,84,0,0,85,835,7140,88.3053,0.0293,0.0029,0.1332
478,spatial_grid,scene_stress,0,84,0,0,85,835,7140,88.3053,0.0293,0.0029,0.1332
479,spatial_grid,scene_stress,0,84,0,0,85,835,7140,88.3053,0.0293,0.0029,0.1332
480,spatial_grid,scene_stress,0,84,0,0,85,835,7140,88.3053,0.0293,0.0029,0.1332
481,spatial_grid,scene_stress,0,84,0,0,85,835,7140,88.3053,0.0293,0.0029,0.1332
482,spatial_grid,scene_stress,0,84,0,0,85,835,7140,88.3053,0.0293,0.0029,0.1332
483,spatial_grid,scene_stress,0,84,0,0,85,835,7140,88.3053,0.0293,0.0029,0.1332
484,spatial_grid,scene_stress,0,84,0,0,85,835,7140,88.3053,0.0293,0.0029,0.1332
485,spatial_grid,scene_stress,0,84,0,0,85,835,7140,88.3053,0.0293,0.0029,0.1332
486,spatial_grid,scene_stress,0,84,0,0,85,835,7140,88.3053,0.0293,0.0029,0.1332
487,spatial_grid,scene_stress,0,84,0,0,85,835,7140,88.3053,0.0293,0.0029,0.1332
488,spatial_grid,scene_stress,0,84,0,0,85,835,7140,88.3053,0.0293,0.0029,0.1332
489,spatial_grid,scene_stress,0,84,0,0,85,835,7140,88.3053,0.0293,0.0029,0.1332
490,spatial_grid,scene_stress,0,84,0,0,85,835,7140,88.3053,0.0293,0.0029,0.1332
491,spatial_grid,scene_stress,0,84,0,0,85,835,7140,88.3053,0.0293,0.0029,0.1332
492,spatial_grid,scene_stress,0,84,0,0,85,835,7140,88.3053,0.0293,0.0029,0.1332
493,spatial_grid,scene_stress,0,84,0,0,85,835,7140,88.3053,0.0293,0.0029,0.1332
494,spatial_grid,scene_stress,0,84,0,0,85,835,7140,88.3053,0.0293,0.0029,0.1332
495,spatial_grid,scene_stress,0,84,0,0,85,835,7140,88.3053,0.0293,0.0029,0.1332
496,spatial_grid,scene_stress,0,84,0,0,85,835,7140,88.3053,0.0293,0.0029,0.1332
497,spatial_grid,scene_stress,0,84,0,0,85,835,7140,88.3053,0.0293,0.0029,0.1332
498,spatial_grid,scene_stress,0,84,0,0,85,835,7140,88.3053,0.0293,0.0029,0.1332
499,spatial_grid,scene_stress,0,84,0,0,85,835,7140,88.3053,0.0293,0.0029,0.1332
500,spatial_grid,scene_stress,0,84,0,0,85,835,7140,88.3053,0.0293,0.0029,0.1332
501,spatial_grid,scene_stress,0,84,0,0,85,835,7140,88.3053,0.0293,0.0029,0.1332
502,spatial_grid,scene_stress,0,84,0,0,85,835,7140,88.3053,0.0293,0.0029,0.1332
503,spatial_grid,scene_stress,0,84,0,0,85,835,7140,88.3053,0.0293,0.0029,0.1332
504,spatial_grid,scene_stress,0,84,0,0,85,835,7140,88.3053,0.0293,0.0029,0.1332
505,spatial_grid,scene_stress,0,84,0,0,85,835,7140,88.3053,0.0293,0.0029,0.1332
506,spatial_grid,scene_stress,0,84,0,0,85,835,7140,88.3053,0.0293,0.0029,0.1332
507,spatial_grid,scene_stress,0,84,0,0,85,835,7140,88.3053,0.0293,0.0029,0.1332
508,spatial_grid,scene_stress,0,84,0,0,85,835,7140,88.3053,0.0293,0.0029,0.1332
509,spatial_grid,scene_stress,0,84,0,0,85,835,7140,88.3053,0.0293,0.0029,0.1332
510,spatial_grid,scene_stress,0,84,0,0,85,835,7140,88.3053,0.0293,0.0029,0.1332
511,spatial_grid,scene_stress,0,84,0,0,85,835,7140,88.3053,0.0293,0.0029,0.1332
512,spatial_grid,scene_stress,0,84,0,0,85,835,7140,88.3053,0.0293,0.0029,0.1332
513,spatial_grid,scene_stress,0,84,0,0,85,835,7140,88.3053,0.0293,0.0029,0.1332
514,spatial_grid,scene_stress,0,84,0,0,85,835,7140,88.3053,0.0293,0.0029,0.1332
515,spatial_grid,scene_stress,0,84,0,0,85,835,7140,88.3053,0.0293,0.0029,0.1332
516,spatial_grid,scene_stress,0,84,0,0,85,835,7140,88.3053,0.0293,0.0029,0.1332
517,spatial_grid,scene_stress,0,84,0,0,85,835,7140,88.3053,0.0293,0.0029,0.1332
518,spatial_grid,scene_stress,0,84,0,0,85,835,7140,88.3053,0.0293,0.0029,0.1332
519,spatial_grid,scene_stress,0,84,0,0,85,835,7140,88.3053,0.0293,0.0029,0.1332
520,spatial_grid,scene_stress,0,84,0,0,85,835,7140,88.3053,0.0293,0.0029,0.1332
521,spatial_grid,scene_stress,0,84,0,0,85,835,7140,88.3053,0.0293,0.0029,0.1332
522,spatial_grid,scene_stress,0,84,0,0,85,835,7140,88.3053,0.0293,0.0029,0.1332
523,spatial_grid,scene_stress,0,84,0,0,85,835,7140,88.3053,0.0293,0.0029,0.1332
524,spatial_grid,scene_stress,0,84,0,0,85,835,7140,88.3053,0.0293,0.0029,0.1332
525,spatial_grid,scene_stress,0,84,0,0,85,835,7140,88.3053,0.0293,0.0029,0.1332
526,spatial_grid,scene_stress,0,84,0,0,85,835,7140,88.3053,0.0293,0.0029,0.1332
527,spatial_grid,scene_stress,0,84,0,0,85,835,7140,88.3053,0.0293,0.0029,0.1332
528,spatial_grid,scene_stress,0,84,0,0,85,835,7140,88.3053,0.0293,0.0029,0.1332
529,spatial_grid,scene_stress,0,84,0,0,85,835,7140,88.3053,0.0293,0.0029,0.1332
530,spatial_grid,scene_stress,0,84,0,0,85,835,7140,88.3053,0.0293,0.0029,0.1332
531,spatial_grid,scene_stress,0,84,0,0,85,835,7140,88.3053,0.0293,0.0029,0.1332
532,spatial_grid,scene_stress,0,84,0,0,85,835,7140,88.3053,0.0293,0.0029,0.1332
533,spatial_grid,scene_stress,0,84,0,0,85,835,7140,88.3053,0.0293,0.0029,0.1332
534,spatial_grid,scene_stress,0,84,0,0,85,835,7140,88.3053,0.0293,0.0029,0.1332
535,spatial_grid,scene_stress,0,84,0,0,85,835,7140,88.3053,0.0293,0.0029,0.1332
536,spatial_grid,scene_stress,0,84,0,0,85,835,7140,88.3053,0.0293,0.0029,0.1332
537,spatial_grid,scene_stress,0,84,0,0,85,835,7140,88.3053,0.0293,0.0029,0.1332
538,spatial_grid,scene_stress,0,84,0,0,85,835,7140,88.3053,0.0293,0.0029,0.1332
539,spatial_grid,scene_stress,0,84,0,0,85,835,7140,88.3053,0.0293,0.0029,0.1332
540,spatial_grid,scene_stress,0,84,0,0,85,835,7140,88.3053,0.0293,0.0029,0.1332
541,spatial_grid,scene_stress,0,84,0,0,85,835,7140,88.3053,0.0293,0.0029,0.1332
542,spatial_grid,scene_stress,0,84,0,0,85,835,7140,88.3053,0.0293,0.0029,0.1332
543,spatial_grid,scene_stress,0,84,0,0,85,835,7140,88.3053,0.0293,0.0029,0.1332
544,spatial_grid,scene_stress,0,84,0,0,85,835,7140,88.3053,0.0293,0.0029,0.1332
545,spatial_grid,scene_stress,0,84,0,0,85,835,7140,88.3053,0.0293,0.0029,0.1332
546,spatial_grid,scene_stress,0,84,0,0,85,835,7140,88.3053,0.0293,0.0029,0.1332
547,spatial_grid,scene_stress,0,84,0,0,85,835,7140,88.3053,0.0293,0.0029,0.1332
548,spatial_grid,scene_stress,0,84,0,0,85,835,7140,88.3053,0.0293,0.0029,0.1332
549,spatial_grid,scene_stress,0,84,0,0,85,835,7140,88.3053,0.0293,0.0029,0.1332
550,spatial_grid,scene_stress,0,84,0,0,85,835,7140,88.3053,0.0293,0.0029,0.1332
551,spatial_grid,scene_stress,0,84,0,0,85,835,7140,88.3053,0.0293,0.0029,0.1332
552,spatial_grid,scene_stress,0,84,0,0,85,835,7140,88.3053,0.0293,0.0029,0.1332
553,spatial_grid,scene_stress,0,84,0,0,85,835,7140,88.3053,0.0293,0.0029,0.1332
554,spatial_grid,scene_stress,0,84,0,0,85,835,7140,88.3053,0.0293,0.0029,0.1332
555,spatial_grid,scene_stress,0,84,0,0,85,835,7140,88.3053,0.0293,0.0029,0.1332
556,spatial_grid,scene_stress,0,84,0,0,85,835,7140,88.3053,0.0293,0.0029,0.1332
557,spatial_grid,scene_stress,0,84,0,0,85,835,7140,88.3053,0.0293,0.0029,0.1332
558,spatial_grid,scene_stress,0,84,0,0,85,835,7140,88.3053,0.0293,0.0029,0.1332
559,spatial_grid,scene_stress,0,84,0,0,85,835,7140,88.3053,0.0293,0.0029,0.1332
560,spatial_grid,scene_stress,0,84,0,0,85,835,7140,88.3053,0.0293,0.0029,0.1332
561,spatial_grid,scene_stress,0,84,0,0,85,835,7140,88.3053,0.0293,0.0029,0.1332
562,spatial_grid,scene_stress,0,84,0,0,85,835,7140,88.3053,0.0293,0.0029,0.1332
563,spatial_grid,scene_stress,0,84,0,0,85,835,7140,88.3053,0.0293,0.0029,0.1332
564,spatial_grid,scene_stress,0,84,0,0,85,835,7140,88.3053,0.0293,0.0029,0.1332
565,spatial_grid,scene_stress,0,84,0,0,85,835,7140,88.3053,0.0293,0.0029,0.1332
566,spatial_grid,scene_stress,0,84,0,0,85,835,7140,88.3053,0.0293,0.0029,0.1332
567,spatial_grid,scene_stress,0,84,0,0,85,835,7140,88.3053,0.0293,0.0029,0.1332
568,spatial_grid,scene_stress,0,84,0,0,85,835,7140,88.3053,0.0293,0.0029,0.1332
569,spatial_grid,scene_stress,0,84,0,0,85,835,7140,88.3053,0.0293,0.0029,0.1332
570,spatial_grid,scene_stress,0,84,0,0,85,835,7140,88.3053,0.0293,0.0029,0.1332
571,spatial_grid,scene_stress,0,84,0,0,85,835,7140,88.3053,0.0293,0.0029,0.1332
572,spatial_grid,scene_stress,0,84,0,0,85,835,7140,88.3053,0.0293,0.0029,0.1332
573,spatial_grid,scene_stress,0,84,0,0,85,835,7140,88.3053,0.0293,0.0029,0.1332
574,spatial_grid,scene_stress,0,84,0,0,85,835,7140,88.3053,0.0293,0.0029,0.1332
575,spatial_grid,scene_stress,0,84,0,0,85,835,7140,88.3053,0.0293,0.0029,0.1332
576,spatial_grid,scene_stress,0,84,0,0,85,835,7140,88.3053,0.0293,0.0029,0.1332
577,spatial_grid,scene_stress,0,84,0,0,85,835,7140,88.3053,0.0293,0.0029,0.1332
578,spatial_grid,scene_stress,0,84,0,0,85,835,7140,88.3053,0.0293,0.0029,0.1332
579,spatial_grid,scene_stress,0,84,0,0,85,835,7140,88.3053,0.0293,0.0029,0.1332
580,spatial_grid,scene_stress,0,84,0,0,85,835,7140,88.3053,0.0293,0.0029,0.1332
581,spatial_grid,scene_stress,0,84,0,0,85,835,7140,88.3053,0.0293,0.0029,0.1332
582,spatial_grid,scene_stress,0,84,0,0,85,835,7140,88.3053,0.0293,0.0029,0.1332
583,spatial_grid,scene_stress,0,84,0,0,85,835,7140,88.3053,0.0293,0.0029,0.1332
584,spatial_grid,scene_stress,0,84,0,0,85,835,7140,88.3053,0.0293,0.0029,0.1332
585,spatial_grid,scene_stress,0,84,0,0,85,835,7140,88.3053,0.0293,0.0029,0.1332
586,spatial_grid,scene_stress,0,84,0,0,85,835,7140,88.3053,0.0293,0.0029,0.1332
587,spatial_grid,scene_stress,0,84,0,0,85,835,7140,88.3053,0.0293,0.0029,0.1332
588,spatial_grid,scene_stress,0,84,0,0,85,835,7140,88.3053,0.0293,0.0029,0.1332
589,spatial_grid,scene_stress,0,84,0,0,85,835,7140,88.3053,0.0293,0.0029,0.1332
590,spatial_grid,scene_stress,0,84,0,0,85,835,7140,88.3053,0.0293,0.0029,0.1332
591,spatial_grid,scene_stress,0,84,0,0,85,835,7140,88.3053,0.0293,0.0029,0.1332
592,spatial_grid,scene_stress,0,84,0,0,85,835,7140,88.3053,0.0293,0.0029,0.1332
593,spatial_grid,scene_stress,0,84,0,0,85,835,7140,88.3053,0.0293,0.0029,0.1332
594,spatial_grid,scene_stress,0,84,0,0,85,835,7140,88.3053,0.0293,0.0029,0.1332
595,spatial_grid,scene_stress,0,84,0,0,85,835,7140,88.3053,0.0293,0.0029,0.1332
596,spatial_grid,scene_stress,0,84,0,0,85,835,7140,88.3053,0.0293,0.0029,0.1332
597,spatial_grid,scene_stress,0,84,0,0,85,835,7140,88.3053,0.0293,0.0029,0.1332
598,spatial_grid,scene_stress,0,84,0,0,85,835,7140,88.3053,0.0293,0.0029,0.1332
599,spatial_grid,scene_stress,0,84,0,0,85,835,7140,88.3053,0.0293,0.0029,0.1332
600,spatial_grid,scene_stress,0,84,0,0,85,835,7140,88.3053,0.0293,0.0029,0.1332
601,spatial_grid,scene_stress,0,84,0,0,85,835,7140,88.3053,0.0293,0.0029,0.1332
602,spatial_grid,scene_stress,0,84,0,0,85,835,7140,88.3053,0.0293,0.0029,0.1332
603,spatial_grid,scene_stress,0,84,0,0,85,835,7140,88.3053,0.0293,0.0029,0.1332
604,spatial_grid,scene_stress,0,84,0,0,85,835,7140,88.3053,0.0293,0.0029,0.1332
605,spatial_grid,scene_stress,0,84,0,0,85,835,7140,88.3053,0.0293,0.0029,0.1332
606,spatial_grid,scene_stress,0,84,0,0,85,835,7140,88.3053,0.0293,0.0029,0.1332
607,spatial_grid,scene_stress,0,84,0,0,85,835,7140,88.3053,0.0293,0.0029,0.1332
608,spatial_grid,scene_stress,0,84,0,0,85,835,7140,88.3053,0.0293,0.0029,0.1332
609,spatial_grid,scene_stress,0,84,0,0,85,835,7140,88.3053,0.0293,0.0029,0.1332
610,spatial_grid,scene_stress,0,84,0,0,85,835,7140,88.3053,0.0293,0.0029,0.1332
611,spatial_grid,scene_stress,0,84,0,0,85,835,7140,88.3053,0.0293,0.0029,0.1332
612,spatial_grid,scene_stress,0,84,0,0,85,835,7140,88.3053,0.0293,0.0029,0.1332
613,spatial_grid,scene_stress,0,84,0,0,85,835,7140,88.3053,0.0293,0.0029,0.1332
614,spatial_grid,scene_stress,0,84,0,0,85,835,7140,88.3053,0.0293,0.0029,0.1332
615,spatial_grid,scene_stress,0,84,0,0,85,835,7140,88.3053,0.0293,0.0029,0.1332
616,spatial_grid,scene_stress,0,84,0,0,85,835,7140,88.3053,0.0293,0.0029,0.1332
617,spatial_grid,scene_stress,0,84,0,0,85,835,7140,88.3053,0.0293,0.0029,0.1332
618,spatial_grid,scene_stress,0,84,0,0,85,835,7140,88.3053,0.0293,0.0029,0.1332
619,spatial_grid,scene_stress,0,84,0,0,85,835,7140,88.3053,0.0293,0.0029,0.1332
620,spatial_grid,scene_stress,0,84,0,0,85,835,7140,88.3053,0.0293,0.0029,0.1332
621,spatial_grid,scene_stress,0,84,0,0,85,835,7140,88.3053,0.0293,0.0029,0.1332
622,spatial_grid,scene_stress,0,84,0,0,85,835,7140,88.3053,0.0293,0.0029,0.1332
623,spatial_grid,scene_stress,0,84,0,0,85,835,7140,88.3053,0.0293,0.0029,0.1332
624,spatial_grid,scene_stress,0,84,0,0,85,835,7140,88.3053,0.0293,0.0029,0.1332
625,spatial_grid,scene_stress,0,84,0,0,85,835,7140,88.3053,0.0293,0.0029,0.1332
626,spatial_grid,scene_stress,0,84,0,0,85,835,7140,88.3053,0.0293,0.0029,0.1332
627,spatial_grid,scene_stress,0,84,0,0,85,835,7140,88.3053,0.0293,0.0029,0.1332
628,spatial_grid,scene_stress,0,84,0,0,85,835,7140,88.3053,0.0293,0.0029,0.1332
629,spatial_grid,scene_stress,0,84,0,0,85,835,7140,88.3053,0.0293,0.0029,0.1332
630,spatial_grid,scene_stress,0,84,0,0,85,835,7140,88.3053,0.0293,0.0029,0.1332
631,spatial_grid,scene_stress,0,84,0,0,85,835,7140,88.3053,0.0293,0.0029,0.1332
632,spatial_grid,scene_stress,0,84,0,0,85,835,7140,88.3053,0.0293,0.0029,0.1332
633,spatial_grid,scene_stress,0,84,0,0,85,835,7140,88.3053,0.0293,0.0029,0.1332
634,spatial_grid,scene_stress,0,84,0,0,85,835,7140,88.3053,0.0293,0.0029,0.1332
635,spatial_grid,scene_stress,0,84,0,0,85,835,7140,88.3053,0.0293,0.0029,0.1332
636,spatial_grid,scene_stress,0,84,0,0,85,835,7140,88.3053,0.0293,0.0029,0.1332
637,spatial_grid,scene_stress,0,84,0,0,85,835,7140,88.3053,0.0293,0.0029,0.1332
638,spatial_grid,scene_stress,0,84,0,0,85,835,7140,88.3053,0.0293,0.0029,0.1332
639,spatial_grid,scene_stress,0,84,0,0,85,835,7140,88.3053,0.0293,0.0029,0.1332
640,spatial_grid,scene_stress,0,84,0,0,85,835,7140,88.3053,0.0293,0.0029,0.1332
641,spatial_grid,scene_stress,0,84,0,0,85,835,7140,88.3053,0.0293,0.0029,0.1332
642,spatial_grid,scene_stress,0,84,0,0,85,835,7140,88.3053,0.0293,0.0029,0.1332
643,spatial_grid,scene_stress,0,84,0,0,85,835,7140,88.3053,0.0293,0.0029,0.1332
644,spatial_grid,scene_stress,0,84,0,0,85,835,7140,88.3053,0.0293,0.0029,0.1332
645,spatial_grid,scene_stress,0,84,0,0,85,835,7140,88.3053,0.0293,0.0029,0.1332
646,spatial_grid,scene_stress,0,84,0,0,85,835,7140,88.3053,0.0293,0.0029,0.1332
647,spatial_grid,scene_stress,0,84,0,0,85,835,7140,88.3053,0.0293,0.0029,0.1332
648,spatial_grid,scene_stress,0,84,0,0,85,835,7140,88.3053,0.0293,0.0029,0.1332
649,spatial_grid,scene_stress,0,84,0,0,85,835,7140,88.3053,0.0293,0.0029,0.1332
650,spatial_grid,scene_stress,0,84,0,0,85,835,7140,88.3053,0.0293,0.0029,0.1332
651,spatial_grid,scene_stress,0,84,0,0,85,835,7140,88.3053,0.0293,0.0029,0.1332
652,spatial_grid,scene_stress,0,84,0,0,85,835,7140,88.3053,0.0293,0.0029,0.1332
653,spatial_grid,scene_stress,0,84,0,0,85,835,7140,88.3053,0.0293,0.0029,0.1332
654,spatial_grid,scene_stress,0,84,0,0,85,835,7140,88.3053,0.0293,0.0029,0.1332
655,spatial_grid,scene_stress,0,84,0,0,85,835,7140,88.3053,0.0293,0.0029,0.1332
656,spatial_grid,scene_stress,0,84,0,0,85,835,7140,88.3053,0.0293,0.0029,0.1332
657,spatial_grid,scene_stress,0,84,0,0,85,835,7140,88.3053,0.0293,0.0029,0.1332
658,spatial_grid,scene_stress,0,84,0,0,85,835,7140,88.3053,0.0293,0.0029,0.1332
659,spatial_grid,scene_stress,0,84,0,0,85,835,7140,88.3053,0.0293,0.0029,0.1332
660,spatial_grid,scene_stress,0,84,0,0,85,835,7140,88.3053,0.0293,0.0029,0.1332
661,spatial_grid,scene_stress,0,84,0,0,85,835,7140,88.3053,0.0293,0.0029,0.1332
662,spatial_grid,scene_stress,0,84,0,0,85,835,7140,88.3053,0.0293,0.0029,0.1332
663,spatial_grid,scene_stress,0,84,0,0,85,835,7140,88.3053,0.0293,0.0029,0.1332
664,spatial_grid,scene_stress,0,84,0,0,85,835,7140,88.3053,0.0293,0.0029,0.1332
665,spatial_grid,scene_stress,0,84,0,0,85,835,7140,88.3053,0.0293,0.0029,0.1332
666,spatial_grid,scene_stress,0,84,0,0,85,835,7140,88.3053,0.0293,0.0029,0.1332
667,spatial_grid,scene_stress,0,84,0,0,85,835,7140,88.3053,0.0293,0.0029,0.1332
668,spatial_grid,scene_stress,0,84,0,0,85,835,7140,88.3053,0.0293,0.0029,0.1332
669,spatial_grid,scene_stress,0,84,0,0,85,835,7140,88.3053,0.0293,0.0029,0.1332
670,spatial_grid,scene_stress,0,84,0,0,85,835,7140,88.3053,0.0293,0.0029,0.1332
671,spatial_grid,scene_stress,0,84,0,0,85,835,7140,88.3053,0.0293,0.0029,0.1332
672,spatial_grid,scene_stress,0,84,0,0,85,835,7140,88.3053,0.0293,0.0029,0.1332
673,spatial_grid,scene_stress,0,84,0,0,85,835,7140,88.3053,0.0293,0.0029,0.1332
674,spatial_grid,scene_stress,0,84,0,0,85,835,7140,88.3053,0.0293,0.0029,0.1332
675,spatial_grid,scene_stress,0,84,0,0,85,835,7140,88.3053,0.0293,0.0029,0.1332
676,spatial_grid,scene_stress,0,84,0,0,85,835,7140,88.3053,0.0293,0.0029,0.1332
677,spatial_grid,scene_stress,0,84,0,0,85,835,7140,88.3053,0.0293,0.0029,0.1332
678,spatial_grid,scene_stress,0,84,0,0,85,835,7140,88.3053,0.0293,0.0029,0.1332
679,spatial_grid,scene_stress,0,84,0,0,85,835,7140,88.3053,0.0293,0.0029,0.1332
680,spatial_grid,scene_stress,0,84,0,0,85,835,7140,88.3053,0.0293,0.0029,0.1332
681,spatial_grid,scene_stress,0,84,0,0,85,835,7140,88.3053,0.0293,0.0029,0.1332
682,spatial_grid,scene_stress,0,84,0,0,85,835,7140,88.3053,0.0293,0.0029,0.1332
683,spatial_grid,scene_stress,0,84,0,0,85,835,7140,88.3053,0.0293,0.0029,0.1332
684,spatial_grid,scene_stress,0,84,0,0,85,835,7140,88.3053,0.0293,0.0029,0.1332
685,spatial_grid,scene_stress,0,84,0,0,85,835,7140,88.3053,0.0293,0.0029,0.1332
686,spatial_grid,scene_stress,0,84,0,0,85,835,7140,88.3053,0.0293,0.0029,0.1332
687,spatial_grid,scene_stress,0,84,0,0,85,835,7140,88.3053,0.0293,0.0029,0.1332
688,spatial_grid,scene_stress,0,84,0,0,85,835,7140,88.3053,0.0293,0.0029,0.1332
689,spatial_grid,scene_stress,0,84,0,0,85,835,7140,88.3053,0.0293,0.0029,0.1332
690,spatial_grid,scene_stress,0,84,0,0,85,835,7140,88.3053,0.0293,0.0029,0.1332
691,spatial_grid,scene_stress,0,84,0,0,85,835,7140,88.3053,0.0293,0.0029,0.1332
692,spatial_grid,scene_stress,0,84,0,0,85,835,7140,88.3053,0.0293,0.0029,0.1332
693,spatial_grid,scene_stress,0,84,0,0,85,835,7140,88.3053,0.0293,0.0029,0.1332
694,spatial_grid,scene_stress,0,84,0,0,85,835,7140,88.3053,0.0293,0.0029,0.1332
695,spatial_grid,scene_stress,0,84,0,0,85,835,7140,88.3053,0.0293,0.0029,0.1332
696,spatial_grid,scene_stress,0,84,0,0,85,835,7140,88.3053,0.0293,0.0029,0.1332
697,spatial_grid,scene_stress,0,84,0,0,85,835,7140,88.3053,0.0293,0.0029,0.1332
698,spatial_grid,scene_stress,0,84,0,0,85,835,7140,88.3053,0.0293,0.0029,0.1332
699,spatial_grid,scene_stress,0,84,0,0,85,835,7140,88.3053,0.0293,0.0029,0.1332
700,spatial_grid,scene_stress,0,84,0,0,85,835,7140,88.3053,0.0293,0.0029,0.1332
701,spatial_grid,scene_stress,0,84,0,0,85,835,7140,88.3053,0.0293,0.0029,0.1332
702,spatial_grid,scene_stress,0,84,0,0,85,835,7140,88.3053,0.0293,0.0029,0.1332
703,spatial_grid,scene_stress,0,84,0,0,85,835,7140,88.3053,0.0293,0.0029,0.1332
704,spatial_grid,scene_stress,0,84,0,0,85,835,7140,88.3053,0.0293,0.0029,0.1332
705,spatial_grid,scene_stress,0,84,0,0,85,835,7140,88.3053,0.0293,0.0029,0.1332
706,spatial_grid,scene_stress,0,84,0,0,85,835,7140,88.3053,0.0293,0.0029,0.1332
707,spatial_grid,scene_stress,0,84,0,0,85,835,7140,88.3053,0.0293,0.0029,0.1332
708,spatial_grid,scene_stress,0,84,0,0,85,835,7140,88.3053,0.0293,0.0029,0.1332
709,spatial_grid,scene_stress,0,84,0,0,85,835,7140,88.3053,0.0293,0.0029,0.1332
710,spatial_grid,scene_stress,0,84,0,0,85,835,7140,88.3053,0.0293,0.0029,0.1332
711,spatial_grid,scene_stress,0,84,0,0,85,835,7140,88.3053,0.0293,0.0029,0.1332
712,spatial_grid,scene_stress,0,84,0,0,85,835,7140,88.3053,0.0293,0.0029,0.1332
713,spatial_grid,scene_stress,0,84,0,0,85,835,7140,88.3053,0.0293,0.0029,0.1332
714,spatial_grid,scene_stress,0,84,0,0,85,835,7140,88.3053,0.0293,0.0029,0.1332
715,spatial_grid,scene_stress,0,84,0,0,85,835,7140,88.3053,0.0293,0.0029,0.1332
716,spatial_grid,scene_stress,0,84,0,0,85,835,7140,88.3053,0.0293,0.0029,0.1332
717,spatial_grid,scene_stress,0,84,0,0,85,835,7140,88.3053,0.0293,0.0029,0.1332
718,spatial_grid,scene_stress,0,84,0,0,85,835,7140,88.3053,0.0293,0.0029,0.1332
719,spatial_grid,scene_stress,0,84,0,0,85,835,7140,88.3053,0.0293,0.0029,0.1332
720,spatial_grid,scene_stress,0,84,0,0,85,835,7140,88.3053,0.0293,0.0029,0.1332
721,spatial_grid,scene_stress,0,84,0,0,85,835,7140,88.3053,0.0293,0.0029,0.1332
722,spatial_grid,scene_stress,0,84,0,0,85,835,7140,88.3053,0.0293,0.0029,0.1332
723,spatial_grid,scene_stress,0,84,0,0,85,835,7140,88.3053,0.0293,0.0029,0.1332
724,spatial_grid,scene_stress,0,84,0,0,85,835,7140,88.3053,0.0293,0.0029,0.1332
725,spatial_grid,scene_stress,0,84,0,0,85,835,7140,88.3053,0.0293,0.0029,0.1332
726,spatial_grid,scene_stress,0,84,0,0,85,835,7140,88.3053,0.0293,0.0029,0.1332
727,spatial_grid,scene_stress,0,84,0,0,85,835,7140,88.3053,0.0293,0.0029,0.1332
728,spatial_grid,scene_stress,0,84,0,0,85,835,7140,88.3053,0.0293,0.0029,0.1332
729,spatial_grid,scene_stress,0,84,0,0,85,835,7140,88.3053,0.0293,0.0029,0.1332
730,spatial_grid,scene_stress,0,84,0,0,85,835,7140,88.3053,0.0293,0.0029,0.1332
731,spatial_grid,scene_stress,0,84,0,0,85,835,7140,88.3053,0.0293,0.0029,0.1332
732,spatial_grid,scene_stress,0,84,0,0,85,835,7140,88.3053,0.0293,0.0029,0.1332
733,spatial_grid,scene_stress,0,84,0,0,85,835,7140,88.3053,0.0293,0.0029,0.1332
734,spatial_grid,scene_stress,0,84,0,0,85,835,7140,88.3053,0.0293,0.0029,0.1332
735,spatial_grid,scene_stress,0,84,0,0,85,835,7140,88.3053,0.0293,0.0029,0.1332
736,spatial_grid,scene_stress,0,84,0,0,85,835,7140,88.3053,0.0293,0.0029,0.1332
737,spatial_grid,scene_stress,0,84,0,0,85,835,7140,88.3053,0.0293,0.0029,0.1332
738,spatial_grid,scene_stress,0,84,0,0,85,835,7140,88.3053,0.0293,0.0029,0.1332
739,spatial_grid,scene_stress,0,84,0,0,85,835,7140,88.3053,0.0293,0.0029,0.1332
740,spatial_grid,scene_stress,0,84,0,0,85,835,7140,88.3053,0.0293,0.0029,0.1332
741,spatial_grid,scene_stress,0,84,0,0,85,835,7140,88.3053,0.0293,0.0029,0.1332
742,spatial_grid,scene_stress,0,84,0,0,85,835,7140,88.3053,0.0293,0.0029,0.1332
743,spatial_grid,scene_stress,0,84,0,0,85,835,7140,88.3053,0.0293,0.0029,0.1332
744,spatial_grid,scene_stress,0,84,0,0,85,835,7140,88.3053,0.0293,0.0029,0.1332
745,spatial_grid,scene_stress,0,84,0,0,85,835,7140,88.3053,0.0293,0.0029,0.1332
746,spatial_grid,scene_stress,0,84,0,0,85,835,7140,88.3053,0.0293,0.0029,0.1332
747,spatial_grid,scene_stress,0,84,0,0,85,835,7140,88.3053,0.0293,0.0029,0.1332
748,spatial_grid,scene_stress,0,84,0,0,85,835,7140,88.3053,0.0293,0.0029,0.1332
749,spatial_grid,scene_stress,0,84,0,0,85,835,7140,88.3053,0.0293,0.0029,0.1332
750,spatial_grid,scene_stress,0,84,0,0,85,835,7140,88.3053,0.0293,0.0029,0.1332
751,spatial_grid,scene_stress,0,84,0,0,85,835,7140,88.3053,0.0293,0.0029,0.1332
752,spatial_grid,scene_stress,0,84,0,0,85,835,7140,88.3053,0.0293,0.0029,0.1332
753,spatial_grid,scene_stress,0,84,0,0,85,835,7140,88.3053,0.0293,0.0029,0.1332
754,spatial_grid,scene_stress,0,84,0,0,85,835,7140,88.3053,0.0293,0.0029,0.1332
755,spatial_grid,scene_stress,0,84,0,0,85,835,7140,88.3053,0.0293,0.0029,0.1332
756,spatial_grid,scene_stress,0,84,0,0,85,835,7140,88.3053,0.0293,0.0029,0.1332
757,spatial_grid,scene_stress,0,84,0,0,85,835,7140,88.3053,0.0293,0.0029,0.1332
758,spatial_grid,scene_stress,0,84,0,0,85,835,7140,88.3053,0.0293,0.0029,0.1332
759,spatial_grid,scene_stress,0,84,0,0,85,835,7140,88.3053,0.0293,0.0029,0.1332
760,spatial_grid,scene_stress,0,84,0,0,85,835,7140,88.3053,0.0293,0.0029,0.1332
761,spatial_grid,scene_stress,0,84,0,0,85,835,7140,88.3053,0.0293,0.0029,0.1332
762,spatial_grid,scene_stress,0,84,0,0,85,835,7140,88.3053,0.0293,0.0029,0.1332
763,spatial_grid,scene_stress,0,84,0,0,85,835,7140,88.3053,0.0293,0.0029,0.1332
764,spatial_grid,scene_stress,0,84,0,0,85,835,7140,88.3053,0.0293,0.0029,0.1332
765,spatial_grid,scene_stress,0,84,0,0,85,835,7140,88.3053,0.0293,0.0029,0.1332
766,spatial_grid,scene_stress,0,84,0,0,85,835,7140,88.3053,0.0293,0.0029,0.1332
767,spatial_grid,scene_stress,0,84,0,0,85,835,7140,88.3053,0.0293,0.0029,0.1332
768,spatial_grid,scene_stress,0,84,0,0,85,835,7140,88.3053,0.0293,0.0029,0.1332
769,spatial_grid,scene_stress,0,84,0,0,85,835,7140,88.3053,0.0293,0.0029,0.1332
770,spatial_grid,scene_stress,0,84,0,0,85,835,7140,88.3053,0.0293,0.0029,0.1332
771,spatial_grid,scene_stress,0,84,0,0,85,835,7140,88.3053,0.0293,0.0029,0.1332
772,spatial_grid,scene_stress,0,84,0,0,85,835,7140,88.3053,0.0293,0.0029,0.1332
773,spatial_grid,scene_stress,0,84,0,0,85,835,7140,88.3053,0.0293,0.0029,0.1332
774,spatial_grid,scene_stress,0,84,0,0,85,835,7140,88.3053,0.0293,0.0029,0.1332
775,spatial_grid,scene_stress,0,84,0,0,85,835,7140,88.3053,0.0293,0.0029,0.1332
776,spatial_grid,scene_stress,0,84,0,0,85,835,7140,88.3053,0.0293,0.0029,0.1332
777,spatial_grid,scene_stress,0,84,0,0,85,835,7140,88.3053,0.0293,0.0029,0.1332
778,spatial_grid,scene_stress,0,84,0,0,85,835,7140,88.3053,0.0293,0.0029,0.1332
779,spatial_grid,scene_stress,0,84,0,0,85,835,7140,88.3053,0.0293,0.0029,0.1332
780,spatial_grid,scene_stress,0,84,0,0,85,835,7140,88.3053,0.0293,0.0029,0.1332
781,spatial_grid,scene_stress,0,84,0,0,85,835,7140,88.3053,0.0293,0.0029,0.1332
782,spatial_grid,scene_stress,0,84,0,0,85,835,7140,88.3053,0.0293,0.0029,0.1332
783,spatial_grid,scene_stress,0,84,0,0,85,835,7140,88.3053,0.0293,0.0029,0.1332
784,spatial_grid,scene_stress,0,84,0,0,85,835,7140,88.3053,0.0293,0.0029,0.1332
785,spatial_grid,scene_stress,0,84,0,0,85,835,7140,88.3053,0.0293,0.0029,0.1332
786,spatial_grid,scene_stress,0,84,0,0,85,835,7140,88.3053,0.0293,0.0029,0.1332
787,spatial_grid,scene_stress,0,84,0,0,85,835,7140,88.3053,0.0293,0.0029,0.1332
788,spatial_grid,scene_stress,0,84,0,0,85,835,7140,88.3053,0.0293,0.0029,0.1332
789,spatial_grid,scene_stress,0,84,0,0,85,835,7140,88.3053,0.0293,0.0029,0.1332
790,spatial_grid,scene_stress,0,84,0,0,85,835,7140,88.3053,0.0293,0.0029,0.1332
791,spatial_grid,scene_stress,0,84,0,0,85,835,7140,88.3053,0.0293,0.0029,0.1332
792,spatial_grid,scene_stress,0,84,0,0,85,835,7140,88.3053,0.0293,0.0029,0.1332
793,spatial_grid,scene_stress,0,84,0,0,85,835,7140,88.3053,0.0293,0.0029,0.1332
794,spatial_grid,scene_stress,0,84,0,0,85,835,7140,88.3053,0.0293,0.0029,0.1332
795,spatial_grid,scene_stress,0,84,0,0,85,835,7140,88.3053,0.0293,0.0029,0.1332
796,spatial_grid,scene_stress,0,84,0,0,85,835,7140,88.3053,0.0293,0.0029,0.1332
797,spatial_grid,scene_stress,0,84,0,0,85,835,7140,88.3053,0.0293,0.0029,0.1332
798,spatial_grid,scene_stress,0,84,0,0,85,835,7140,88.3053,0.0293,0.0029,0.1332
799,spatial_grid,scene_stress,0,84,0,0,85,835,7140,88.3053,0.0293,0.0029,0.1332
800,spatial_grid,scene_stress,0,84,0,0,85,835,7140,88.3053,0.0293,0.0029,0.1332
801,spatial_grid,scene_stress,0,84,0,0,85,835,7140,88.3053,0.0293,0.0029,0.1332
802,spatial_grid,scene_stress,0,84,0,0,85,835,7140,88.3053,0.0293,0.0029,0.1332
803,spatial_grid,scene_stress,0,84,0,0,85,835,7140,88.3053,0.0293,0.0029,0.1332
804,spatial_grid,scene_stress,0,84,0,0,85,835,7140,88.3053,0.0293,0.0029,0.1332
805,spatial_grid,scene_stress,0,84,0,0,85,835,7140,88.3053,0.0293,0.0029,0.1332
806,spatial_grid,scene_stress,0,84,0,0,85,835,7140,88.3053,0.0293,0.0029,0.1332
807,spatial_grid,scene_stress,0,84,0,0,85,835,7140,88.3053,0.0293,0.0029,0.1332
808,spatial_grid,scene_stress,0,84,0,0,85,835,7140,88.3053,0.0293,0.0029,0.1332
809,spatial_grid,scene_stress,0,84,0,0,85,835,7140,88.3053,0.0293,0.0029,0.1332
810,spatial_grid,scene_stress,0,84,0,0,85,835,7140,88.3053,0.0293,0.0029,0.1332
811,spatial_grid,scene_stress,0,84,0,0,85,835,7140,88.3053,0.0293,0.0029,0.1332
812,spatial_grid,scene_stress,0,84,0,0,85,835,7140,88.3053,0.0293,0.0029,0.1332
813,spatial_grid,scene_stress,0,84,0,0,85,835,7140,88.3053,0.0293,0.0029,0.1332
814,spatial_grid,scene_stress,0,84,0,0,85,835,7140,88.3053,0.0293,0.0029,0.1332
815,spatial_grid,scene_stress,0,84,0,0,85,835,7140,88.3053,0.0293,0.0029,0.1332
816,spatial_grid,scene_stress,0,84,0,0,85,835,7140,88.3053,0.0293,0.0029,0.1332
817,spatial_grid,scene_stress,0,84,0,0,85,835,7140,88.3053,0.0293,0.0029,0.1332
818,spatial_grid,scene_stress,0,84,0,0,85,835,7140,88.3053,0.0293,0.0029,0.1332
819,spatial_grid,scene_stress,0,84,0,0,85,835,7140,88.3053,0.0293,0.0029,0.1332
820,spatial_grid,scene_stress,0,84,0,0,85,835,7140,88.3053,0.0293,0.0029,0.1332
821,spatial_grid,scene_stress,0,84,0,0,85,835,7140,88.3053,0.0293,0.0029,0.1332
822,spatial_grid,scene_stress,0,84,0,0,85,835,7140,88.3053,0.0293,0.0029,0.1332
823,spatial_grid,scene_stress,0,84,0,0,85,835,7140,88.3053,0.0293,0.0029,0.1332
824,spatial_grid,scene_stress,0,84,0,0,85,835,7140,88.3053,0.0293,0.0029,0.1332
825,spatial_grid,scene_stress,0,84,0,0,85,835,7140,88.3053,0.0293,0.0029,0.1332
826,spatial_grid,scene_stress,0,84,0,0,85,835,7140,88.3053,0.0293,0.0029,0.1332
827,spatial_grid,scene_stress,0,84,0,0,85,835,7140,88.3053,0.0293,0.0029,0.1332
828,spatial_grid,scene_stress,0,84,0,0,85,835,7140,88.3053,0.0293,0.0029,0.1332
829,spatial_grid,scene_stress,0,84,0,0,85,835,7140,88.3053,0.0293,0.0029,0.1332
830,spatial_grid,scene_stress,0,84,0,0,85,835,7140,88.3053,0.0293,0.0029,0.1332
831,spatial_grid,scene_stress,0,84,0,0,85,835,7140,88.3053,0.0293,0.0029,0.1332
832,spatial_grid,scene_stress,0,84,0,0,85,835,7140,88.3053,0.0293,0.0029,0.1332
833,spatial_grid,scene_stress,0,84,0,0,85,835,7140,88.3053,0.0293,0.0029,0.1332
834,spatial_grid,scene_stress,0,84,0,0,85,835,7140,88.3053,0.0293,0.0029,0.1332
835,spatial_grid,scene_stress,0,84,0,0,85,835,7140,88.3053,0.0293,0.0029,0.1332
836,spatial_grid,scene_stress,0,84,0,0,85,835,7140,88.3053,0.0293,0.0029,0.1332
837,spatial_grid,scene_stress,0,84,0,0,85,835,7140,88.3053,0.0293,0.0029,0.1332
838,spatial_grid,scene_stress,0,84,0,0,85,835,7140,88.3053,0.0293,0.0029,0.1332
839,spatial_grid,scene_stress,0,84,0,0,85,835,7140,88.3053,0.0293,0.0029,0.1332
840,spatial_grid,scene_stress,0,84,0,0,85,835,7140,88.3053,0.0293,0.0029,0.1332
841,spatial_grid,scene_stress,0,84,0,0,85,835,7140,88.3053,0.0293,0.0029,0.1332
842,spatial_grid,scene_stress,0,84,0,0,85,835,7140,88.3053,0.0293,0.0029,0.1332
843,spatial_grid,scene_stress,0,84,0,0,85,835,7140,88.3053,0.0293,0.0029,0.1332
844,spatial_grid,scene_stress,0,84,0,0,85,835,7140,88.3053,0.0293,0.0029,0.1332
845,spatial_grid,scene_stress,0,84,0,0,85,835,7140,88.3053,0.0293,0.0029,0.1332
846,spatial_grid,scene_stress,0,84,0,0,85,835,7140,88.3053,0.0293,0.0029,0.1332
847,spatial_grid,scene_stress,0,84,0,0,85,835,7140,88.3053,0.0293,0.0029,0.1332
848,spatial_grid,scene_stress,0,84,0,0,85,835,7140,88.3053,0.0293,0.0029,0.1332
849,spatial_grid,scene_stress,0,84,0,0,85,835,7140,88.3053,0.0293,0.0029,0.1332
850,spatial_grid,scene_stress,0,84,0,0,85,835,7140,88.3053,0.0293,0.0029,0.1332
851,spatial_grid,scene_stress,0,84,0,0,85,835,7140,88.3053,0.0293,0.0029,0.1332
852,spatial_grid,scene_stress,0,84,0,0,85,835,7140,88.3053,0.0293,0.0029,0.1332
853,spatial_grid,scene_stress,0,84,0,0,85,835,7140,88.3053,0.0293,0.0029,0.1332
854,spatial_grid,scene_stress,0,84,0,0,85,835,7140,88.3053,0.0293,0.0029,0.1332
855,spatial_grid,scene_stress,0,84,0,0,85,835,7140,88.3053,0.0293,0.0029,0.1332
856,spatial_grid,scene_stress,0,84,0,0,85,835,7140,88.3053,0.0293,0.0029,0.1332
857,spatial_grid,scene_stress,0,84,0,0,85,835,7140,88.3053,0.0293,0.0029,0.1332
858,spatial_grid,scene_stress,0,84,0,0,85,835,7140,88.3053,0.0293,0.0029,0.1332
859,spatial_grid,scene_stress,0,84,0,0,85,835,7140,88.3053,0.0293,0.0029,0.1332
860,spatial_grid,scene_stress,0,84,0,0,85,835,7140,88.3053,0.0293,0.0029,0.1332
861,spatial_grid,scene_stress,0,84,0,0,85,835,7140,88.3053,0.0293,0.0029,0.1332
862,spatial_grid,scene_stress,0,84,0,0,85,835,7140,88.3053,0.0293,0.0029,0.1332
863,spatial_grid,scene_stress,0,84,0,0,85,835,7140,88.3053,0.0293,0.0029,0.1332
864,spatial_grid,scene_stress,0,84,0,0,85,835,7140,88.3053,0.0293,0.0029,0.1332
865,spatial_grid,scene_stress,0,84,0,0,85,835,7140,88.3053,0.0293,0.0029,0.1332
866,spatial_grid,scene_stress,0,84,0,0,85,835,7140,88.3053,0.0293,0.0029,0.1332
867,spatial_grid,scene_stress,0,84,0,0,85,835,7140,88.3053,0.0293,0.0029,0.1332
868,spatial_grid,scene_stress,0,84,0,0,85,835,7140,88.3053,0.0293,0.0029,0.1332
869,spatial_grid,scene_stress,0,84,0,0,85,835,7140,88.3053,0.0293,0.0029,0.1332
870,spatial_grid,scene_stress,0,84,0,0,85,835,7140,88.3053,0.0293,0.0029,0.1332
871,spatial_grid,scene_stress,0,84,0,0,85,835,7140,88.3053,0.0293,0.0029,0.1332
872,spatial_grid,scene_stress,0,84,0,0,85,835,7140,88.3053,0.0293,0.0029,0.1332
873,spatial_grid,scene_stress,0,84,0,0,85,835,7140,88.3053,0.0293,0.0029,0.1332
874,spatial_grid,scene_stress,0,84,0,0,85,835,7140,88.3053,0.0293,0.0029,0.1332
875,spatial_grid,scene_stress,0,84,0,0,85,835,7140,88.3053,0.0293,0.0029,0.1332
876,spatial_grid,scene_stress,0,84,0,0,85,835,7140,88.3053,0.0293,0.0029,0.1332
877,spatial_grid,scene_stress,0,84,0,0,85,835,7140,88.3053,0.0293,0.0029,0.1332
878,spatial_grid,scene_stress,0,84,0,0,85,835,7140,88.3053,0.0293,0.0029,0.1332
879,spatial_grid,scene_stress,0,84,0,0,85,835,7140,88.3053,0.0293,0.0029,0.1332
880,spatial_grid,scene_stress,0,84,0,0,85,835,7140,88.3053,0.0293,0.0029,0.1332
881,spatial_grid,scene_stress,0,84,0,0,85,835,7140,88.3053,0.0293,0.0029,0.1332
882,spatial_grid,scene_stress,0,84,0,0,85,835,7140,88.3053,0.0293,0.0029,0.1332
883,spatial_grid,scene_stress,0,84,0,0,85,835,7140,88.3053,0.0293,0.0029,0.1332
884,spatial_grid,scene_stress,0,84,0,0,85,835,7140,88.3053,0.0293,0.0029,0.1332
885,spatial_grid,scene_stress,0,84,0,0,85,835,7140,88.3053,0.0293,0.0029,0.1332
886,spatial_grid,scene_stress,0,84,0,0,85,835,7140,88.3053,0.0293,0.0029,0.1332
887,spatial_grid,scene_stress,0,84,0,0,85,835,7140,88.3053,0.0293,0.0029,0.1332
888,spatial_grid,scene_stress,0,84,0,0,85,835,7140,88.3053,0.0293,0.0029,0.1332
889,spatial_grid,scene_stress,0,84,0,0,85,835,7140,88.3053,0.0293,0.0029,0.1332
890,spatial_grid,scene_stress,0,84,0,0,85,835,7140,88.3053,0.0293,0.0029,0.1332
891,spatial_grid,scene_stress,0,84,0,0,85,835,7140,88.3053,0.0293,0.0029,0.1332
892,spatial_grid,scene_stress,0,84,0,0,85,835,7140,88.3053,0.0293,0.0029,0.1332
893,spatial_grid,scene_stress,0,84,0,0,85,835,7140,88.3053,0.0293,0.0029,0.1332
894,spatial_grid,scene_stress,0,84,0,0,85,835,7140,88.3053,0.0293,0.0029,0.1332
895,spatial_grid,scene_stress,0,84,0,0,85,835,7140,88.3053,0.0293,0.0029,0.1332
896,spatial_grid,scene_stress,0,84,0,0,85,835,7140,88.3053,0.0293,0.0029,0.1332
897,spatial_grid,scene_stress,0,84,0,0,85,835,7140,88.3053,0.0293,0.0029,0.1332
898,spatial_grid,scene_stress,0,84,0,0,85,835,7140,88.3053,0.0293,0.0029,0.1332
899,spatial_grid,scene_stress,0,84,0,0,85,835,7140,88.3053,0.0293,0.0029,0.1332
900,spatial_grid,scene_stress,0,84,0,0,85,835,7140,88.3053,0.0293,0.0029,0.1332
901,spatial_grid,scene_stress,0,84,0,0,85,835,7140,88.3053,0.0293,0.0029,0.1332
902,spatial_grid,scene_stress,0,84,0,0,85,835,7140,88.3053,0.0293,0.0029,0.1332
903,spatial_grid,scene_stress,0,84,0,0,85,835,7140,88.3053,0.0293,0.0029,0.1332
904,spatial_grid,scene_stress,0,84,0,0,85,835,7140,88.3053,0.0293,0.0029,0.1332
905,spatial_grid,scene_stress,0,84,0,0,85,835,7140,88.3053,0.0293,0.0029,0.1332
906,spatial_grid,scene_stress,0,84,0,0,85,835,7140,88.3053,0.0293,0.0029,0.1332
907,spatial_grid,scene_stress,0,84,0,0,85,835,7140,88.3053,0.0293,0.0029,0.1332
908,spatial_grid,scene_stress,0,84,0,0,85,835,7140,88.3053,0.0293,0.0029,0.1332
909,spatial_grid,scene_stress,0,84,0,0,85,835,7140,88.3053,0.0293,0.0029,0.1332
910,spatial_grid,scene_stress,0,84,0,0,85,835,7140,88.3053,0.0293,0.0029,0.1332
911,spatial_grid,scene_stress,0,84,0,0,85,835,7140,88.3053,0.0293,0.0029,0.1332
912,spatial_grid,scene_stress,0,84,0,0,85,835,7140,88.3053,0.0293,0.0029,0.1332
913,spatial_grid,scene_stress,0,84,0,0,85,835,7140,88.3053,0.0293,0.0029,0.1332
914,spatial_grid,scene_stress,0,84,0,0,85,835,7140,88.3053,0.0293,0.0029,0.1332
915,spatial_grid,scene_stress,0,84,0,0,85,835,7140,88.3053,0.0293,0.0029,0.1332
916,spatial_grid,scene_stress,0,84,0,0,85,835,7140,88.3053,0.0293,0.0029,0.1332
917,spatial_grid,scene_stress,0,84,0,0,85,835,7140,88.3053,0.0293,0.0029,0.1332
918,spatial_grid,scene_stress,0,84,0,0,85,835,7140,88.3053,0.0293,0.0029,0.1332
919,spatial_grid,scene_stress,0,84,0,0,85,835,7140,88.3053,0.0293,0.0029,0.1332
920,spatial_grid,scene_stress,0,84,0,0,85,835,7140,88.3053,0.0293,0.0029,0.1332
921,spatial_grid,scene_stress,0,84,0,0,85,835,7140,88.3053,0.0293,0.0029,0.1332
922,spatial_grid,scene_stress,0,84,0,0,85,835,7140,88.3053,0.0293,0.0029,0.1332
923,spatial_grid,scene_stress,0,84,0,0,85,835,7140,88.3053,0.0293,0.0029,0.1332
924,spatial_grid,scene_stress,0,84,0,0,85,835,7140,88.3053,0.0293,0.0029,0.1332
925,spatial_grid,scene_stress,0,84,0,0,85,835,7140,88.3053,0.0293,0.0029,0.1332
926,spatial_grid,scene_stress,0,84,0,0,85,835,7140,88.3053,0.0293,0.0029,0.1332
927,spatial_grid,scene_stress,0,84,0,0,85,835,7140,88.3053,0.0293,0.0029,0.1332
928,spatial_grid,scene_stress,0,84,0,0,85,835,7140,88.3053,0.0293,0.0029,0.1332
929,spatial_grid,scene_stress,0,84,0,0,85,835,7140,88.3053,0.0293,0.0029,0.1332
930,spatial_grid,scene_stress,0,84,0,0,85,835,7140,88.3053,0.0293,0.0029,0.1332
931,spatial_grid,scene_stress,0,84,0,0,85,835,7140,88.3053,0.0293,0.0029,0.1332
932,spatial_grid,scene_stress,0,84,0,0,85,835,7140,88.3053,0.0293,0.0029,0.1332
933,spatial_grid,scene_stress,0,84,0,0,85,835,7140,88.3053,0.0293,0.0029,0.1332
934,spatial_grid,scene_stress,0,84,0,0,85,835,7140,88.3053,0.0293,0.0029,0.1332
935,spatial_grid,scene_stress,0,84,0,0,85,835,7140,88.3053,0.0293,0.0029,0.1332
936,spatial_grid,scene_stress,0,84,0,0,85,835,7140,88.3053,0.0293,0.0029,0.1332
937,spatial_grid,scene_stress,0,84,0,0,85,835,7140,88.3053,0.0293,0.0029,0.1332
938,spatial_grid,scene_stress,0,84,0,0,85,835,7140,88.3053,0.0293,0.0029,0.1332
939,spatial_grid,scene_stress,0,84,0,0,85,835,7140,88.3053,0.0293,0.0029,0.1332
940,spatial_grid,scene_stress,0,84,0,0,85,835,7140,88.3053,0.0293,0.0029,0.1332
941,spatial_grid,scene_stress,0,84,0,0,85,835,7140,88.3053,0.0293,0.0029,0.1332
942,spatial_grid,scene_stress,0,84,0,0,85,835,7140,88.3053,0.0293,0.0029,0.1332
943,spatial_grid,scene_stress,0,84,0,0,85,835,7140,88.3053,0.0293,0.0029,0.1332
944,spatial_grid,scene_stress,0,84,0,0,85,835,7140,88.3053,0.0293,0.0029,0.1332
945,spatial_grid,scene_stress,0,84,0,0,85,835,7140,88.3053,0.0293,0.0029,0.1332
946,spatial_grid,scene_stress,0,84,0,0,85,835,7140,88.3053,0.0293,0.0029,0.1332
947,spatial_grid,scene_stress,0,84,0,0,85,835,7140,88.3053,0.0293,0.0029,0.1332
948,spatial_grid,scene_stress,0,84,0,0,85,835,7140,88.3053,0.0293,0.0029,0.1332
949,spatial_grid,scene_stress,0,84,0,0,85,835,7140,88.3053,0.0293,0.0029,0.1332
950,spatial_grid,scene_stress,0,84,0,0,85,835,7140,88.3053,0.0293,0.0029,0.1332
951,spatial_grid,scene_stress,0,84,0,0,85,835,7140,88.3053,0.0293,0.0029,0.1332
952,spatial_grid,scene_stress,0,84,0,0,85,835,7140,88.3053,0.0293,0.0029,0.1332
953,spatial_grid,scene_stress,0,84,0,0,85,835,7140,88.3053,0.0293,0.0029,0.1332
954,spatial_grid,scene_stress,0,84,0,0,85,835,7140,88.3053,0.0293,0.0029,0.1332
955,spatial_grid,scene_stress,0,84,0,0,85,835,7140,88.3053,0.0293,0.0029,0.1332
956,spatial_grid,scene_stress,0,84,0,0,85,835,7140,88.3053,0.0293,0.0029,0.1332
957,spatial_grid,scene_stress,0,84,0,0,85,835,7140,88.3053,0.0293,0.0029,0.1332
958,spatial_grid,scene_stress,0,84,0,0,85,835,7140,88.3053,0.0293,0.0029,0.1332
959,spatial_grid,scene_stress,0,84,0,0,85,835,7140,88.3053,0.0293,0.0029,0.1332
960,spatial_grid,scene_stress,0,84,0,0,85,835,7140,88.3053,0.0293,0.0029,0.1332
961,spatial_grid,scene_stress,0,84,0,0,85,835,7140,88.3053,0.0293,0.0029,0.1332
962,spatial_grid,scene_stress,0,84,0,0,85,835,7140,88.3053,0.0293,0.0029,0.1332
963,spatial_grid,scene_stress,0,84,0,0,85,835,7140,88.3053,0.0293,0.0029,0.1332
964,spatial_grid,scene_stress,0,84,0,0,85,835,7140,88.3053,0.0293,0.0029,0.1332
965,spatial_grid,scene_stress,0,84,0,0,85,835,7140,88.3053,0.0293,0.0029,0.1332
966,spatial_grid,scene_stress,0,84,0,0,85,835,7140,88.3053,0.0293,0.0029,0.1332
967,spatial_grid,scene_stress,0,84,0,0,85,835,7140,88.3053,0.0293,0.0029,0.1332
968,spatial_grid,scene_stress,0,84,0,0,85,835,7140,88.3053,0.0293,0.0029,0.1332
969,spatial_grid,scene_stress,0,84,0,0,85,835,7140,88.3053,0.0293,0.0029,0.1332
970,spatial_grid,scene_stress,0,84,0,0,85,835,7140,88.3053,0.0293,0.0029,0.1332
971,spatial_grid,scene_stress,0,84,0,0,85,835,7140,88.3053,0.0293,0.0029,0.1332
972,spatial_grid,scene_stress,0,84,0,0,85,835,7140,88.3053,0.0293,0.0029,0.1332
973,spatial_grid,scene_stress,0,84,0,0,85,835,7140,88.3053,0.0293,0.0029,0.1332
974,spatial_grid,scene_stress,0,84,0,0,85,835,7140,88.3053,0.0293,0.0029,0.1332
975,spatial_grid,scene_stress,0,84,0,0,85,835,7140,88.3053,0.0293,0.0029,0.1332
976,spatial_grid,scene_stress,0,84,0,0,85,835,7140,88.3053,0.0293,0.0029,0.1332
977,spatial_grid,scene_stress,0,84,0,0,85,835,7140,88.3053,0.0293,0.0029,0.1332
978,spatial_grid,scene_stress,0,84,0,0,85,835,7140,88.3053,0.0293,0.0029,0.1332
979,spatial_grid,scene_stress,0,84,0,0,85,835,7140,88.3053,0.0293,0.0029,0.1332
980,spatial_grid,scene_stress,0,84,0,0,85,835,7140,88.3053,0.0293,0.0029,0.1332
981,spatial_grid,scene_stress,0,84,0,0,85,835,7140,88.3053,0.0293,0.0029,0.1332
982,spatial_grid,scene_stress,0,84,0,0,85,835,7140,88.3053,0.0293,0.0029,0.1332
983,spatial_grid,scene_stress,0,84,0,0,85,835,7140,88.3053,0.0293,0.0029,0.1332
984,spatial_grid,scene_stress,0,84,0,0,85,835,7140,88.3053,0.0293,0.0029,0.1332
985,spatial_grid,scene_stress,0,84,0,0,85,835,7140,88.3053,0.0293,0.0029,0.1332
986,spatial_grid,scene_stress,0,84,0,0,85,835,7140,88.3053,0.0293,0.0029,0.1332
987,spatial_grid,scene_stress,0,84,0,0,85,835,7140,88.3053,0.0293,0.0029,0.1332
988,spatial_grid,scene_stress,0,84,0,0,85,835,7140,88.3053,0.0293,0.0029,0.1332
989,spatial_grid,scene_stress,0,84,0,0,85,835,7140,88.3053,0.0293,0.0029,0.1332
990,spatial_grid,scene_stress,0,84,0,0,85,835,7140,88.3053,0.0293,0.0029,0.1332
991,spatial_grid,scene_stress,0,84,0,0,85,835,7140,88.3053,0.0293,0.0029,0.1332
992,spatial_grid,scene_stress,0,84,0,0,85,835,7140,88.3053,0.0293,0.0029,0.1332
993,spatial_grid,scene_stress,0,84,0,0,85,835,7140,88.3053,0.0293,0.0029,0.1332
994,spatial_grid,scene_stress,0,84,0,0,85,835,7140,88.3053,0.0293,0.0029,0.1332
995,spatial_grid,scene_stress,0,84,0,0,85,835,7140,88.3053,0.0293,0.0029,0.1332
996,spatial_grid,scene_stress,0,84,0,0,85,835,7140,88.3053,0.0293,0.0029,0.1332
997,spatial_grid,scene_stress,0,84,0,0,85,835,7140,88.3053,0.0293,0.0029,0.1332
998,spatial_grid,scene_stress,0,84,0,0,85,835,7140,88.3053,0.0293,0.0029,0.1332
999,spatial_grid,scene_stress,0,84,0,0,85,835,7140,88.3053,0.0293,0.0029,0.1332
1000,spatial_grid,scene_stress,0,84,0,0,85,835,7140,88.3053,0.0293,0.0029,0.1332
1001,spatial_grid,scene_stress,0,84,0,0,85,835,7140,88.3053,0.0293,0.0029,0.1332
1002,spatial_grid,scene_stress,0,84,0,0,85,835,7140,88.3053,0.0293,0.0029,0.1332
1003,spatial_grid,scene_stress,0,84,0,0,85,835,7140,88.3053,0.0293,0.0029,0.1332
1004,spatial_grid,scene_stress,0,84,0,0,85,835,7140,88.3053,0.0293,0.0029,0.1332
1005,spatial_grid,scene_stress,0,84,0,0,85,835,7140,88.3053,0.0293,0.0029,0.1332
1006,spatial_grid,scene_stress,0,84,0,0,85,835,7140,88.3053,0.0293,0.0029,0.1332
1007,spatial_grid,scene_stress,0,84,0,0,85,835,7140,88.3053,0.0293,0.0029,0.1332
1008,spatial_grid,scene_stress,0,84,0,0,85,835,7140,88.3053,0.0293,0.0029,0.1332
1009,spatial_grid,scene_stress,0,84,0,0,85,835,7140,88.3053,0.0293,0.0029,0.1332
1010,spatial_grid,scene_stress,0,84,0,0,85,835,7140,88.3053,0.0293,0.0029,0.1332
1011,spatial_grid,scene_stress,0,84,0,0,85,835,7140,88.3053,0.0293,0.0029,0.1332
1012,spatial_grid,scene_stress,0,84,0,0,85,835,7140,88.3053,0.0293,0.0029,0.1332
1013,spatial_grid,scene_stress,0,84,0,0,85,835,7140,88.3053,0.0293,0.0029,0.1332
1014,spatial_grid,scene_stress,0,84,0,0,85,835,7140,88.3053,0.0293,0.0029,0.1332
1015,spatial_grid,scene_stress,0,84,0,0,85,835,7140,88.3053,0.0293,0.0029,0.1332
1016,spatial_grid,scene_stress,0,84,0,0,85,835,7140,88.3053,0.0293,0.0029,0.1332
1017,spatial_grid,scene_stress,0,84,0,0,85,835,7140,88.3053,0.0293,0.0029,0.1332
1018,spatial_grid,scene_stress,0,84,0,0,85,835,7140,88.3053,0.0293,0.0029,0.1332
1019,spatial_grid,scene_stress,0,84,0,0,85,835,7140,88.3053,0.0293,0.0029,0.1332
1020,spatial_grid,scene_stress,0,84,0,0,85,835,7140,88.3053,0.0293,0.0029,0.1332
1021,spatial_grid,scene_stress,0,84,0,0,85,835,7140,88.3053,0.0293,0.0029,0.1332
1022,spatial_grid,scene_stress,0,84,0,0,85,835,7140,88.3053,0.0293,0.0029,0.1332
1023,spatial_grid,scene_stress,0,84,0,0,85,835,7140,88.3053,0.0293,0.0029,0.1332
1024,spatial_grid,scene_stress,0,84,0,0,85,835,7140,88.3053,0.0293,0.0029,0.1332
1025,spatial_grid,scene_stress,0,84,0,0,85,835,7140,88.3053,0.0293,0.0029,0.1332
1026,spatial_grid,scene_stress,0,84,0,0,85,835,7140,88.3053,0.0293,0.0029,0.1332
1027,spatial_grid,scene_stress,0,84,0,0,85,835,7140,88.3053,0.0293,0.0029,0.1332
1028,spatial_grid,scene_stress,0,84,0,0,85,835,7140,88.3053,0.0293,0.0029,0.1332
1029,spatial_grid,scene_stress,0,84,0,0,85,835,7140,88.3053,0.0293,0.0029,0.1332
1030,spatial_grid,scene_stress,0,84,0,0,85,835,7140,88.3053,0.0293,0.0029,0.1332
1031,spatial_grid,scene_stress,0,84,0,0,85,835,7140,88.3053,0.0293,0.0029,0.1332
1032,spatial_grid,scene_stress,0,84,0,0,85,835,7140,88.3053,0.0293,0.0029,0.1332
1033,spatial_grid,scene_stress,0,84,0,0,85,835,7140,88.3053,0.0293,0.0029,0.1332
1034,spatial_grid,scene_stress,0,84,0,0,85,835,7140,88.3053,0.0293,0.0029,0.1332
1035,spatial_grid,scene_stress,0,84,0,0,85,835,7140,88.3053,0.0293,0.0029,0.1332
1036,spatial_grid,scene_stress,0,84,0,0,85,835,7140,88.3053,0.0293,0.0029,0.1332
1037,spatial_grid,scene_stress,0,84,0,0,85,835,7140,88.3053,0.0293,0.0029,0.1332
1038,spatial_grid,scene_stress,0,84,0,0,85,835,7140,88.3053,0.0293,0.0029,0.1332
1039,spatial_grid,scene_stress,0,84,0,0,85,835,7140,88.3053,0.0293,0.0029,0.1332
1040,spatial_grid,scene_stress,0,84,0,0,85,835,7140,88.3053,0.0293,0.0029,0.1332
1041,spatial_grid,scene_stress,0,84,0,0,85,835,7140,88.3053,0.0293,0.0029,0.1332
1042,spatial_grid,scene_stress,0,84,0,0,85,835,7140,88.3053,0.0293,0.0029,0.1332
1043,spatial_grid,scene_stress,0,84,0,0,85,835,7140,88.3053,0.0293,0.0029,0.1332
1044,spatial_grid,scene_stress,0,84,0,0,85,835,7140,88.3053,0.0293,0.0029,0.1332
1045,spatial_grid,scene_stress,0,84,0,0,85,835,7140,88.3053,0.0293,0.0029,0.1332
1046,spatial_grid,scene_stress,0,84,0,0,85,835,7140,88.3053,0.0293,0.0029,0.1332
1047,spatial_grid,scene_stress,0,84,0,0,85,835,7140,88.3053,0.0293,0.0029,0.1332
1048,spatial_grid,scene_stress,0,84,0,0,85,835,7140,88.3053,0.0293,0.0029,0.1332
1049,spatial_grid,scene_stress,0,84,0,0,85,835,7140,88.3053,0.0293,0.0029,0.1332
1050,spatial_grid,scene_stress,0,84,0,0,85,835,7140,88.3053,0.0293,0.0029,0.1332
1051,spatial_grid,scene_stress,0,84,0,0,85,835,7140,88.3053,0.0293,0.0029,0.1332
1052,spatial_grid,scene_stress,0,84,0,0,85,835,7140,88.3053,0.0293,0.0029,0.1332
1053,spatial_grid,scene_stress,0,84,0,0,85,835,7140,88.3053,0.0293,0.0029,0.1332
1054,spatial_grid,scene_stress,0,84,0,0,85,835,7140,88.3053,0.0293,0.0029,0.1332
1055,spatial_grid,scene_stress,0,84,0,0,85,835,7140,88.3053,0.0293,0.0029,0.1332
1056,spatial_grid,scene_stress,0,84,0,0,85,835,7140,88.3053,0.0293,0.0029,0.1332
1057,spatial_grid,scene_stress,0,84,0,0,85,835,7140,88.3053,0.0293,0.0029,0.1332
1058,spatial_grid,scene_stress,0,84,0,0,85,835,7140,88.3053,0.0293,0.0029,0.1332
1059,spatial_grid,scene_stress,0,84,0,0,85,835,7140,88.3053,0.0293,0.0029,0.1332
1060,spatial_grid,scene_stress,0,84,0,0,85,835,7140,88.3053,0.0293,0.0029,0.1332
1061,spatial_grid,scene_stress,0,84,0,0,85,835,7140,88.3053,0.0293,0.0029,0.1332
1062,spatial_grid,scene_stress,0,84,0,0,85,835,7140,88.3053,0.0293,0.0029,0.1332
1063,spatial_grid,scene_stress,0,84,0,0,85,835,7140,88.3053,0.0293,0.0029,0.1332
1064,spatial_grid,scene_stress,0,84,0,0,85,835,7140,88.3053,0.0293,0.0029,0.1332
1065,spatial_grid,scene_stress,0,84,0,0,85,835,7140,88.3053,0.0293,0.0029,0.1332
1066,spatial_grid,scene_stress,0,84,0,0,85,835,7140,88.3053,0.0293,0.0029,0.1332
1067,spatial_grid,scene_stress,0,84,0,0,85,835,7140,88.3053,0.0293,0.0029,0.1332
1068,spatial_grid,scene_stress,0,84,0,0,85,835,7140,88.3053,0.0293,0.0029,0.1332
1069,spatial_grid,scene_stress,0,84,0,0,85,835,7140,88.3053,0.0293,0.0029,0.1332
1070,spatial_grid,scene_stress,0,84,0,0,85,835,7140,88.3053,0.0293,0.0029,0.1332
1071,spatial_grid,scene_stress,0,84,0,0,85,835,7140,88.3053,0.0293,0.0029,0.1332
1072,spatial_grid,scene_stress,0,84,0,0,85,835,7140,88.3053,0.0293,0.0029,0.1332
1073,spatial_grid,scene_stress,0,84,0,0,85,835,7140,88.3053,0.0293,0.0029,0.1332
1074,spatial_grid,scene_stress,0,84,0,0,85,835,7140,88.3053,0.0293,0.0029,0.1332
1075,spatial_grid,scene_stress,0,84,0,0,85,835,7140,88.3053,0.0293,0.0029,0.1332
1076,spatial_grid,scene_stress,0,84,0,0,85,835,7140,88.3053,0.0293,0.0029,0.1332
1077,spatial_grid,scene_stress,0,84,0,0,85,835,7140,88.3053,0.0293,0.0029,0.1332
1078,spatial_grid,scene_stress,0,84,0,0,85,835,7140,88.3053,0.0293,0.0029,0.1332
1079,spatial_grid,scene_stress,0,84,0,0,85,835,7140,88.3053,0.0293,0.0029,0.1332
1080,spatial_grid,scene_stress,0,84,0,0,85,835,7140,88.3053,0.0293,0.0029,0.1332
1081,spatial_grid,scene_stress,0,84,0,0,85,835,7140,88.3053,0.0293,0.0029,0.1332
1082,spatial_grid,scene_stress,0,84,0,0,85,835,7140,88.3053,0.0293,0.0029,0.1332
1083,spatial_grid,scene_stress,0,84,0,0,85,835,7140,88.3053,0.0293,0.0029,0.1332
1084,spatial_grid,scene_stress,0,84,0,0,85,835,7140,88.3053,0.0293,0.0029,0.1332
1085,spatial_grid,scene_stress,0,84,0,0,85,835,7140,88.3053,0.0293,0.0029,0.1332
1086,spatial_grid,scene_stress,0,84,0,0,85,835,7140,88.3053,0.0293,0.0029,0.1332
1087,spatial_grid,scene_stress,0,84,0,0,85,835,7140,88.3053,0.0293,0.0029,0.1332
1088,spatial_grid,scene_stress,0,84,0,0,85,835,7140,88.3053,0.0293,0.0029,0.1332
1089,spatial_grid,scene_stress,0,84,0,0,85,835,7140,88.3053,0.0293,0.0029,0.1332
1090,spatial_grid,scene_stress,0,84,0,0,85,835,7140,88.3053,0.0293,0.0029,0.1332
1091,spatial_grid,scene_stress,0,84,0,0,85,835,7140,88.3053,0.0293,0.0029,0.1332
1092,spatial_grid,scene_stress,0,84,0,0,85,835,7140,88.3053,0.0293,0.0029,0.1332
1093,spatial_grid,scene_stress,0,84,0,0,85,835,7140,88.3053,0.0293,0.0029,0.1332
1094,spatial_grid,scene_stress,0,84,0,0,85,835,7140,88.3053,0.0293,0.0029,0.1332
1095,spatial_grid,scene_stress,0,84,0,0,85,835,7140,88.3053,0.0293,0.0029,0.1332
1096,spatial_grid,scene_stress,0,84,0,0,85,835,7140,88.3053,0.0293,0.0029,0.1332
1097,spatial_grid,scene_stress,0,84,0,0,85,835,7140,88.3053,0.0293,0.0029,0.1332
1098,spatial_grid,scene_stress,0,84,0,0,85,835,7140,88.3053,0.0293,0.0029,0.1332
1099,spatial_grid,scene_stress,0,84,0,0,85,835,7140,88.3053,0.0293,0.0029,0.1332
1100,spatial_grid,scene_stress,0,84,0,0,85,835,7140,88.3053,0.0293,0.0029,0.1332
1101,spatial_grid,scene_stress,0,84,0,0,85,835,7140,88.3053,0.0293,0.0029,0.1332
1102,spatial_grid,scene_stress,0,84,0,0,85,835,7140,88.3053,0.0293,0.0029,0.1332
1103,spatial_grid,scene_stress,0,84,0,0,85,835,7140,88.3053,0.0293,0.0029,0.1332
1104,spatial_grid,scene_stress,0,84,0,0,85,835,7140,88.3053,0.0293,0.0029,0.1332
1105,spatial_grid,scene_stress,0,84,0,0,85,835,7140,88.3053,0.0293,0.0029,0.1332
1106,spatial_grid,scene_stress,0,84,0,0,85,835,7140,88.3053,0.0293,0.0029,0.1332
1107,spatial_grid,scene_stress,0,84,0,0,85,835,7140,88.3053,0.0293,0.0029,0.1332
1108,spatial_grid,scene_stress,0,84,0,0,85,835,7140,88.3053,0.0293,0.0029,0.1332
1109,spatial_grid,scene_stress,0,84,0,0,85,835,7140,88.3053,0.0293,0.0029,0.1332
1110,spatial_grid,scene_stress,0,84,0,0,85,835,7140,88.3053,0.0293,0.0029,0.1332
1111,spatial_grid,scene_stress,0,84,0,0,85,835,7140,88.3053,0.0293,0.0029,0.1332
1112,spatial_grid,scene_stress,0,84,0,0,85,835,7140,88.3053,0.0293,0.0029,0.1332
1113,spatial_grid,scene_stress,0,84,0,0,85,835,7140,88.3053,0.0293,0.0029,0.1332
1114,spatial_grid,scene_stress,0,84,0,0,85,835,7140,88.3053,0.0293,0.0029,0.1332
1115,spatial_grid,scene_stress,0,84,0,0,85,835,7140,88.3053,0.0293,0.0029,0.1332
1116,spatial_grid,scene_stress,0,84,0,0,85,835,7140,88.3053,0.0293,0.0029,0.1332
1117,spatial_grid,scene_stress,0,84,0,0,85,835,7140,88.3053,0.0293,0.0029,0.1332
1118,spatial_grid,scene_stress,0,84,0,0,85,835,7140,88.3053,0.0293,0.0029,0.1332
1119,spatial_grid,scene_stress,0,84,0,0,85,835,7140,88.3053,0.0293,0.0029,0.1332
1120,spatial_grid,scene_stress,0,84,0,0,85,835,7140,88.3053,0.0293,0.0029,0.1332
1121,spatial_grid,scene_stress,0,84,0,0,85,835,7140,88.3053,0.0293,0.0029,0.1332
1122,spatial_grid,scene_stress,0,84,0,0,85,835,7140,88.3053,0.0293,0.0029,0.1332
1123,spatial_grid,scene_stress,0,84,0,0,85,835,7140,88.3053,0.0293,0.0029,0.1332
1124,spatial_grid,scene_stress,0,84,0,0,85,835,7140,88.3053,0.0293,0.0029,0.1332
1125,spatial_grid,scene_stress,0,84,0,0,85,835,7140,88.3053,0.0293,0.0029,0.1332
1126,spatial_grid,scene_stress,0,84,0,0,85,835,7140,88.3053,0.0293,0.0029,0.1332
1127,spatial_grid,scene_stress,0,84,0,0,85,835,7140,88.3053,0.0293,0.0029,0.1332
1128,spatial_grid,scene_stress,0,84,0,0,85,835,7140,88.3053,0.0293,0.0029,0.1332
1129,spatial_grid,scene_stress,0,84,0,0,85,835,7140,88.3053,0.0293,0.0029,0.1332
1130,spatial_grid,scene_stress,0,84,0,0,85,835,7140,88.3053,0.0293,0.0029,0.1332
1131,spatial_grid,scene_stress,0,84,0,0,85,835,7140,88.3053,0.0293,0.0029,0.1332
1132,spatial_grid,scene_stress,0,84,0,0,85,835,7140,88.3053,0.0293,0.0029,0.1332
1133,spatial_grid,scene_stress,0,84,0,0,85,835,7140,88.3053,0.0293,0.0029,0.1332
1134,spatial_grid,scene_stress,0,84,0,0,85,835,7140,88.3053,0.0293,0.0029,0.1332
1135,spatial_grid,scene_stress,0,84,0,0,85,835,7140,88.3053,0.0293,0.0029,0.1332
1136,spatial_grid,scene_stress,0,84,0,0,85,835,7140,88.3053,0.0293,0.0029,0.1332
1137,spatial_grid,scene_stress,0,84,0,0,85,835,7140,88.3053,0.0293,0.0029,0.1332
1138,spatial_grid,scene_stress,0,84,0,0,85,835,7140,88.3053,0.0293,0.0029,0.1332
1139,spatial_grid,scene_stress,0,84,0,0,85,835,7140,88.3053,0.0293,0.0029,0.1332
1140,spatial_grid,scene_stress,0,84,0,0,85,835,7140,88.3053,0.0293,0.0029,0.1332
1141,spatial_grid,scene_stress,0,84,0,0,85,835,7140,88.3053,0.0293,0.0029,0.1332
1142,spatial_grid,scene_stress,0,84,0,0,85,835,7140,88.3053,0.0293,0.0029,0.1332
1143,spatial_grid,scene_stress,0,84,0,0,85,835,7140,88.3053,0.0293,0.0029,0.1332
1144,spatial_grid,scene_stress,0,84,0,0,85,835,7140,88.3053,0.0293,0.0029,0.1332
1145,spatial_grid,scene_stress,0,84,0,0,85,835,7140,88.3053,0.0293,0.0029,0.1332
1146,spatial_grid,scene_stress,0,84,0,0,85,835,7140,88.3053,0.0293,0.0029,0.1332
1147,spatial_grid,scene_stress,0,84,0,0,85,835,7140,88.3053,0.0293,0.0029,0.1332
1148,spatial_grid,scene_stress,0,84,0,0,85,835,7140,88.3053,0.0293,0.0029,0.1332
1149,spatial_grid,scene_stress,0,84,0,0,85,835,7140,88.3053,0.0293,0.0029,0.1332
1150,spatial_grid,scene_stress,0,84,0,0,85,835,7140,88.3053,0.0293,0.0029,0.1332
1151,spatial_grid,scene_stress,0,84,0,0,85,835,7140,88.3053,0.0293,0.0029,0.1332
1152,spatial_grid,scene_stress,0,84,0,0,85,835,7140,88.3053,0.0293,0.0029,0.1332
1153,spatial_grid,scene_stress,0,84,0,0,85,835,7140,88.3053,0.0293,0.0029,0.1332
1154,spatial_grid,scene_stress,0,84,0,0,85,835,7140,88.3053,0.0293,0.0029,0.1332
1155,spatial_grid,scene_stress,0,84,0,0,85,835,7140,88.3053,0.0293,0.0029,0.1332
1156,spatial_grid,scene_stress,0,84,0,0,85,835,7140,88.3053,0.0293,0.0029,0.1332
1157,spatial_grid,scene_stress,0,84,0,0,85,835,7140,88.3053,0.0293,0.0029,0.1332
1158,spatial_grid,scene_stress,0,84,0,0,85,835,7140,88.3053,0.0293,0.0029,0.1332
1159,spatial_grid,scene_stress,0,84,0,0,85,835,7140,88.3053,0.0293,0.0029,0.1332
1160,spatial_grid,scene_stress,0,84,0,0,85,835,7140,88.3053,0.0293,0.0029,0.1332
1161,spatial_grid,scene_stress,0,84,0,0,85,835,7140,88.3053,0.0293,0.0029,0.1332
1162,spatial_grid,scene_stress,0,84,0,0,85,835,7140,88.3053,0.0293,0.0029,0.1332
1163,spatial_grid,scene_stress,0,84,0,0,85,835,7140,88.3053,0.0293,0.0029,0.1332
1164,spatial_grid,scene_stress,0,84,0,0,85,835,7140,88.3053,0.0293,0.0029,0.1332
1165,spatial_grid,scene_stress,0,84,0,0,85,835,7140,88.3053,0.0293,0.0029,0.1332
1166,spatial_grid,scene_stress,0,84,0,0,85,835,7140,88.3053,0.0293,0.0029,0.1332
1167,spatial_grid,scene_stress,0,84,0,0,85,835,7140,88.3053,0.0293,0.0029,0.1332
1168,spatial_grid,scene_stress,0,84,0,0,85,835,7140,88.3053,0.0293,0.0029,0.1332
1169,spatial_grid,scene_stress,0,84,0,0,85,835,7140,88.3053,0.0293,0.0029,0.1332
1170,spatial_grid,scene_stress,0,84,0,0,85,835,7140,88.3053,0.0293,0.0029,0.1332
1171,spatial_grid,scene_stress,0,84,0,0,85,835,7140,88.3053,0.0293,0.0029,0.1332
1172,spatial_grid,scene_stress,0,84,0,0,85,835,7140,88.3053,0.0293,0.0029,0.1332
1173,spatial_grid,scene_stress,0,84,0,0,85,835,7140,88.3053,0.0293,0.0029,0.1332
1174,spatial_grid,scene_stress,0,84,0,0,85,835,7140,88.3053,0.0293,0.0029,0.1332
1175,spatial_grid,scene_stress,0,84,0,0,85,835,7140,88.3053,0.0293,0.0029,0.1332
1176,spatial_grid,scene_stress,0,84,0,0,85,835,7140,88.3053,0.0293,0.0029,0.1332
1177,spatial_grid,scene_stress,0,84,0,0,85,835,7140,88.3053,0.0293,0.0029,0.1332
1178,spatial_grid,scene_stress,0,84,0,0,85,835,7140,88.3053,0.0293,0.0029,0.1332
1179,spatial_grid,scene_stress,0,84,0,0,85,835,7140,88.3053,0.0293,0.0029,0.1332
1180,spatial_grid,scene_stress,0,84,0,0,85,835,7140,88.3053,0.0293,0.0029,0.1332
1181,spatial_grid,scene_stress,0,84,0,0,85,835,7140,88.3053,0.0293,0.0029,0.1332
1182,spatial_grid,scene_stress,0,84,0,0,85,835,7140,88.3053,0.0293,0.0029,0.1332
1183,spatial_grid,scene_stress,0,84,0,0,85,835,7140,88.3053,0.0293,0.0029,0.1332
1184,spatial_grid,scene_stress,0,84,0,0,85,835,7140,88.3053,0.0293,0.0029,0.1332
1185,spatial_grid,scene_stress,0,84,0,0,85,835,7140,88.3053,0.0293,0.0029,0.1332
1186,spatial_grid,scene_stress,0,84,0,0,85,835,7140,88.3053,0.0293,0.0029,0.1332
1187,spatial_grid,scene_stress,0,84,0,0,85,835,7140,88.3053,0.0293,0.0029,0.1332
1188,spatial_grid,scene_stress,0,84,0,0,85,835,7140,88.3053,0.0293,0.0029,0.1332
1189,spatial_grid,scene_stress,0,84,0,0,85,835,7140,88.3053,0.0293,0.0029,0.1332
1190,spatial_grid,scene_stress,0,84,0,0,85,835,7140,88.3053,0.0293,0.0029,0.1332
1191,spatial_grid,scene_stress,0,84,0,0,85,835,7140,88.3053,0.0293,0.0029,0.1332
1192,spatial_grid,scene_stress,0,84,0,0,85,835,7140,88.3053,0.0293,0.0029,0.1332
1193,spatial_grid,scene_stress,0,84,0,0,85,835,7140,88.3053,0.0293,0.0029,0.1332
1194,spatial_grid,scene_stress,0,84,0,0,85,835,7140,88.3053,0.0293,0.0029,0.1332
1195,spatial_grid,scene_stress,0,84,0,0,85,835,7140,88.3053,0.0293,0.0029,0.1332
1196,spatial_grid,scene_stress,0,84,0,0,85,835,7140,88.3053,0.0293,0.0029,0.1332
1197,spatial_grid,scene_stress,0,84,0,0,85,835,7140,88.3053,0.0293,0.0029,0.1332
1198,spatial_grid,scene_stress,0,84,0,0,85,835,7140,88.3053,0.0293,0.0029,0.1332
1199,spatial_grid,scene_stress,0,84,0,0,85,835,7140,88.3053,0.0293,0.0029,0.1332
1200,spatial_grid,scene_stress,0,84,0,0,85,835,7140,88.3053,0.0293,0.0029,0.1332
1,brute_force,scene_stress,0,84,0,0,0,0,0,0,0,0,0
2,brute_force,scene_stress,0,84,0,0,0,0,0,0,0,0,0
3,brute_force,scene_stress,0,84,0,0,0,0,0,0,0,0,0
4,brute_force,scene_stress,0,84,0,0,0,0,0,0,0,0,0
5,brute_force,scene_stress,0,84,0,0,0,0,0,0,0,0,0
6,brute_force,scene_stress,0,84,0,0,0,0,0,0,0,0,0
7,brute_force,scene_stress,0,84,0,0,0,0,0,0,0,0,0
8,brute_force,scene_stress,0,84,0,0,0,0,0,0,0,0,0
9,brute_force,scene_stress,0,84,0,0,0,0,0,0,0,0,0
10,brute_force,scene_stress,0,84,0,0,0,0,0,0,0,0,0
11,brute_force,scene_stress,0,84,0,0,0,0,0,0,0,0,0
12,brute_force,scene_stress,0,84,0,0,0,0,0,0,0,0,0
13,brute_force,scene_stress,0,84,0,0,0,0,0,0,0,0,0
14,brute_force,scene_stress,0,84,0,0,0,0,0,0,0,0,0
15,brute_force,scene_stress,0,84,0,0,0,0,0,0,0,0,0
16,brute_force,scene_stress,0,84,0,0,0,0,0,0,0,0,0
17,brute_force,scene_stress,0,84,0,0,0,0,0,0,0,0,0
18,brute_force,scene_stress,0,84,0,0,0,0,0,0,0,0,0
19,brute_force,scene_stress,0,84,0,0,0,0,0,0,0,0,0
20,brute_force,scene_stress,0,84,0,0,0,0,0,0,0,0,0
21,brute_force,scene_stress,0,84,0,0,0,0,0,0,0,0,0
22,brute_force,scene_stress,0,84,0,0,0,0,0,0,0,0,0
23,brute_force,scene_stress,0,84,0,0,0,0,0,0,0,0,0
24,brute_force,scene_stress,0,84,0,0,0,0,0,0,0,0,0
25,brute_force,scene_stress,0,84,0,0,0,0,0,0,0,0,0
26,brute_force,scene_stress,0,84,0,0,0,0,0,0,0,0,0
27,brute_force,scene_stress,0,84,0,0,0,0,0,0,0,0,0
28,brute_force,scene_stress,0,84,0,0,0,0,0,0,0,0,0
29,brute_force,scene_stress,0,84,0,0,0,0,0,0,0,0,0
30,brute_force,scene_stress,0,84,0,0,0,0,0,0,0,0,0
31,brute_force,scene_stress,0,84,0,0,0,0,0,0,0,0,0
32,brute_force,scene_stress,0,84,0,0,0,0,0,0,0,0,0
33,brute_force,scene_stress,0,84,0,0,0,0,0,0,0,0,0
34,brute_force,scene_stress,0,84,0,0,0,0,0,0,0,0,0
35,brute_force,scene_stress,0,84,0,0,0,0,0,0,0,0,0
36,brute_force,scene_stress,0,84,0,0,0,0,0,0,0,0,0
37,brute_force,scene_stress,0,84,0,0,0,0,0,0,0,0,0
38,brute_force,scene_stress,0,84,0,0,0,0,0,0,0,0,0
39,brute_force,scene_stress,0,84,0,0,0,0,0,0,0,0,0
40,brute_force,scene_stress,0,84,0,0,0,0,0,0,0,0,0
41,brute_force,scene_stress,0,84,0,0,0,0,0,0,0,0,0
42,brute_force,scene_stress,0,84,0,0,0,0,0,0,0,0,0
43,brute_force,scene_stress,0,84,0,0,0,0,0,0,0,0,0
44,brute_force,scene_stress,0,84,0,0,0,0,0,0,0,0,0
45,brute_force,scene_stress,0,84,0,0,0,0,0,0,0,0,0
46,brute_force,scene_stress,0,84,0,0,0,0,0,0,0,0,0
47,brute_force,scene_stress,0,84,0,0,0,0,0,0,0,0,0
48,brute_force,scene_stress,0,84,0,0,0,0,0,0,0,0,0
49,brute_force,scene_stress,0,84,0,0,0,0,0,0,0,0,0
50,brute_force,scene_stress,0,84,0,0,0,0,0,0,0,0,0
51,brute_force,scene_stress,0,84,0,0,0,0,0,0,0,0,0
52,brute_force,scene_stress,0,84,0,0,0,0,0,0,0,0,0
53,brute_force,scene_stress,0,84,0,0,0,0,0,0,0,0,0
54,brute_force,scene_stress,0,84,0,0,0,0,0,0,0,0,0
55,brute_force,scene_stress,0,84,0,0,0,0,0,0,0,0,0
56,brute_force,scene_stress,0,84,0,0,0,0,0,0,0,0,0
57,brute_force,scene_stress,0,84,0,0,0,0,0,0,0,0,0
58,brute_force,scene_stress,0,84,0,0,0,0,0,0,0,0,0
59,brute_force,scene_stress,0,84,0,0,0,0,0,0,0,0,0
60,brute_force,scene_stress,0,84,0,0,0,0,0,0,0,0,0
61,brute_force,scene_stress,0,84,0,0,0,0,0,0,0,0,0
62,brute_force,scene_stress,0,84,0,0,0,0,0,0,0,0,0
63,brute_force,scene_stress,0,84,0,0,0,0,0,0,0,0,0
64,brute_force,scene_stress,0,84,0,0,0,0,0,0,0,0,0
65,brute_force,scene_stress,0,84,0,0,0,0,0,0,0,0,0
66,brute_force,scene_stress,0,84,0,0,0,0,0,0,0,0,0
67,brute_force,scene_stress,0,84,0,0,0,0,0,0,0,0,0
68,brute_force,scene_stress,0,84,0,0,0,0,0,0,0,0,0
69,brute_force,scene_stress,0,84,0,0,0,0,0,0,0,0,0
70,brute_force,scene_stress,0,84,0,0,0,0,0,0,0,0,0
71,brute_force,scene_stress,0,84,0,0,0,0,0,0,0,0,0
72,brute_force,scene_stress,0,84,0,0,0,0,0,0,0,0,0
73,brute_force,scene_stress,0,84,0,0,0,0,0,0,0,0,0
74,brute_force,scene_stress,0,84,0,0,0,0,0,0,0,0,0
75,brute_force,scene_stress,0,84,0,0,0,0,0,0,0,0,0
76,brute_force,scene_stress,0,84,0,0,0,0,0,0,0,0,0
77,brute_force,scene_stress,0,84,0,0,0,0,0,0,0,0,0
78,brute_force,scene_stress,0,84,0,0,0,0,0,0,0,0,0
79,brute_force,scene_stress,0,84,0,0,0,0,0,0,0,0,0
80,brute_force,scene_stress,0,84,0,0,0,0,0,0,0,0,0
81,brute_force,scene_stress,0,84,0,0,0,0,0,0,0,0,0
82,brute_force,scene_stress,0,84,0,0,0,0,0,0,0,0,0
83,brute_force,scene_stress,0,84,0,0,0,0,0,0,0,0,0
84,brute_force,scene_stress,0,84,0,0,0,0,0,0,0,0,0
85,brute_force,scene_stress,0,84,0,0,0,0,0,0,0,0,0
86,brute_force,scene_stress,0,84,0,0,0,0,0,0,0,0,0
87,brute_force,scene_stress,0,84,0,0,0,0,0,0,0,0,0
88,brute_force,scene_stress,0,84,0,0,0,0,0,0,0,0,0
89,brute_force,scene_stress,0,84,0,0,0,0,0,0,0,0,0
90,brute_force,scene_stress,0,84,0,0,0,0,0,0,0,0,0
91,brute_force,scene_stress,0,84,0,0,0,0,0,0,0,0,0
92,brute_force,scene_stress,0,84,0,0,0,0,0,0,0,0,0
93,brute_force,scene_stress,0,84,0,0,0,0,0,0,0,0,0
94,brute_force,scene_stress,0,84,0,0,0,0,0,0,0,0,0
95,brute_force,scene_stress,0,84,0,0,0,0,0,0,0,0,0
96,brute_force,scene_stress,0,84,0,0,0,0,0,0,0,0,0
97,brute_force,scene_stress,0,84,0,0,0,0,0,0,0,0,0
98,brute_force,scene_stress,0,84,0,0,0,0,0,0,0,0,0
99,brute_force,scene_stress,0,84,0,0,0,0,0,0,0,0,0
100,brute_force,scene_stress,0,84,0,0,0,0,0,0,0,0,0
101,brute_force,scene_stress,0,84,0,0,0,0,0,0,0,0,0
102,brute_force,scene_stress,0,84,0,0,0,0,0,0,0,0,0
103,brute_force,scene_stress,0,84,0,0,0,0,0,0,0,0,0
104,brute_force,scene_stress,0,84,0,0,0,0,0,0,0,0,0
105,brute_force,scene_stress,0,84,0,0,0,0,0,0,0,0,0
106,brute_force,scene_stress,0,84,0,0,0,0,0,0,0,0,0
107,brute_force,scene_stress,0,84,0,0,0,0,0,0,0,0,0
108,brute_force,scene_stress,0,84,0,0,0,0,0,0,0,0,0
109,brute_force,scene_stress,0,84,0,0,0,0,0,0,0,0,0
110,brute_force,scene_stress,0,84,0,0,0,0,0,0,0,0,0
111,brute_force,scene_stress,0,84,0,0,0,0,0,0,0,0,0
112,brute_force,scene_stress,0,84,0,0,0,0,0,0,0,0,0
113,brute_force,scene_stress,0,84,0,0,0,0,0,0,0,0,0
114,brute_force,scene_stress,0,84,0,0,0,0,0,0,0,0,0
115,brute_force,scene_stress,0,84,0,0,0,0,0,0,0,0,0
116,brute_force,scene_stress,0,84,0,0,0,0,0,0,0,0,0
117,brute_force,scene_stress,0,84,0,0,0,0,0,0,0,0,0
118,brute_force,scene_stress,0,84,0,0,0,0,0,0,0,0,0
119,brute_force,scene_stress,0,84,0,0,0,0,0,0,0,0,0
120,brute_force,scene_stress,0,84,0,0,0,0,0,0,0,0,0
121,brute_force,scene_stress,0,84,0,0,0,0,0,0,0,0,0
122,brute_force,scene_stress,0,84,0,0,0,0,0,0,0,0,0
123,brute_force,scene_stress,0,84,0,0,0,0,0,0,0,0,0
124,brute_force,scene_stress,0,84,0,0,0,0,0,0,0,0,0
125,brute_force,scene_stress,0,84,0,0,0,0,0,0,0,0,0
126,brute_force,scene_stress,0,84,0,0,0,0,0,0,0,0,0
127,brute_force,scene_stress,0,84,0,0,0,0,0,0,0,0,0
128,brute_force,scene_stress,0,84,0,0,0,0,0,0,0,0,0
129,brute_force,scene_stress,0,84,0,0,0,0,0,0,0,0,0
130,brute_force,scene_stress,0,84,0,0,0,0,0,0,0,0,0
131,brute_force,scene_stress,0,84,0,0,0,0,0,0,0,0,0
132,brute_force,scene_stress,0,84,0,0,0,0,0,0,0,0,0
133,brute_force,scene_stress,0,84,0,0,0,0,0,0,0,0,0
134,brute_force,scene_stress,0,84,0,0,0,0,0,0,0,0,0
135,brute_force,scene_stress,0,84,0,0,0,0,0,0,0,0,0
136,brute_force,scene_stress,0,84,0,0,0,0,0,0,0,0,0
137,brute_force,scene_stress,0,84,0,0,0,0,0,0,0,0,0
138,brute_force,scene_stress,0,84,0,0,0,0,0,0,0,0,0
139,brute_force,scene_stress,0,84,0,0,0,0,0,0,0,0,0
140,brute_force,scene_stress,0,84,0,0,0,0,0,0,0,0,0
141,brute_force,scene_stress,0,84,0,0,0,0,0,0,0,0,0
142,brute_force,scene_stress,0,84,0,0,0,0,0,0,0,0,0
143,brute_force,scene_stress,0,84,0,0,0,0,0,0,0,0,0
144,brute_force,scene_stress,0,84,0,0,0,0,0,0,0,0,0
145,brute_force,scene_stress,0,84,0,0,0,0,0,0,0,0,0
146,brute_force,scene_stress,0,84,0,0,0,0,0,0,0,0,0
147,brute_force,scene_stress,0,84,0,0,0,0,0,0,0,0,0
148,brute_force,scene_stress,0,84,0,0,0,0,0,0,0,0,0
149,brute_force,scene_stress,0,84,0,0,0,0,0,0,0,0,0
150,brute_force,scene_stress,0,84,0,0,0,0,0,0,0,0,0
151,brute_force,scene_stress,0,84,0,0,0,0,0,0,0,0,0
152,brute_force,scene_stress,0,84,0,0,0,0,0,0,0,0,0
153,brute_force,scene_stress,0,84,0,0,0,0,0,0,0,0,0
154,brute_force,scene_stress,0,84,0,0,0,0,0,0,0,0,0
155,brute_force,scene_stress,0,84,0,0,0,0,0,0,0,0,0
156,brute_force,scene_stress,0,84,0,0,0,0,0,0,0,0,0
157,brute_force,scene_stress,0,84,0,0,0,0,0,0,0,0,0
158,brute_force,scene_stress,0,84,0,0,0,0,0,0,0,0,0
159,brute_force,scene_stress,0,84,0,0,0,0,0,0,0,0,0
160,brute_force,scene_stress,0,84,0,0,0,0,0,0,0,0,0
161,brute_force,scene_stress,0,84,0,0,0,0,0,0,0,0,0
162,brute_force,scene_stress,0,84,0,0,0,0,0,0,0,0,0
163,brute_force,scene_stress,0,84,0,0,0,0,0,0,0,0,0
164,brute_force,scene_stress,0,84,0,0,0,0,0,0,0,0,0
165,brute_force,scene_stress,0,84,0,0,0,0,0,0,0,0,0
166,brute_force,scene_stress,0,84,0,0,0,0,0,0,0,0,0
167,brute_force,scene_stress,0,84,0,0,0,0,0,0,0,0,0
168,brute_force,scene_stress,0,84,0,0,0,0,0,0,0,0,0
169,brute_force,scene_stress,0,84,0,0,0,0,0,0,0,0,0
170,brute_force,scene_stress,0,84,0,0,0,0,0,0,0,0,0
171,brute_force,scene_stress,0,84,0,0,0,0,0,0,0,0,0
172,brute_force,scene_stress,0,84,0,0,0,0,0,0,0,0,0
173,brute_force,scene_stress,0,84,0,0,0,0,0,0,0,0,0
174,brute_force,scene_stress,0,84,0,0,0,0,0,0,0,0,0
175,brute_force,scene_stress,0,84,0,0,0,0,0,0,0,0,0
176,brute_force,scene_stress,0,84,0,0,0,0,0,0,0,0,0
177,brute_force,scene_stress,0,84,0,0,0,0,0,0,0,0,0
178,brute_force,scene_stress,0,84,0,0,0,0,0,0,0,0,0
179,brute_force,scene_stress,0,84,0,0,0,0,0,0,0,0,0
180,brute_force,scene_stress,0,84,0,0,0,0,0,0,0,0,0
181,brute_force,scene_stress,0,84,0,0,0,0,0,0,0,0,0
182,brute_force,scene_stress,0,84,0,0,0,0,0,0,0,0,0
183,brute_force,scene_stress,0,84,0,0,0,0,0,0,0,0,0
184,brute_force,scene_stress,0,84,0,0,0,0,0,0,0,0,0
185,brute_force,scene_stress,0,84,0,0,0,0,0,0,0,0,0
186,brute_force,scene_stress,0,84,0,0,0,0,0,0,0,0,0
187,brute_force,scene_stress,0,84,0,0,0,0,0,0,0,0,0
188,brute_force,scene_stress,0,84,0,0,0,0,0,0,0,0,0
189,brute_force,scene_stress,0,84,0,0,0,0,0,0,0,0,0
190,brute_force,scene_stress,0,84,0,0,0,0,0,0,0,0,0
191,brute_force,scene_stress,0,84,0,0,0,0,0,0,0,0,0
192,brute_force,scene_stress,0,84,0,0,0,0,0,0,0,0,0
193,brute_force,scene_stress,0,84,0,0,0,0,0,0,0,0,0
194,brute_force,scene_stress,0,84,0,0,0,0,0,0,0,0,0
195,brute_force,scene_stress,0,84,0,0,0,0,0,0,0,0,0
196,brute_force,scene_stress,0,84,0,0,0,0,0,0,0,0,0
197,brute_force,scene_stress,0,84,0,0,0,0,0,0,0,0,0
198,brute_force,scene_stress,0,84,0,0,0,0,0,0,0,0,0
199,brute_force,scene_stress,0,84,0,0,0,0,0,0,0,0,0
200,brute_force,scene_stress,0,84,0,0,0,0,0,0,0,0,0
201,brute_force,scene_stress,0,84,0,0,0,0,0,0,0,0,0
202,brute_force,scene_stress,0,84,0,0,0,0,0,0,0,0,0
203,brute_force,scene_stress,0,84,0,0,0,0,0,0,0,0,0
204,brute_force,scene_stress,0,84,0,0,0,0,0,0,0,0,0
205,brute_force,scene_stress,0,84,0,0,0,0,0,0,0,0,0
206,brute_force,scene_stress,0,84,0,0,0,0,0,0,0,0,0
207,brute_force,scene_stress,0,84,0,0,0,0,0,0,0,0,0
208,brute_force,scene_stress,0,84,0,0,0,0,0,0,0,0,0
209,brute_force,scene_stress,0,84,0,0,0,0,0,0,0,0,0
210,brute_force,scene_stress,0,84,0,0,0,0,0,0,0,0,0
211,brute_force,scene_stress,0,84,0,0,0,0,0,0,0,0,0
212,brute_force,scene_stress,0,84,0,0,0,0,0,0,0,0,0
213,brute_force,scene_stress,0,84,0,0,0,0,0,0,0,0,0
214,brute_force,scene_stress,0,84,0,0,0,0,0,0,0,0,0
215,brute_force,scene_stress,0,84,0,0,0,0,0,0,0,0,0
216,brute_force,scene_stress,0,84,0,0,0,0,0,0,0,0,0
217,brute_force,scene_stress,0,84,0,0,0,0,0,0,0,0,0
218,brute_force,scene_stress,0,84,0,0,0,0,0,0,0,0,0
219,brute_force,scene_stress,0,84,0,0,0,0,0,0,0,0,0
220,brute_force,scene_stress,0,84,0,0,0,0,0,0,0,0,0
221,brute_force,scene_stress,0,84,0,0,0,0,0,0,0,0,0
222,brute_force,scene_stress,0,84,0,0,0,0,0,0,0,0,0
223,brute_force,scene_stress,0,84,0,0,0,0,0,0,0,0,0
224,brute_force,scene_stress,0,84,0,0,0,0,0,0,0,0,0
225,brute_force,scene_stress,0,84,0,0,0,0,0,0,0,0,0
226,brute_force,scene_stress,0,84,0,0,0,0,0,0,0,0,0
227,brute_force,scene_stress,0,84,0,0,0,0,0,0,0,0,0
228,brute_force,scene_stress,0,84,0,0,0,0,0,0,0,0,0
229,brute_force,scene_stress,0,84,0,0,0,0,0,0,0,0,0
230,brute_force,scene_stress,0,84,0,0,0,0,0,0,0,0,0
231,brute_force,scene_stress,0,84,0,0,0,0,0,0,0,0,0
232,brute_force,scene_stress,0,84,0,0,0,0,0,0,0,0,0
233,brute_force,scene_stress,0,84,0,0,0,0,0,0,0,0,0
234,brute_force,scene_stress,0,84,0,0,0,0,0,0,0,0,0
235,brute_force,scene_stress,0,84,0,0,0,0,0,0,0,0,0
236,brute_force,scene_stress,0,84,0,0,0,0,0,0,0,0,0
237,brute_force,scene_stress,0,84,0,0,0,0,0,0,0,0,0
238,brute_force,scene_stress,0,84,0,0,0,0,0,0,0,0,0
239,brute_force,scene_stress,0,84,0,0,0,0,0,0,0,0,0
240,brute_force,scene_stress,0,84,0,0,0,0,0,0,0,0,0
241,brute_force,scene_stress,0,84,0,0,0,0,0,0,0,0,0
242,brute_force,scene_stress,0,84,0,0,0,0,0,0,0,0,0
243,brute_force,scene_stress,0,84,0,0,0,0,0,0,0,0,0
244,brute_force,scene_stress,0,84,0,0,0,0,0,0,0,0,0
245,brute_force,scene_stress,0,84,0,0,0,0,0,0,0,0,0
246,brute_force,scene_stress,0,84,0,0,0,0,0,0,0,0,0
247,brute_force,scene_stress,0,84,0,0,0,0,0,0,0,0,0
248,brute_force,scene_stress,0,84,0,0,0,0,0,0,0,0,0
249,brute_force,scene_stress,0,84,0,0,0,0,0,0,0,0,0
250,brute_force,scene_stress,0,84,0,0,0,0,0,0,0,0,0
251,brute_force,scene_stress,0,84,0,0,0,0,0,0,0,0,0
252,brute_force,scene_stress,0,84,0,0,0,0,0,0,0,0,0
253,brute_force,scene_stress,0,84,0,0,0,0,0,0,0,0,0
254,brute_force,scene_stress,0,84,0,0,0,0,0,0,0,0,0
255,brute_force,scene_stress,0,84,0,0,0,0,0,0,0,0,0
256,brute_force,scene_stress,0,84,0,0,0,0,0,0,0,0,0
257,brute_force,scene_stress,0,84,0,0,0,0,0,0,0,0,0
258,brute_force,scene_stress,0,84,0,0,0,0,0,0,0,0,0
259,brute_force,scene_stress,0,84,0,0,0,0,0,0,0,0,0
260,brute_force,scene_stress,0,84,0,0,0,0,0,0,0,0,0
261,brute_force,scene_stress,0,84,0,0,0,0,0,0,0,0,0
262,brute_force,scene_stress,0,84,0,0,0,0,0,0,0,0,0
263,brute_force,scene_stress,0,84,0,0,0,0,0,0,0,0,0
264,brute_force,scene_stress,0,84,0,0,0,0,0,0,0,0,0
265,brute_force,scene_stress,0,84,0,0,0,0,0,0,0,0,0
266,brute_force,scene_stress,0,84,0,0,0,0,0,0,0,0,0
267,brute_force,scene_stress,0,84,0,0,0,0,0,0,0,0,0
268,brute_force,scene_stress,0,84,0,0,0,0,0,0,0,0,0
269,brute_force,scene_stress,0,84,0,0,0,0,0,0,0,0,0
270,brute_force,scene_stress,0,84,0,0,0,0,0,0,0,0,0
271,brute_force,scene_stress,0,84,0,0,0,0,0,0,0,0,0
272,brute_force,scene_stress,0,84,0,0,0,0,0,0,0,0,0
273,brute_force,scene_stress,0,84,0,0,0,0,0,0,0,0,0
274,brute_force,scene_stress,0,84,0,0,0,0,0,0,0,0,0
275,brute_force,scene_stress,0,84,0,0,0,0,0,0,0,0,0
276,brute_force,scene_stress,0,84,0,0,0,0,0,0,0,0,0
277,brute_force,scene_stress,0,84,0,0,0,0,0,0,0,0,0
278,brute_force,scene_stress,0,84,0,0,0,0,0,0,0,0,0
279,brute_force,scene_stress,0,84,0,0,0,0,0,0,0,0,0
280,brute_force,scene_stress,0,84,0,0,0,0,0,0,0,0,0
281,brute_force,scene_stress,0,84,0,0,0,0,0,0,0,0,0
282,brute_force,scene_stress,0,84,0,0,0,0,0,0,0,0,0
283,brute_force,scene_stress,0,84,0,0,0,0,0,0,0,0,0
284,brute_force,scene_stress,0,84,0,0,0,0,0,0,0,0,0
285,brute_force,scene_stress,0,84,0,0,0,0,0,0,0,0,0
286,brute_force,scene_stress,0,84,0,0,0,0,0,0,0,0,0
287,brute_force,scene_stress,0,84,0,0,0,0,0,0,0,0,0
288,brute_force,scene_stress,0,84,0,0,0,0,0,0,0,0,0
289,brute_force,scene_stress,0,84,0,0,0,0,0,0,0,0,0
290,brute_force,scene_stress,0,84,0,0,85,7140,7140,0,0.0028,0.0136,0.9082
291,brute_force,scene_stress,0,84,0,0,85,7140,7140,0,0.0007,0.0127,0.9032
292,brute_force,scene_stress,0,84,0,0,85,7140,7140,0,0.0007,0.0131,0.9503
293,brute_force,scene_stress,0,84,0,0,85,7140,7140,0,0.0008,0.0125,0.8993
294,brute_force,scene_stress,0,84,0,0,85,7140,7140,0,0.0006,0.0123,0.8856
295,brute_force,scene_stress,0,84,0,0,85,7140,7140,0,0.0006,0.0123,0.8932
296,brute_force,scene_stress,0,84,0,0,85,7140,7140,0,0.0005,0.0124,0.9051
297,brute_force,scene_stress,0,84,0,0,85,7140,7140,0,0.0006,0.0121,0.9195
298,brute_force,scene_stress,0,84,0,0,85,7140,7140,0,0.0007,0.0123,0.8894
299,brute_force,scene_stress,0,84,0,0,85,7140,7140,0,0.0005,0.0123,0.8934
300,brute_force,scene_stress,0,84,0,0,85,7140,7140,0,0.0008,0.0123,0.8926
301,brute_force,scene_stress,0,84,0,0,85,7140,7140,0,0.0006,0.0121,0.9182
302,brute_force,scene_stress,0,84,0,0,85,7140,7140,0,0.0007,0.0125,0.8919
303,brute_force,scene_stress,0,84,0,0,85,7140,7140,0,0.0006,0.0123,0.887
304,brute_force,scene_stress,0,84,0,0,85,7140,7140,0,0.0008,0.0121,0.8975
305,brute_force,scene_stress,0,84,0,0,85,7140,7140,0,0.0007,0.0125,0.9081
306,brute_force,scene_stress,0,84,0,0,85,7140,7140,0,0.0008,0.0124,0.8933
307,brute_force,scene_stress,0,84,0,0,85,7140,7140,0,0.0007,0.0123,0.8934
308,brute_force,scene_stress,0,84,0,0,85,7140,7140,0,0.0008,0.0125,0.8985
309,brute_force,scene_stress,0,84,0,0,85,7140,7140,0,0.0008,0.0127,1.0411
310,brute_force,scene_stress,0,84,0,0,85,7140,7140,0,0.0006,0.0123,0.8983
311,brute_force,scene_stress,0,84,0,0,85,7140,7140,0,0.0008,0.0129,0.9335
312,brute_force,scene_stress,0,84,0,0,85,7140,7140,0,0.0008,0.0122,0.9054
313,brute_force,scene_stress,0,84,0,0,85,7140,7140,0,0.0008,0.0123,0.9201
314,brute_force,scene_stress,0,84,0,0,85,7140,7140,0,0.0007,0.0123,0.8981
315,brute_force,scene_stress,0,84,0,0,85,7140,7140,0,0.0008,0.0124,0.8955
316,brute_force,scene_stress,0,84,0,0,85,7140,7140,0,0.0007,0.0126,0.911
317,brute_force,scene_stress,0,84,0,0,85,7140,7140,0,0.0007,0.0126,0.9039
318,brute_force,scene_stress,0,84,0,0,85,7140,7140,0,0.0007,0.0126,0.9
319,brute_force,scene_stress,0,84,0,0,85,7140,7140,0,0.0007,0.0137,0.9056
320,brute_force,scene_stress,0,84,0,0,85,7140,7140,0,0.0008,0.0127,0.9058
321,brute_force,scene_stress,0,84,0,0,85,7140,7140,0,0.0008,0.0123,0.904
322,brute_force,scene_stress,0,84,0,0,85,7140,7140,0,0.0006,0.0125,0.8939
323,brute_force,scene_stress,0,84,0,0,85,7140,7140,0,0.0008,0.0123,0.8972
324,brute_force,scene_stress,0,84,0,0,85,7140,7140,0,0.0008,0.0126,0.9598
325,brute_force,scene_stress,0,84,0,0,85,7140,7140,0,0.001,0.0129,1.3166
326,brute_force,scene_stress,0,84,0,0,85,7140,7140,0,0.0008,0.0128,0.9227
327,brute_force,scene_stress,0,84,0,0,85,7140,7140,0,0.0011,0.0133,0.9687
328,brute_force,scene_stress,0,84,0,0,85,7140,7140,0,0.0007,0.0129,0.9385
329,brute_force,scene_stress,0,84,0,0,85,7140,7140,0,0.0009,0.0131,0.9445
330,brute_force,scene_stress,0,84,0,0,85,7140,7140,0,0.0009,0.0129,0.9354
331,brute_force,scene_stress,0,84,0,0,85,7140,7140,0,0.0008,0.0129,0.9359
332,brute_force,scene_stress,0,84,0,0,85,7140,7140,0,0.0008,0.0128,0.9247
333,brute_force,scene_stress,0,84,0,0,85,7140,7140,0,0.0008,0.0121,0.8975
334,brute_force,scene_stress,0,84,0,0,85,7140,7140,0,0.001,0.0129,1.1063
335,brute_force,scene_stress,0,84,0,0,85,7140,7140,0,0.0013,0.0127,1.136
336,brute_force,scene_stress,0,84,0,0,85,7140,7140,0,0.0006,0.0124,0.8905
337,brute_force,scene_stress,0,84,0,0,85,7140,7140,0,0.0008,0.0123,0.9001
338,brute_force,scene_stress,0,84,0,0,85,7140,7140,0,0.0007,0.012,0.8758
339,brute_force,scene_stress,0,84,0,0,85,7140,7140,0,0.0008,0.0126,0.9024
340,brute_force,scene_stress,0,84,0,0,85,7140,7140,0,0.0011,0.0231,1.3172
341,brute_force,scene_stress,0,84,1,0,86,7224,7224,0,0.0008,0.0257,0.8959
342,brute_force,scene_stress,0,84,1,0,86,7224,7224,0,0.0008,0.0252,0.8785
343,brute_force,scene_stress,0,84,1,0,86,7224,7224,0,0.0008,0.026,0.9116
344,brute_force,scene_stress,0,84,1,0,86,7224,7224,0,0.0009,0.0255,0.926
345,brute_force,scene_stress,0,84,1,0,86,7224,7224,0,0.0007,0.0256,0.8981
346,brute_force,scene_stress,0,84,1,0,86,7224,7224,0,0.0008,0.0252,0.8972
347,brute_force,scene_stress,0,84,1,0,86,7224,7224,0,0.0007,0.0256,0.8866
348,brute_force,scene_stress,0,84,1,0,86,7224,7224,0,0.0008,0.0252,0.8578
349,brute_force,scene_stress,0,84,1,0,86,7224,7224,0,0.0006,0.0255,0.892
350,brute_force,scene_stress,0,84,1,0,86,7224,7224,0,0.0007,0.0254,0.9231
351,brute_force,scene_stress,0,84,1,0,86,7224,7224,0,0.0008,0.0372,0.9328
352,brute_force,scene_stress,0,84,1,0,86,7224,7224,0,0.0012,0.0289,1.0957
353,brute_force,scene_stress,0,84,1,0,86,7224,7224,0,0.0007,0.0267,0.9594
354,brute_force,scene_stress,0,84,1,0,86,7224,7224,0,0.0009,0.0262,0.913
355,brute_force,scene_stress,0,84,1,0,86,7224,7224,0,0.0007,0.0267,0.9315
356,brute_force,scene_stress,0,84,1,0,86,7224,7224,0,0.0007,0.026,0.8934
357,brute_force,scene_stress,0,84,1,0,86,7224,7224,0,0.0008,0.0259,0.9147
358,brute_force,scene_stress,0,84,1,0,86,7224,7224,0,0.0008,0.0257,0.9066
359,brute_force,scene_stress,0,84,1,0,86,7224,7224,0,0.0009,0.027,0.9266
360,brute_force,scene_stress,0,84,1,0,86,7224,7224,0,0.0006,0.0262,0.9117
361,brute_force,scene_stress,0,83,1,0,86,7224,7224,0,0.0008,0.2682,0.9079
362,brute_force,scene_stress,0,83,0,0,84,6972,6972,0,0.0005,0.0119,0.8708
363,brute_force,scene_stress,0,83,0,0,84,6972,6972,0,0.0007,0.0121,0.8535
364,brute_force,scene_stress,0,83,0,0,84,6972,6972,0,0.0009,0.0121,0.8605
365,brute_force,scene_stress,0,83,0,0,84,6972,6972,0,0.0008,0.0123,0.9238
366,brute_force,scene_stress,0,83,0,0,84,6972,6972,0,0.0007,0.0122,0.86
367,brute_force,scene_stress,0,83,0,0,84,6972,6972,0,0.0008,0.012,0.8515
368,brute_force,scene_stress,0,83,0,0,84,6972,6972,0,0.0006,0.0122,0.8744
369,brute_force,scene_stress,0,83,0,0,84,6972,6972,0,0.0009,0.0124,0.8779
370,brute_force,scene_stress,0,83,0,0,84,6972,6972,0,0.0008,0.0147,0.8746
371,brute_force,scene_stress,0,83,0,0,84,6972,6972,0,0.0009,0.0125,0.896
372,brute_force,scene_stress,0,83,0,0,84,6972,6972,0,0.0008,0.0124,0.8636
373,brute_force,scene_stress,0,83,0,0,84,6972,6972,0,0.0007,0.013,0.9046
374,brute_force,scene_stress,0,83,0,0,84,6972,6972,0,0.0009,0.0127,0.9181
375,brute_force,scene_stress,0,83,0,0,84,6972,6972,0,0.0009,0.0129,0.8913
376,brute_force,scene_stress,0,83,0,0,84,6972,6972,0,0.0007,0.0124,0.919
377,brute_force,scene_stress,0,83,0,0,84,6972,6972,0,0.0006,0.0123,0.871
378,brute_force,scene_stress,0,83,0,0,84,6972,6972,0,0.0009,0.0129,1.0582
379,brute_force,scene_stress,0,83,0,0,84,6972,6972,0,0.0008,0.0161,0.9021
380,brute_force,scene_stress,0,83,0,0,84,6972,6972,0,0.0008,0.0121,0.8531
381,brute_force,scene_stress,0,83,0,0,84,6972,6972,0,0.0006,0.0123,0.8638
382,brute_force,scene_stress,0,83,0,0,84,6972,6972,0,0.0008,0.0124,0.8682
383,brute_force,scene_stress,0,83,0,0,84,6972,6972,0,0.0007,0.0121,0.8697
384,brute_force,scene_stress,0,83,0,0,84,6972,6972,0,0.0006,0.0122,0.8667
385,brute_force,scene_stress,0,83,0,0,84,6972,6972,0,0.0009,0.012,0.8742
386,brute_force,scene_stress,0,83,0,0,84,6972,6972,0,0.0007,0.012,0.887
387,brute_force,scene_stress,0,83,0,0,84,6972,6972,0,0.0006,0.0123,0.863
388,brute_force,scene_stress,0,83,0,0,84,6972,6972,0,0.0008,0.0121,0.8573
389,brute_force,scene_stress,0,83,0,0,84,6972,6972,0,0.0007,0.0123,0.879
390,brute_force,scene_stress,0,83,0,0,84,6972,6972,0,0.0007,0.0121,0.8607
391,brute_force,scene_stress,0,83,0,0,84,6972,6972,0,0.0007,0.0127,0.8823
392,brute_force,scene_stress,0,83,1,0,85,7055,7055,0,0.0008,0.0268,0.91
393,brute_force,scene_stress,0,83,1,0,85,7055,7055,0,0.0015,0.042,1.5005
394,brute_force,scene_stress,0,83,1,0,85,7055,7055,0,0.0008,0.0268,0.9197
395,brute_force,scene_stress,0,83,1,0,85,7055,7055,0,0.0008,0.0269,0.9134
396,brute_force,scene_stress,0,83,1,0,85,7055,7055,0,0.0012,0.0257,0.8888
397,brute_force,scene_stress,0,83,1,0,85,7055,7055,0,0.0008,0.0261,0.9042
398,brute_force,scene_stress,0,83,1,0,85,7055,7055,0,0.0007,0.0248,0.8618
399,brute_force,scene_stress,0,82,1,0,85,7055,7055,0,0.0007,0.0554,0.8555
400,brute_force,scene_stress,0,82,0,0,83,6806,6806,0,0.0005,0.012,0.8452
401,brute_force,scene_stress,0,82,0,0,83,6806,6806,0,0.0007,0.0119,0.8579
402,brute_force,scene_stress,0,82,0,0,83,6806,6806,0,0.0008,0.0121,0.8584
403,brute_force,scene_stress,0,84,0,0,85,7140,7140,0,0.0008,0.0128,0.9171
404,brute_force,scene_stress,0,84,0,0,85,7140,7140,0,0.0007,0.0124,0.9167
405,brute_force,scene_stress,0,84,0,0,85,7140,7140,0,0.0008,0.0123,0.8967
406,brute_force,scene_stress,0,84,0,0,85,7140,7140,0,0.0006,0.0124,0.9174
407,brute_force,scene_stress,0,84,0,0,85,7140,7140,0,0.0006,0.0124,0.9174
408,brute_force,scene_stress,0,84,0,0,85,7140,7140,0,0.0006,0.0124,0.9174
409,brute_force,scene_stress,0,84,0,0,85,7140,7140,0,0.0006,0.0124,0.9174
410,brute_force,scene_stress,0,84,0,0,85,7140,7140,0,0.0006,0.0124,0.9174
411,brute_force,scene_stress,0,84,0,0,85,7140,7140,0,0.0006,0.0124,0.9174
412,brute_force,scene_stress,0,84,0,0,85,7140,7140,0,0.0006,0.0124,0.9174
413,brute_force,scene_stress,0,84,0,0,85,7140,7140,0,0.0006,0.0124,0.9174
414,brute_force,scene_stress,0,84,0,0,85,7140,7140,0,0.0006,0.0124,0.9174
415,brute_force,scene_stress,0,84,0,0,85,7140,7140,0,0.0006,0.0124,0.9174
416,brute_force,scene_stress,0,84,0,0,85,7140,7140,0,0.0006,0.0124,0.9174
417,brute_force,scene_stress,0,84,0,0,85,7140,7140,0,0.0006,0.0124,0.9174
418,brute_force,scene_stress,0,84,0,0,85,7140,7140,0,0.0006,0.0124,0.9174
419,brute_force,scene_stress,0,84,0,0,85,7140,7140,0,0.0006,0.0124,0.9174
420,brute_force,scene_stress,0,84,0,0,85,7140,7140,0,0.0006,0.0124,0.9174
421,brute_force,scene_stress,0,84,0,0,85,7140,7140,0,0.0006,0.0124,0.9174
422,brute_force,scene_stress,0,84,0,0,85,7140,7140,0,0.0006,0.0124,0.9174
423,brute_force,scene_stress,0,84,0,0,85,7140,7140,0,0.0006,0.0124,0.9174
424,brute_force,scene_stress,0,84,0,0,85,7140,7140,0,0.0006,0.0124,0.9174
425,brute_force,scene_stress,0,84,0,0,85,7140,7140,0,0.0006,0.0124,0.9174
426,brute_force,scene_stress,0,84,0,0,85,7140,7140,0,0.0006,0.0124,0.9174
427,brute_force,scene_stress,0,84,0,0,85,7140,7140,0,0.0006,0.0124,0.9174
428,brute_force,scene_stress,0,84,0,0,85,7140,7140,0,0.0006,0.0124,0.9174
429,brute_force,scene_stress,0,84,0,0,85,7140,7140,0,0.0006,0.0124,0.9174
430,brute_force,scene_stress,0,84,0,0,85,7140,7140,0,0.0006,0.0124,0.9174
431,brute_force,scene_stress,0,84,0,0,85,7140,7140,0,0.0006,0.0124,0.9174
432,brute_force,scene_stress,0,84,0,0,85,7140,7140,0,0.0006,0.0124,0.9174
433,brute_force,scene_stress,0,84,0,0,85,7140,7140,0,0.0006,0.0124,0.9174
434,brute_force,scene_stress,0,84,0,0,85,7140,7140,0,0.0006,0.0124,0.9174
435,brute_force,scene_stress,0,84,0,0,85,7140,7140,0,0.0006,0.0124,0.9174
436,brute_force,scene_stress,0,84,0,0,85,7140,7140,0,0.0006,0.0124,0.9174
437,brute_force,scene_stress,0,84,0,0,85,7140,7140,0,0.0006,0.0124,0.9174
438,brute_force,scene_stress,0,84,0,0,85,7140,7140,0,0.0006,0.0124,0.9174
439,brute_force,scene_stress,0,84,0,0,85,7140,7140,0,0.0006,0.0124,0.9174
440,brute_force,scene_stress,0,84,0,0,85,7140,7140,0,0.0006,0.0124,0.9174
441,brute_force,scene_stress,0,84,0,0,85,7140,7140,0,0.0006,0.0124,0.9174
442,brute_force,scene_stress,0,84,0,0,85,7140,7140,0,0.0006,0.0124,0.9174
443,brute_force,scene_stress,0,84,0,0,85,7140,7140,0,0.0006,0.0124,0.9174
444,brute_force,scene_stress,0,84,0,0,85,7140,7140,0,0.0006,0.0124,0.9174
445,brute_force,scene_stress,0,84,0,0,85,7140,7140,0,0.0006,0.0124,0.9174
446,brute_force,scene_stress,0,84,0,0,85,7140,7140,0,0.0006,0.0124,0.9174
447,brute_force,scene_stress,0,84,0,0,85,7140,7140,0,0.0006,0.0124,0.9174
448,brute_force,scene_stress,0,84,0,0,85,7140,7140,0,0.0006,0.0124,0.9174
449,brute_force,scene_stress,0,84,0,0,85,7140,7140,0,0.0006,0.0124,0.9174
450,brute_force,scene_stress,0,84,0,0,85,7140,7140,0,0.0006,0.0124,0.9174
451,brute_force,scene_stress,0,84,0,0,85,7140,7140,0,0.0006,0.0124,0.9174
452,brute_force,scene_stress,0,84,0,0,85,7140,7140,0,0.0006,0.0124,0.9174
453,brute_force,scene_stress,0,84,0,0,85,7140,7140,0,0.0006,0.0124,0.9174
454,brute_force,scene_stress,0,84,0,0,85,7140,7140,0,0.0006,0.0124,0.9174
455,brute_force,scene_stress,0,84,0,0,85,7140,7140,0,0.0006,0.0124,0.9174
456,brute_force,scene_stress,0,84,0,0,85,7140,7140,0,0.0006,0.0124,0.9174
457,brute_force,scene_stress,0,84,0,0,85,7140,7140,0,0.0006,0.0124,0.9174
458,brute_force,scene_stress,0,84,0,0,85,7140,7140,0,0.0006,0.0124,0.9174
459,brute_force,scene_stress,0,84,0,0,85,7140,7140,0,0.0006,0.0124,0.9174
460,brute_force,scene_stress,0,84,0,0,85,7140,7140,0,0.0006,0.0124,0.9174
461,brute_force,scene_stress,0,84,0,0,85,7140,7140,0,0.0006,0.0124,0.9174
462,brute_force,scene_stress,0,84,0,0,85,7140,7140,0,0.0006,0.0124,0.9174
463,brute_force,scene_stress,0,84,0,0,85,7140,7140,0,0.0006,0.0124,0.9174
464,brute_force,scene_stress,0,84,0,0,85,7140,7140,0,0.0006,0.0124,0.9174
465,brute_force,scene_stress,0,84,0,0,85,7140,7140,0,0.0006,0.0124,0.9174
466,brute_force,scene_stress,0,84,0,0,85,7140,7140,0,0.0006,0.0124,0.9174
467,brute_force,scene_stress,0,84,0,0,85,7140,7140,0,0.0006,0.0124,0.9174
468,brute_force,scene_stress,0,84,0,0,85,7140,7140,0,0.0006,0.0124,0.9174
469,brute_force,scene_stress,0,84,0,0,85,7140,7140,0,0.0006,0.0124,0.9174
470,brute_force,scene_stress,0,84,0,0,85,7140,7140,0,0.0006,0.0124,0.9174
471,brute_force,scene_stress,0,84,0,0,85,7140,7140,0,0.0006,0.0124,0.9174
472,brute_force,scene_stress,0,84,0,0,85,7140,7140,0,0.0006,0.0124,0.9174
473,brute_force,scene_stress,0,84,0,0,85,7140,7140,0,0.0006,0.0124,0.9174
474,brute_force,scene_stress,0,84,0,0,85,7140,7140,0,0.0006,0.0124,0.9174
475,brute_force,scene_stress,0,84,0,0,85,7140,7140,0,0.0006,0.0124,0.9174
476,brute_force,scene_stress,0,84,0,0,85,7140,7140,0,0.0006,0.0124,0.9174
477,brute_force,scene_stress,0,84,0,0,85,7140,7140,0,0.0006,0.0124,0.9174
478,brute_force,scene_stress,0,84,0,0,85,7140,7140,0,0.0006,0.0124,0.9174
479,brute_force,scene_stress,0,84,0,0,85,7140,7140,0,0.0006,0.0124,0.9174
480,brute_force,scene_stress,0,84,0,0,85,7140,7140,0,0.0006,0.0124,0.9174
481,brute_force,scene_stress,0,84,0,0,85,7140,7140,0,0.0006,0.0124,0.9174
482,brute_force,scene_stress,0,84,0,0,85,7140,7140,0,0.0006,0.0124,0.9174
483,brute_force,scene_stress,0,84,0,0,85,7140,7140,0,0.0006,0.0124,0.9174
484,brute_force,scene_stress,0,84,0,0,85,7140,7140,0,0.0006,0.0124,0.9174
485,brute_force,scene_stress,0,84,0,0,85,7140,7140,0,0.0006,0.0124,0.9174
486,brute_force,scene_stress,0,84,0,0,85,7140,7140,0,0.0006,0.0124,0.9174
487,brute_force,scene_stress,0,84,0,0,85,7140,7140,0,0.0006,0.0124,0.9174
488,brute_force,scene_stress,0,84,0,0,85,7140,7140,0,0.0006,0.0124,0.9174
489,brute_force,scene_stress,0,84,0,0,85,7140,7140,0,0.0006,0.0124,0.9174
490,brute_force,scene_stress,0,84,0,0,85,7140,7140,0,0.0006,0.0124,0.9174
491,brute_force,scene_stress,0,84,0,0,85,7140,7140,0,0.0006,0.0124,0.9174
492,brute_force,scene_stress,0,84,0,0,85,7140,7140,0,0.0006,0.0124,0.9174
493,brute_force,scene_stress,0,84,0,0,85,7140,7140,0,0.0006,0.0124,0.9174
494,brute_force,scene_stress,0,84,0,0,85,7140,7140,0,0.0006,0.0124,0.9174
495,brute_force,scene_stress,0,84,0,0,85,7140,7140,0,0.0006,0.0124,0.9174
496,brute_force,scene_stress,0,84,0,0,85,7140,7140,0,0.0006,0.0124,0.9174
497,brute_force,scene_stress,0,84,0,0,85,7140,7140,0,0.0006,0.0124,0.9174
498,brute_force,scene_stress,0,84,0,0,85,7140,7140,0,0.0006,0.0124,0.9174
499,brute_force,scene_stress,0,84,0,0,85,7140,7140,0,0.0006,0.0124,0.9174
500,brute_force,scene_stress,0,84,0,0,85,7140,7140,0,0.0006,0.0124,0.9174
501,brute_force,scene_stress,0,84,0,0,85,7140,7140,0,0.0006,0.0124,0.9174
502,brute_force,scene_stress,0,84,0,0,85,7140,7140,0,0.0006,0.0124,0.9174
503,brute_force,scene_stress,0,84,0,0,85,7140,7140,0,0.0006,0.0124,0.9174
504,brute_force,scene_stress,0,84,0,0,85,7140,7140,0,0.0006,0.0124,0.9174
505,brute_force,scene_stress,0,84,0,0,85,7140,7140,0,0.0006,0.0124,0.9174
506,brute_force,scene_stress,0,84,0,0,85,7140,7140,0,0.0006,0.0124,0.9174
507,brute_force,scene_stress,0,84,0,0,85,7140,7140,0,0.0006,0.0124,0.9174
508,brute_force,scene_stress,0,84,0,0,85,7140,7140,0,0.0006,0.0124,0.9174
509,brute_force,scene_stress,0,84,0,0,85,7140,7140,0,0.0006,0.0124,0.9174
510,brute_force,scene_stress,0,84,0,0,85,7140,7140,0,0.0006,0.0124,0.9174
511,brute_force,scene_stress,0,84,0,0,85,7140,7140,0,0.0006,0.0124,0.9174
512,brute_force,scene_stress,0,84,0,0,85,7140,7140,0,0.0006,0.0124,0.9174
513,brute_force,scene_stress,0,84,0,0,85,7140,7140,0,0.0006,0.0124,0.9174
514,brute_force,scene_stress,0,84,0,0,85,7140,7140,0,0.0006,0.0124,0.9174
515,brute_force,scene_stress,0,84,0,0,85,7140,7140,0,0.0006,0.0124,0.9174
516,brute_force,scene_stress,0,84,0,0,85,7140,7140,0,0.0006,0.0124,0.9174
517,brute_force,scene_stress,0,84,0,0,85,7140,7140,0,0.0006,0.0124,0.9174
518,brute_force,scene_stress,0,84,0,0,85,7140,7140,0,0.0006,0.0124,0.9174
519,brute_force,scene_stress,0,84,0,0,85,7140,7140,0,0.0006,0.0124,0.9174
520,brute_force,scene_stress,0,84,0,0,85,7140,7140,0,0.0006,0.0124,0.9174
521,brute_force,scene_stress,0,84,0,0,85,7140,7140,0,0.0006,0.0124,0.9174
522,brute_force,scene_stress,0,84,0,0,85,7140,7140,0,0.0006,0.0124,0.9174
523,brute_force,scene_stress,0,84,0,0,85,7140,7140,0,0.0006,0.0124,0.9174
524,brute_force,scene_stress,0,84,0,0,85,7140,7140,0,0.0006,0.0124,0.9174
525,brute_force,scene_stress,0,84,0,0,85,7140,7140,0,0.0006,0.0124,0.9174
526,brute_force,scene_stress,0,84,0,0,85,7140,7140,0,0.0006,0.0124,0.9174
527,brute_force,scene_stress,0,84,0,0,85,7140,7140,0,0.0006,0.0124,0.9174
528,brute_force,scene_stress,0,84,0,0,85,7140,7140,0,0.0006,0.0124,0.9174
529,brute_force,scene_stress,0,84,0,0,85,7140,7140,0,0.0006,0.0124,0.9174
530,brute_force,scene_stress,0,84,0,0,85,7140,7140,0,0.0006,0.0124,0.9174
531,brute_force,scene_stress,0,84,0,0,85,7140,7140,0,0.0006,0.0124,0.9174
532,brute_force,scene_stress,0,84,0,0,85,7140,7140,0,0.0006,0.0124,0.9174
533,brute_force,scene_stress,0,84,0,0,85,7140,7140,0,0.0006,0.0124,0.9174
534,brute_force,scene_stress,0,84,0,0,85,7140,7140,0,0.0006,0.0124,0.9174
535,brute_force,scene_stress,0,84,0,0,85,7140,7140,0,0.0006,0.0124,0.9174
536,brute_force,scene_stress,0,84,0,0,85,7140,7140,0,0.0006,0.0124,0.9174
537,brute_force,scene_stress,0,84,0,0,85,7140,7140,0,0.0006,0.0124,0.9174
538,brute_force,scene_stress,0,84,0,0,85,7140,7140,0,0.0006,0.0124,0.9174
539,brute_force,scene_stress,0,84,0,0,85,7140,7140,0,0.0006,0.0124,0.9174
540,brute_force,scene_stress,0,84,0,0,85,7140,7140,0,0.0006,0.0124,0.9174
541,brute_force,scene_stress,0,84,0,0,85,7140,7140,0,0.0006,0.0124,0.9174
542,brute_force,scene_stress,0,84,0,0,85,7140,7140,0,0.0006,0.0124,0.9174
543,brute_force,scene_stress,0,84,0,0,85,7140,7140,0,0.0006,0.0124,0.9174
544,brute_force,scene_stress,0,84,0,0,85,7140,7140,0,0.0006,0.0124,0.9174
545,brute_force,scene_stress,0,84,0,0,85,7140,7140,0,0.0006,0.0124,0.9174
546,brute_force,scene_stress,0,84,0,0,85,7140,7140,0,0.0006,0.0124,0.9174
547,brute_force,scene_stress,0,84,0,0,85,7140,7140,0,0.0006,0.0124,0.9174
548,brute_force,scene_stress,0,84,0,0,85,7140,7140,0,0.0006,0.0124,0.9174
549,brute_force,scene_stress,0,84,0,0,85,7140,7140,0,0.0006,0.0124,0.9174
550,brute_force,scene_stress,0,84,0,0,85,7140,7140,0,0.0006,0.0124,0.9174
551,brute_force,scene_stress,0,84,0,0,85,7140,7140,0,0.0006,0.0124,0.9174
552,brute_force,scene_stress,0,84,0,0,85,7140,7140,0,0.0006,0.0124,0.9174
553,brute_force,scene_stress,0,84,0,0,85,7140,7140,0,0.0006,0.0124,0.9174
554,brute_force,scene_stress,0,84,0,0,85,7140,7140,0,0.0006,0.0124,0.9174
555,brute_force,scene_stress,0,84,0,0,85,7140,7140,0,0.0006,0.0124,0.9174
556,brute_force,scene_stress,0,84,0,0,85,7140,7140,0,0.0006,0.0124,0.9174
557,brute_force,scene_stress,0,84,0,0,85,7140,7140,0,0.0006,0.0124,0.9174
558,brute_force,scene_stress,0,84,0,0,85,7140,7140,0,0.0006,0.0124,0.9174
559,brute_force,scene_stress,0,84,0,0,85,7140,7140,0,0.0006,0.0124,0.9174
560,brute_force,scene_stress,0,84,0,0,85,7140,7140,0,0.0006,0.0124,0.9174
561,brute_force,scene_stress,0,84,0,0,85,7140,7140,0,0.0006,0.0124,0.9174
562,brute_force,scene_stress,0,84,0,0,85,7140,7140,0,0.0006,0.0124,0.9174
563,brute_force,scene_stress,0,84,0,0,85,7140,7140,0,0.0006,0.0124,0.9174
564,brute_force,scene_stress,0,84,0,0,85,7140,7140,0,0.0006,0.0124,0.9174
565,brute_force,scene_stress,0,84,0,0,85,7140,7140,0,0.0006,0.0124,0.9174
566,brute_force,scene_stress,0,84,0,0,85,7140,7140,0,0.0006,0.0124,0.9174
567,brute_force,scene_stress,0,84,0,0,85,7140,7140,0,0.0006,0.0124,0.9174
568,brute_force,scene_stress,0,84,0,0,85,7140,7140,0,0.0006,0.0124,0.9174
569,brute_force,scene_stress,0,84,0,0,85,7140,7140,0,0.0006,0.0124,0.9174
570,brute_force,scene_stress,0,84,0,0,85,7140,7140,0,0.0006,0.0124,0.9174
571,brute_force,scene_stress,0,84,0,0,85,7140,7140,0,0.0006,0.0124,0.9174
572,brute_force,scene_stress,0,84,0,0,85,7140,7140,0,0.0006,0.0124,0.9174
573,brute_force,scene_stress,0,84,0,0,85,7140,7140,0,0.0006,0.0124,0.9174
574,brute_force,scene_stress,0,84,0,0,85,7140,7140,0,0.0006,0.0124,0.9174
575,brute_force,scene_stress,0,84,0,0,85,7140,7140,0,0.0006,0.0124,0.9174
576,brute_force,scene_stress,0,84,0,0,85,7140,7140,0,0.0006,0.0124,0.9174
577,brute_force,scene_stress,0,84,0,0,85,7140,7140,0,0.0006,0.0124,0.9174
578,brute_force,scene_stress,0,84,0,0,85,7140,7140,0,0.0006,0.0124,0.9174
579,brute_force,scene_stress,0,84,0,0,85,7140,7140,0,0.0006,0.0124,0.9174
580,brute_force,scene_stress,0,84,0,0,85,7140,7140,0,0.0006,0.0124,0.9174
581,brute_force,scene_stress,0,84,0,0,85,7140,7140,0,0.0006,0.0124,0.9174
582,brute_force,scene_stress,0,84,0,0,85,7140,7140,0,0.0006,0.0124,0.9174
583,brute_force,scene_stress,0,84,0,0,85,7140,7140,0,0.0006,0.0124,0.9174
584,brute_force,scene_stress,0,84,0,0,85,7140,7140,0,0.0006,0.0124,0.9174
585,brute_force,scene_stress,0,84,0,0,85,7140,7140,0,0.0006,0.0124,0.9174
586,brute_force,scene_stress,0,84,0,0,85,7140,7140,0,0.0006,0.0124,0.9174
587,brute_force,scene_stress,0,84,0,0,85,7140,7140,0,0.0006,0.0124,0.9174
588,brute_force,scene_stress,0,84,0,0,85,7140,7140,0,0.0006,0.0124,0.9174
589,brute_force,scene_stress,0,84,0,0,85,7140,7140,0,0.0006,0.0124,0.9174
590,brute_force,scene_stress,0,84,0,0,85,7140,7140,0,0.0006,0.0124,0.9174
591,brute_force,scene_stress,0,84,0,0,85,7140,7140,0,0.0006,0.0124,0.9174
592,brute_force,scene_stress,0,84,0,0,85,7140,7140,0,0.0006,0.0124,0.9174
593,brute_force,scene_stress,0,84,0,0,85,7140,7140,0,0.0006,0.0124,0.9174
594,brute_force,scene_stress,0,84,0,0,85,7140,7140,0,0.0006,0.0124,0.9174
595,brute_force,scene_stress,0,84,0,0,85,7140,7140,0,0.0006,0.0124,0.9174
596,brute_force,scene_stress,0,84,0,0,85,7140,7140,0,0.0006,0.0124,0.9174
597,brute_force,scene_stress,0,84,0,0,85,7140,7140,0,0.0006,0.0124,0.9174
598,brute_force,scene_stress,0,84,0,0,85,7140,7140,0,0.0006,0.0124,0.9174
599,brute_force,scene_stress,0,84,0,0,85,7140,7140,0,0.0006,0.0124,0.9174
600,brute_force,scene_stress,0,84,0,0,85,7140,7140,0,0.0006,0.0124,0.9174
601,brute_force,scene_stress,0,84,0,0,85,7140,7140,0,0.0006,0.0124,0.9174
602,brute_force,scene_stress,0,84,0,0,85,7140,7140,0,0.0006,0.0124,0.9174
603,brute_force,scene_stress,0,84,0,0,85,7140,7140,0,0.0006,0.0124,0.9174
604,brute_force,scene_stress,0,84,0,0,85,7140,7140,0,0.0006,0.0124,0.9174
605,brute_force,scene_stress,0,84,0,0,85,7140,7140,0,0.0006,0.0124,0.9174
606,brute_force,scene_stress,0,84,0,0,85,7140,7140,0,0.0006,0.0124,0.9174
607,brute_force,scene_stress,0,84,0,0,85,7140,7140,0,0.0006,0.0124,0.9174
608,brute_force,scene_stress,0,84,0,0,85,7140,7140,0,0.0006,0.0124,0.9174
609,brute_force,scene_stress,0,84,0,0,85,7140,7140,0,0.0006,0.0124,0.9174
610,brute_force,scene_stress,0,84,0,0,85,7140,7140,0,0.0006,0.0124,0.9174
611,brute_force,scene_stress,0,84,0,0,85,7140,7140,0,0.0006,0.0124,0.9174
612,brute_force,scene_stress,0,84,0,0,85,7140,7140,0,0.0006,0.0124,0.9174
613,brute_force,scene_stress,0,84,0,0,85,7140,7140,0,0.0006,0.0124,0.9174
614,brute_force,scene_stress,0,84,0,0,85,7140,7140,0,0.0006,0.0124,0.9174
615,brute_force,scene_stress,0,84,0,0,85,7140,7140,0,0.0006,0.0124,0.9174
616,brute_force,scene_stress,0,84,0,0,85,7140,7140,0,0.0006,0.0124,0.9174
617,brute_force,scene_stress,0,84,0,0,85,7140,7140,0,0.0006,0.0124,0.9174
618,brute_force,scene_stress,0,84,0,0,85,7140,7140,0,0.0006,0.0124,0.9174
619,brute_force,scene_stress,0,84,0,0,85,7140,7140,0,0.0006,0.0124,0.9174
620,brute_force,scene_stress,0,84,0,0,85,7140,7140,0,0.0006,0.0124,0.9174
621,brute_force,scene_stress,0,84,0,0,85,7140,7140,0,0.0006,0.0124,0.9174
622,brute_force,scene_stress,0,84,0,0,85,7140,7140,0,0.0006,0.0124,0.9174
623,brute_force,scene_stress,0,84,0,0,85,7140,7140,0,0.0006,0.0124,0.9174
624,brute_force,scene_stress,0,84,0,0,85,7140,7140,0,0.0006,0.0124,0.9174
625,brute_force,scene_stress,0,84,0,0,85,7140,7140,0,0.0006,0.0124,0.9174
626,brute_force,scene_stress,0,84,0,0,85,7140,7140,0,0.0006,0.0124,0.9174
627,brute_force,scene_stress,0,84,0,0,85,7140,7140,0,0.0006,0.0124,0.9174
628,brute_force,scene_stress,0,84,0,0,85,7140,7140,0,0.0006,0.0124,0.9174
629,brute_force,scene_stress,0,84,0,0,85,7140,7140,0,0.0006,0.0124,0.9174
630,brute_force,scene_stress,0,84,0,0,85,7140,7140,0,0.0006,0.0124,0.9174
631,brute_force,scene_stress,0,84,0,0,85,7140,7140,0,0.0006,0.0124,0.9174
632,brute_force,scene_stress,0,84,0,0,85,7140,7140,0,0.0006,0.0124,0.9174
633,brute_force,scene_stress,0,84,0,0,85,7140,7140,0,0.0006,0.0124,0.9174
634,brute_force,scene_stress,0,84,0,0,85,7140,7140,0,0.0006,0.0124,0.9174
635,brute_force,scene_stress,0,84,0,0,85,7140,7140,0,0.0006,0.0124,0.9174
636,brute_force,scene_stress,0,84,0,0,85,7140,7140,0,0.0006,0.0124,0.9174
637,brute_force,scene_stress,0,84,0,0,85,7140,7140,0,0.0006,0.0124,0.9174
638,brute_force,scene_stress,0,84,0,0,85,7140,7140,0,0.0006,0.0124,0.9174
639,brute_force,scene_stress,0,84,0,0,85,7140,7140,0,0.0006,0.0124,0.9174
640,brute_force,scene_stress,0,84,0,0,85,7140,7140,0,0.0006,0.0124,0.9174
641,brute_force,scene_stress,0,84,0,0,85,7140,7140,0,0.0006,0.0124,0.9174
642,brute_force,scene_stress,0,84,0,0,85,7140,7140,0,0.0006,0.0124,0.9174
643,brute_force,scene_stress,0,84,0,0,85,7140,7140,0,0.0006,0.0124,0.9174
644,brute_force,scene_stress,0,84,0,0,85,7140,7140,0,0.0006,0.0124,0.9174
645,brute_force,scene_stress,0,84,0,0,85,7140,7140,0,0.0006,0.0124,0.9174
646,brute_force,scene_stress,0,84,0,0,85,7140,7140,0,0.0006,0.0124,0.9174
647,brute_force,scene_stress,0,84,0,0,85,7140,7140,0,0.0006,0.0124,0.9174
648,brute_force,scene_stress,0,84,0,0,85,7140,7140,0,0.0006,0.0124,0.9174
649,brute_force,scene_stress,0,84,0,0,85,7140,7140,0,0.0006,0.0124,0.9174
650,brute_force,scene_stress,0,84,0,0,85,7140,7140,0,0.0006,0.0124,0.9174
651,brute_force,scene_stress,0,84,0,0,85,7140,7140,0,0.0006,0.0124,0.9174
652,brute_force,scene_stress,0,84,0,0,85,7140,7140,0,0.0006,0.0124,0.9174
653,brute_force,scene_stress,0,84,0,0,85,7140,7140,0,0.0006,0.0124,0.9174
654,brute_force,scene_stress,0,84,0,0,85,7140,7140,0,0.0006,0.0124,0.9174
655,brute_force,scene_stress,0,84,0,0,85,7140,7140,0,0.0006,0.0124,0.9174
656,brute_force,scene_stress,0,84,0,0,85,7140,7140,0,0.0006,0.0124,0.9174
657,brute_force,scene_stress,0,84,0,0,85,7140,7140,0,0.0006,0.0124,0.9174
658,brute_force,scene_stress,0,84,0,0,85,7140,7140,0,0.0006,0.0124,0.9174
659,brute_force,scene_stress,0,84,0,0,85,7140,7140,0,0.0006,0.0124,0.9174
660,brute_force,scene_stress,0,84,0,0,85,7140,7140,0,0.0006,0.0124,0.9174
661,brute_force,scene_stress,0,84,0,0,85,7140,7140,0,0.0006,0.0124,0.9174
662,brute_force,scene_stress,0,84,0,0,85,7140,7140,0,0.0006,0.0124,0.9174
663,brute_force,scene_stress,0,84,0,0,85,7140,7140,0,0.0006,0.0124,0.9174
664,brute_force,scene_stress,0,84,0,0,85,7140,7140,0,0.0006,0.0124,0.9174
665,brute_force,scene_stress,0,84,0,0,85,7140,7140,0,0.0006,0.0124,0.9174
666,brute_force,scene_stress,0,84,0,0,85,7140,7140,0,0.0006,0.0124,0.9174
667,brute_force,scene_stress,0,84,0,0,85,7140,7140,0,0.0006,0.0124,0.9174
668,brute_force,scene_stress,0,84,0,0,85,7140,7140,0,0.0006,0.0124,0.9174
669,brute_force,scene_stress,0,84,0,0,85,7140,7140,0,0.0006,0.0124,0.9174
670,brute_force,scene_stress,0,84,0,0,85,7140,7140,0,0.0006,0.0124,0.9174
671,brute_force,scene_stress,0,84,0,0,85,7140,7140,0,0.0006,0.0124,0.9174
672,brute_force,scene_stress,0,84,0,0,85,7140,7140,0,0.0006,0.0124,0.9174
673,brute_force,scene_stress,0,84,0,0,85,7140,7140,0,0.0006,0.0124,0.9174
674,brute_force,scene_stress,0,84,0,0,85,7140,7140,0,0.0006,0.0124,0.9174
675,brute_force,scene_stress,0,84,0,0,85,7140,7140,0,0.0006,0.0124,0.9174
676,brute_force,scene_stress,0,84,0,0,85,7140,7140,0,0.0006,0.0124,0.9174
677,brute_force,scene_stress,0,84,0,0,85,7140,7140,0,0.0006,0.0124,0.9174
678,brute_force,scene_stress,0,84,0,0,85,7140,7140,0,0.0006,0.0124,0.9174
679,brute_force,scene_stress,0,84,0,0,85,7140,7140,0,0.0006,0.0124,0.9174
680,brute_force,scene_stress,0,84,0,0,85,7140,7140,0,0.0006,0.0124,0.9174
681,brute_force,scene_stress,0,84,0,0,85,7140,7140,0,0.0006,0.0124,0.9174
682,brute_force,scene_stress,0,84,0,0,85,7140,7140,0,0.0006,0.0124,0.9174
683,brute_force,scene_stress,0,84,0,0,85,7140,7140,0,0.0006,0.0124,0.9174
684,brute_force,scene_stress,0,84,0,0,85,7140,7140,0,0.0006,0.0124,0.9174
685,brute_force,scene_stress,0,84,0,0,85,7140,7140,0,0.0006,0.0124,0.9174
686,brute_force,scene_stress,0,84,0,0,85,7140,7140,0,0.0006,0.0124,0.9174
687,brute_force,scene_stress,0,84,0,0,85,7140,7140,0,0.0006,0.0124,0.9174
688,brute_force,scene_stress,0,84,0,0,85,7140,7140,0,0.0006,0.0124,0.9174
689,brute_force,scene_stress,0,84,0,0,85,7140,7140,0,0.0006,0.0124,0.9174
690,brute_force,scene_stress,0,84,0,0,85,7140,7140,0,0.0006,0.0124,0.9174
691,brute_force,scene_stress,0,84,0,0,85,7140,7140,0,0.0006,0.0124,0.9174
692,brute_force,scene_stress,0,84,0,0,85,7140,7140,0,0.0006,0.0124,0.9174
693,brute_force,scene_stress,0,84,0,0,85,7140,7140,0,0.0006,0.0124,0.9174
694,brute_force,scene_stress,0,84,0,0,85,7140,7140,0,0.0006,0.0124,0.9174
695,brute_force,scene_stress,0,84,0,0,85,7140,7140,0,0.0006,0.0124,0.9174
696,brute_force,scene_stress,0,84,0,0,85,7140,7140,0,0.0006,0.0124,0.9174
697,brute_force,scene_stress,0,84,0,0,85,7140,7140,0,0.0006,0.0124,0.9174
698,brute_force,scene_stress,0,84,0,0,85,7140,7140,0,0.0006,0.0124,0.9174
699,brute_force,scene_stress,0,84,0,0,85,7140,7140,0,0.0006,0.0124,0.9174
700,brute_force,scene_stress,0,84,0,0,85,7140,7140,0,0.0006,0.0124,0.9174
701,brute_force,scene_stress,0,84,0,0,85,7140,7140,0,0.0006,0.0124,0.9174
702,brute_force,scene_stress,0,84,0,0,85,7140,7140,0,0.0006,0.0124,0.9174
703,brute_force,scene_stress,0,84,0,0,85,7140,7140,0,0.0006,0.0124,0.9174
704,brute_force,scene_stress,0,84,0,0,85,7140,7140,0,0.0006,0.0124,0.9174
705,brute_force,scene_stress,0,84,0,0,85,7140,7140,0,0.0006,0.0124,0.9174
706,brute_force,scene_stress,0,84,0,0,85,7140,7140,0,0.0006,0.0124,0.9174
707,brute_force,scene_stress,0,84,0,0,85,7140,7140,0,0.0006,0.0124,0.9174
708,brute_force,scene_stress,0,84,0,0,85,7140,7140,0,0.0006,0.0124,0.9174
709,brute_force,scene_stress,0,84,0,0,85,7140,7140,0,0.0006,0.0124,0.9174
710,brute_force,scene_stress,0,84,0,0,85,7140,7140,0,0.0006,0.0124,0.9174
711,brute_force,scene_stress,0,84,0,0,85,7140,7140,0,0.0006,0.0124,0.9174
712,brute_force,scene_stress,0,84,0,0,85,7140,7140,0,0.0006,0.0124,0.9174
713,brute_force,scene_stress,0,84,0,0,85,7140,7140,0,0.0006,0.0124,0.9174
714,brute_force,scene_stress,0,84,0,0,85,7140,7140,0,0.0006,0.0124,0.9174
715,brute_force,scene_stress,0,84,0,0,85,7140,7140,0,0.0006,0.0124,0.9174
716,brute_force,scene_stress,0,84,0,0,85,7140,7140,0,0.0006,0.0124,0.9174
717,brute_force,scene_stress,0,84,0,0,85,7140,7140,0,0.0006,0.0124,0.9174
718,brute_force,scene_stress,0,84,0,0,85,7140,7140,0,0.0006,0.0124,0.9174
719,brute_force,scene_stress,0,84,0,0,85,7140,7140,0,0.0006,0.0124,0.9174
720,brute_force,scene_stress,0,84,0,0,85,7140,7140,0,0.0006,0.0124,0.9174
721,brute_force,scene_stress,0,84,0,0,85,7140,7140,0,0.0006,0.0124,0.9174
722,brute_force,scene_stress,0,84,0,0,85,7140,7140,0,0.0006,0.0124,0.9174
723,brute_force,scene_stress,0,84,0,0,85,7140,7140,0,0.0006,0.0124,0.9174
724,brute_force,scene_stress,0,84,0,0,85,7140,7140,0,0.0006,0.0124,0.9174
725,brute_force,scene_stress,0,84,0,0,85,7140,7140,0,0.0006,0.0124,0.9174
726,brute_force,scene_stress,0,84,0,0,85,7140,7140,0,0.0006,0.0124,0.9174
727,brute_force,scene_stress,0,84,0,0,85,7140,7140,0,0.0006,0.0124,0.9174
728,brute_force,scene_stress,0,84,0,0,85,7140,7140,0,0.0006,0.0124,0.9174
729,brute_force,scene_stress,0,84,0,0,85,7140,7140,0,0.0006,0.0124,0.9174
730,brute_force,scene_stress,0,84,0,0,85,7140,7140,0,0.0006,0.0124,0.9174
731,brute_force,scene_stress,0,84,0,0,85,7140,7140,0,0.0006,0.0124,0.9174
732,brute_force,scene_stress,0,84,0,0,85,7140,7140,0,0.0006,0.0124,0.9174
733,brute_force,scene_stress,0,84,0,0,85,7140,7140,0,0.0006,0.0124,0.9174
734,brute_force,scene_stress,0,84,0,0,85,7140,7140,0,0.0006,0.0124,0.9174
735,brute_force,scene_stress,0,84,0,0,85,7140,7140,0,0.0006,0.0124,0.9174
736,brute_force,scene_stress,0,84,0,0,85,7140,7140,0,0.0006,0.0124,0.9174
737,brute_force,scene_stress,0,84,0,0,85,7140,7140,0,0.0006,0.0124,0.9174
738,brute_force,scene_stress,0,84,0,0,85,7140,7140,0,0.0006,0.0124,0.9174
739,brute_force,scene_stress,0,84,0,0,85,7140,7140,0,0.0006,0.0124,0.9174
740,brute_force,scene_stress,0,84,0,0,85,7140,7140,0,0.0006,0.0124,0.9174
741,brute_force,scene_stress,0,84,0,0,85,7140,7140,0,0.0006,0.0124,0.9174
742,brute_force,scene_stress,0,84,0,0,85,7140,7140,0,0.0006,0.0124,0.9174
743,brute_force,scene_stress,0,84,0,0,85,7140,7140,0,0.0006,0.0124,0.9174
744,brute_force,scene_stress,0,84,0,0,85,7140,7140,0,0.0006,0.0124,0.9174
745,brute_force,scene_stress,0,84,0,0,85,7140,7140,0,0.0006,0.0124,0.9174
746,brute_force,scene_stress,0,84,0,0,85,7140,7140,0,0.0006,0.0124,0.9174
747,brute_force,scene_stress,0,84,0,0,85,7140,7140,0,0.0006,0.0124,0.9174
748,brute_force,scene_stress,0,84,0,0,85,7140,7140,0,0.0006,0.0124,0.9174
749,brute_force,scene_stress,0,84,0,0,85,7140,7140,0,0.0006,0.0124,0.9174
750,brute_force,scene_stress,0,84,0,0,85,7140,7140,0,0.0006,0.0124,0.9174
751,brute_force,scene_stress,0,84,0,0,85,7140,7140,0,0.0006,0.0124,0.9174
752,brute_force,scene_stress,0,84,0,0,85,7140,7140,0,0.0006,0.0124,0.9174
753,brute_force,scene_stress,0,84,0,0,85,7140,7140,0,0.0006,0.0124,0.9174
754,brute_force,scene_stress,0,84,0,0,85,7140,7140,0,0.0006,0.0124,0.9174
755,brute_force,scene_stress,0,84,0,0,85,7140,7140,0,0.0006,0.0124,0.9174
756,brute_force,scene_stress,0,84,0,0,85,7140,7140,0,0.0006,0.0124,0.9174
757,brute_force,scene_stress,0,84,0,0,85,7140,7140,0,0.0006,0.0124,0.9174
758,brute_force,scene_stress,0,84,0,0,85,7140,7140,0,0.0006,0.0124,0.9174
759,brute_force,scene_stress,0,84,0,0,85,7140,7140,0,0.0006,0.0124,0.9174
760,brute_force,scene_stress,0,84,0,0,85,7140,7140,0,0.0006,0.0124,0.9174
761,brute_force,scene_stress,0,84,0,0,85,7140,7140,0,0.0006,0.0124,0.9174
762,brute_force,scene_stress,0,84,0,0,85,7140,7140,0,0.0006,0.0124,0.9174
763,brute_force,scene_stress,0,84,0,0,85,7140,7140,0,0.0006,0.0124,0.9174
764,brute_force,scene_stress,0,84,0,0,85,7140,7140,0,0.0006,0.0124,0.9174
765,brute_force,scene_stress,0,84,0,0,85,7140,7140,0,0.0006,0.0124,0.9174
766,brute_force,scene_stress,0,84,0,0,85,7140,7140,0,0.0006,0.0124,0.9174
767,brute_force,scene_stress,0,84,0,0,85,7140,7140,0,0.0006,0.0124,0.9174
768,brute_force,scene_stress,0,84,0,0,85,7140,7140,0,0.0006,0.0124,0.9174
769,brute_force,scene_stress,0,84,0,0,85,7140,7140,0,0.0006,0.0124,0.9174
770,brute_force,scene_stress,0,84,0,0,85,7140,7140,0,0.0006,0.0124,0.9174
771,brute_force,scene_stress,0,84,0,0,85,7140,7140,0,0.0006,0.0124,0.9174
772,brute_force,scene_stress,0,84,0,0,85,7140,7140,0,0.0006,0.0124,0.9174
773,brute_force,scene_stress,0,84,0,0,85,7140,7140,0,0.0006,0.0124,0.9174
774,brute_force,scene_stress,0,84,0,0,85,7140,7140,0,0.0006,0.0124,0.9174
775,brute_force,scene_stress,0,84,0,0,85,7140,7140,0,0.0006,0.0124,0.9174
776,brute_force,scene_stress,0,84,0,0,85,7140,7140,0,0.0006,0.0124,0.9174
777,brute_force,scene_stress,0,84,0,0,85,7140,7140,0,0.0006,0.0124,0.9174
778,brute_force,scene_stress,0,84,0,0,85,7140,7140,0,0.0006,0.0124,0.9174
779,brute_force,scene_stress,0,84,0,0,85,7140,7140,0,0.0006,0.0124,0.9174
780,brute_force,scene_stress,0,84,0,0,85,7140,7140,0,0.0006,0.0124,0.9174
781,brute_force,scene_stress,0,84,0,0,85,7140,7140,0,0.0006,0.0124,0.9174
782,brute_force,scene_stress,0,84,0,0,85,7140,7140,0,0.0006,0.0124,0.9174
783,brute_force,scene_stress,0,84,0,0,85,7140,7140,0,0.0006,0.0124,0.9174
784,brute_force,scene_stress,0,84,0,0,85,7140,7140,0,0.0006,0.0124,0.9174
785,brute_force,scene_stress,0,84,0,0,85,7140,7140,0,0.0006,0.0124,0.9174
786,brute_force,scene_stress,0,84,0,0,85,7140,7140,0,0.0006,0.0124,0.9174
787,brute_force,scene_stress,0,84,0,0,85,7140,7140,0,0.0006,0.0124,0.9174
788,brute_force,scene_stress,0,84,0,0,85,7140,7140,0,0.0006,0.0124,0.9174
789,brute_force,scene_stress,0,84,0,0,85,7140,7140,0,0.0006,0.0124,0.9174
790,brute_force,scene_stress,0,84,0,0,85,7140,7140,0,0.0006,0.0124,0.9174
791,brute_force,scene_stress,0,84,0,0,85,7140,7140,0,0.0006,0.0124,0.9174
792,brute_force,scene_stress,0,84,0,0,85,7140,7140,0,0.0006,0.0124,0.9174
793,brute_force,scene_stress,0,84,0,0,85,7140,7140,0,0.0006,0.0124,0.9174
794,brute_force,scene_stress,0,84,0,0,85,7140,7140,0,0.0006,0.0124,0.9174
795,brute_force,scene_stress,0,84,0,0,85,7140,7140,0,0.0006,0.0124,0.9174
796,brute_force,scene_stress,0,84,0,0,85,7140,7140,0,0.0006,0.0124,0.9174
797,brute_force,scene_stress,0,84,0,0,85,7140,7140,0,0.0006,0.0124,0.9174
798,brute_force,scene_stress,0,84,0,0,85,7140,7140,0,0.0006,0.0124,0.9174
799,brute_force,scene_stress,0,84,0,0,85,7140,7140,0,0.0006,0.0124,0.9174
800,brute_force,scene_stress,0,84,0,0,85,7140,7140,0,0.0006,0.0124,0.9174
801,brute_force,scene_stress,0,84,0,0,85,7140,7140,0,0.0006,0.0124,0.9174
802,brute_force,scene_stress,0,84,0,0,85,7140,7140,0,0.0006,0.0124,0.9174
803,brute_force,scene_stress,0,84,0,0,85,7140,7140,0,0.0006,0.0124,0.9174
804,brute_force,scene_stress,0,84,0,0,85,7140,7140,0,0.0006,0.0124,0.9174
805,brute_force,scene_stress,0,84,0,0,85,7140,7140,0,0.0006,0.0124,0.9174
806,brute_force,scene_stress,0,84,0,0,85,7140,7140,0,0.0006,0.0124,0.9174
807,brute_force,scene_stress,0,84,0,0,85,7140,7140,0,0.0006,0.0124,0.9174
808,brute_force,scene_stress,0,84,0,0,85,7140,7140,0,0.0006,0.0124,0.9174
809,brute_force,scene_stress,0,84,0,0,85,7140,7140,0,0.0006,0.0124,0.9174
810,brute_force,scene_stress,0,84,0,0,85,7140,7140,0,0.0006,0.0124,0.9174
811,brute_force,scene_stress,0,84,0,0,85,7140,7140,0,0.0006,0.0124,0.9174
812,brute_force,scene_stress,0,84,0,0,85,7140,7140,0,0.0006,0.0124,0.9174
813,brute_force,scene_stress,0,84,0,0,85,7140,7140,0,0.0006,0.0124,0.9174
814,brute_force,scene_stress,0,84,0,0,85,7140,7140,0,0.0006,0.0124,0.9174
815,brute_force,scene_stress,0,84,0,0,85,7140,7140,0,0.0006,0.0124,0.9174
816,brute_force,scene_stress,0,84,0,0,85,7140,7140,0,0.0006,0.0124,0.9174
817,brute_force,scene_stress,0,84,0,0,85,7140,7140,0,0.0006,0.0124,0.9174
818,brute_force,scene_stress,0,84,0,0,85,7140,7140,0,0.0006,0.0124,0.9174
819,brute_force,scene_stress,0,84,0,0,85,7140,7140,0,0.0006,0.0124,0.9174
820,brute_force,scene_stress,0,84,0,0,85,7140,7140,0,0.0006,0.0124,0.9174
821,brute_force,scene_stress,0,84,0,0,85,7140,7140,0,0.0006,0.0124,0.9174
822,brute_force,scene_stress,0,84,0,0,85,7140,7140,0,0.0006,0.0124,0.9174
823,brute_force,scene_stress,0,84,0,0,85,7140,7140,0,0.0006,0.0124,0.9174
824,brute_force,scene_stress,0,84,0,0,85,7140,7140,0,0.0006,0.0124,0.9174
825,brute_force,scene_stress,0,84,0,0,85,7140,7140,0,0.0006,0.0124,0.9174
826,brute_force,scene_stress,0,84,0,0,85,7140,7140,0,0.0006,0.0124,0.9174
827,brute_force,scene_stress,0,84,0,0,85,7140,7140,0,0.0006,0.0124,0.9174
828,brute_force,scene_stress,0,84,0,0,85,7140,7140,0,0.0006,0.0124,0.9174
829,brute_force,scene_stress,0,84,0,0,85,7140,7140,0,0.0006,0.0124,0.9174
830,brute_force,scene_stress,0,84,0,0,85,7140,7140,0,0.0006,0.0124,0.9174
831,brute_force,scene_stress,0,84,0,0,85,7140,7140,0,0.0006,0.0124,0.9174
832,brute_force,scene_stress,0,84,0,0,85,7140,7140,0,0.0006,0.0124,0.9174
833,brute_force,scene_stress,0,84,0,0,85,7140,7140,0,0.0006,0.0124,0.9174
834,brute_force,scene_stress,0,84,0,0,85,7140,7140,0,0.0006,0.0124,0.9174
835,brute_force,scene_stress,0,84,0,0,85,7140,7140,0,0.0006,0.0124,0.9174
836,brute_force,scene_stress,0,84,0,0,85,7140,7140,0,0.0006,0.0124,0.9174
837,brute_force,scene_stress,0,84,0,0,85,7140,7140,0,0.0006,0.0124,0.9174
838,brute_force,scene_stress,0,84,0,0,85,7140,7140,0,0.0006,0.0124,0.9174
839,brute_force,scene_stress,0,84,0,0,85,7140,7140,0,0.0006,0.0124,0.9174
840,brute_force,scene_stress,0,84,0,0,85,7140,7140,0,0.0006,0.0124,0.9174
841,brute_force,scene_stress,0,84,0,0,85,7140,7140,0,0.0006,0.0124,0.9174
842,brute_force,scene_stress,0,84,0,0,85,7140,7140,0,0.0006,0.0124,0.9174
843,brute_force,scene_stress,0,84,0,0,85,7140,7140,0,0.0006,0.0124,0.9174
844,brute_force,scene_stress,0,84,0,0,85,7140,7140,0,0.0006,0.0124,0.9174
845,brute_force,scene_stress,0,84,0,0,85,7140,7140,0,0.0006,0.0124,0.9174
846,brute_force,scene_stress,0,84,0,0,85,7140,7140,0,0.0006,0.0124,0.9174
847,brute_force,scene_stress,0,84,0,0,85,7140,7140,0,0.0006,0.0124,0.9174
848,brute_force,scene_stress,0,84,0,0,85,7140,7140,0,0.0006,0.0124,0.9174
849,brute_force,scene_stress,0,84,0,0,85,7140,7140,0,0.0006,0.0124,0.9174
850,brute_force,scene_stress,0,84,0,0,85,7140,7140,0,0.0006,0.0124,0.9174
851,brute_force,scene_stress,0,84,0,0,85,7140,7140,0,0.0006,0.0124,0.9174
852,brute_force,scene_stress,0,84,0,0,85,7140,7140,0,0.0006,0.0124,0.9174
853,brute_force,scene_stress,0,84,0,0,85,7140,7140,0,0.0006,0.0124,0.9174
854,brute_force,scene_stress,0,84,0,0,85,7140,7140,0,0.0006,0.0124,0.9174
855,brute_force,scene_stress,0,84,0,0,85,7140,7140,0,0.0006,0.0124,0.9174
856,brute_force,scene_stress,0,84,0,0,85,7140,7140,0,0.0006,0.0124,0.9174
857,brute_force,scene_stress,0,84,0,0,85,7140,7140,0,0.0006,0.0124,0.9174
858,brute_force,scene_stress,0,84,0,0,85,7140,7140,0,0.0006,0.0124,0.9174
859,brute_force,scene_stress,0,84,0,0,85,7140,7140,0,0.0006,0.0124,0.9174
860,brute_force,scene_stress,0,84,0,0,85,7140,7140,0,0.0006,0.0124,0.9174
861,brute_force,scene_stress,0,84,0,0,85,7140,7140,0,0.0006,0.0124,0.9174
862,brute_force,scene_stress,0,84,0,0,85,7140,7140,0,0.0006,0.0124,0.9174
863,brute_force,scene_stress,0,84,0,0,85,7140,7140,0,0.0006,0.0124,0.9174
864,brute_force,scene_stress,0,84,0,0,85,7140,7140,0,0.0006,0.0124,0.9174
865,brute_force,scene_stress,0,84,0,0,85,7140,7140,0,0.0006,0.0124,0.9174
866,brute_force,scene_stress,0,84,0,0,85,7140,7140,0,0.0006,0.0124,0.9174
867,brute_force,scene_stress,0,84,0,0,85,7140,7140,0,0.0006,0.0124,0.9174
868,brute_force,scene_stress,0,84,0,0,85,7140,7140,0,0.0006,0.0124,0.9174
869,brute_force,scene_stress,0,84,0,0,85,7140,7140,0,0.0006,0.0124,0.9174
870,brute_force,scene_stress,0,84,0,0,85,7140,7140,0,0.0006,0.0124,0.9174
871,brute_force,scene_stress,0,84,0,0,85,7140,7140,0,0.0006,0.0124,0.9174
872,brute_force,scene_stress,0,84,0,0,85,7140,7140,0,0.0006,0.0124,0.9174
873,brute_force,scene_stress,0,84,0,0,85,7140,7140,0,0.0006,0.0124,0.9174
874,brute_force,scene_stress,0,84,0,0,85,7140,7140,0,0.0006,0.0124,0.9174
875,brute_force,scene_stress,0,84,0,0,85,7140,7140,0,0.0006,0.0124,0.9174
876,brute_force,scene_stress,0,84,0,0,85,7140,7140,0,0.0006,0.0124,0.9174
877,brute_force,scene_stress,0,84,0,0,85,7140,7140,0,0.0006,0.0124,0.9174
878,brute_force,scene_stress,0,84,0,0,85,7140,7140,0,0.0006,0.0124,0.9174
879,brute_force,scene_stress,0,84,0,0,85,7140,7140,0,0.0006,0.0124,0.9174
880,brute_force,scene_stress,0,84,0,0,85,7140,7140,0,0.0006,0.0124,0.9174
881,brute_force,scene_stress,0,84,0,0,85,7140,7140,0,0.0006,0.0124,0.9174
882,brute_force,scene_stress,0,84,0,0,85,7140,7140,0,0.0006,0.0124,0.9174
883,brute_force,scene_stress,0,84,0,0,85,7140,7140,0,0.0006,0.0124,0.9174
884,brute_force,scene_stress,0,84,0,0,85,7140,7140,0,0.0006,0.0124,0.9174
885,brute_force,scene_stress,0,84,0,0,85,7140,7140,0,0.0006,0.0124,0.9174
886,brute_force,scene_stress,0,84,0,0,85,7140,7140,0,0.0006,0.0124,0.9174
887,brute_force,scene_stress,0,84,0,0,85,7140,7140,0,0.0006,0.0124,0.9174
888,brute_force,scene_stress,0,84,0,0,85,7140,7140,0,0.0006,0.0124,0.9174
889,brute_force,scene_stress,0,84,0,0,85,7140,7140,0,0.0006,0.0124,0.9174
890,brute_force,scene_stress,0,84,0,0,85,7140,7140,0,0.0006,0.0124,0.9174
891,brute_force,scene_stress,0,84,0,0,85,7140,7140,0,0.0006,0.0124,0.9174
892,brute_force,scene_stress,0,84,0,0,85,7140,7140,0,0.0006,0.0124,0.9174
893,brute_force,scene_stress,0,84,0,0,85,7140,7140,0,0.0006,0.0124,0.9174
894,brute_force,scene_stress,0,84,0,0,85,7140,7140,0,0.0006,0.0124,0.9174
895,brute_force,scene_stress,0,84,0,0,85,7140,7140,0,0.0006,0.0124,0.9174
896,brute_force,scene_stress,0,84,0,0,85,7140,7140,0,0.0006,0.0124,0.9174
897,brute_force,scene_stress,0,84,0,0,85,7140,7140,0,0.0006,0.0124,0.9174
898,brute_force,scene_stress,0,84,0,0,85,7140,7140,0,0.0006,0.0124,0.9174
899,brute_force,scene_stress,0,84,0,0,85,7140,7140,0,0.0006,0.0124,0.9174
900,brute_force,scene_stress,0,84,0,0,85,7140,7140,0,0.0006,0.0124,0.9174
901,brute_force,scene_stress,0,84,0,0,85,7140,7140,0,0.0006,0.0124,0.9174
902,brute_force,scene_stress,0,84,0,0,85,7140,7140,0,0.0006,0.0124,0.9174
903,brute_force,scene_stress,0,84,0,0,85,7140,7140,0,0.0006,0.0124,0.9174
904,brute_force,scene_stress,0,84,0,0,85,7140,7140,0,0.0006,0.0124,0.9174
905,brute_force,scene_stress,0,84,0,0,85,7140,7140,0,0.0006,0.0124,0.9174
906,brute_force,scene_stress,0,84,0,0,85,7140,7140,0,0.0006,0.0124,0.9174
907,brute_force,scene_stress,0,84,0,0,85,7140,7140,0,0.0006,0.0124,0.9174
908,brute_force,scene_stress,0,84,0,0,85,7140,7140,0,0.0006,0.0124,0.9174
909,brute_force,scene_stress,0,84,0,0,85,7140,7140,0,0.0006,0.0124,0.9174
910,brute_force,scene_stress,0,84,0,0,85,7140,7140,0,0.0006,0.0124,0.9174
911,brute_force,scene_stress,0,84,0,0,85,7140,7140,0,0.0006,0.0124,0.9174
912,brute_force,scene_stress,0,84,0,0,85,7140,7140,0,0.0006,0.0124,0.9174
913,brute_force,scene_stress,0,84,0,0,85,7140,7140,0,0.0006,0.0124,0.9174
914,brute_force,scene_stress,0,84,0,0,85,7140,7140,0,0.0006,0.0124,0.9174
915,brute_force,scene_stress,0,84,0,0,85,7140,7140,0,0.0006,0.0124,0.9174
916,brute_force,scene_stress,0,84,0,0,85,7140,7140,0,0.0006,0.0124,0.9174
917,brute_force,scene_stress,0,84,0,0,85,7140,7140,0,0.0006,0.0124,0.9174
918,brute_force,scene_stress,0,84,0,0,85,7140,7140,0,0.0006,0.0124,0.9174
919,brute_force,scene_stress,0,84,0,0,85,7140,7140,0,0.0006,0.0124,0.9174
920,brute_force,scene_stress,0,84,0,0,85,7140,7140,0,0.0006,0.0124,0.9174
921,brute_force,scene_stress,0,84,0,0,85,7140,7140,0,0.0006,0.0124,0.9174
922,brute_force,scene_stress,0,84,0,0,85,7140,7140,0,0.0006,0.0124,0.9174
923,brute_force,scene_stress,0,84,0,0,85,7140,7140,0,0.0006,0.0124,0.9174
924,brute_force,scene_stress,0,84,0,0,85,7140,7140,0,0.0006,0.0124,0.9174
925,brute_force,scene_stress,0,84,0,0,85,7140,7140,0,0.0006,0.0124,0.9174
926,brute_force,scene_stress,0,84,0,0,85,7140,7140,0,0.0006,0.0124,0.9174
927,brute_force,scene_stress,0,84,0,0,85,7140,7140,0,0.0006,0.0124,0.9174
928,brute_force,scene_stress,0,84,0,0,85,7140,7140,0,0.0006,0.0124,0.9174
929,brute_force,scene_stress,0,84,0,0,85,7140,7140,0,0.0006,0.0124,0.9174
930,brute_force,scene_stress,0,84,0,0,85,7140,7140,0,0.0006,0.0124,0.9174
931,brute_force,scene_stress,0,84,0,0,85,7140,7140,0,0.0006,0.0124,0.9174
932,brute_force,scene_stress,0,84,0,0,85,7140,7140,0,0.0006,0.0124,0.9174
933,brute_force,scene_stress,0,84,0,0,85,7140,7140,0,0.0006,0.0124,0.9174
934,brute_force,scene_stress,0,84,0,0,85,7140,7140,0,0.0006,0.0124,0.9174
935,brute_force,scene_stress,0,84,0,0,85,7140,7140,0,0.0006,0.0124,0.9174
936,brute_force,scene_stress,0,84,0,0,85,7140,7140,0,0.0006,0.0124,0.9174
937,brute_force,scene_stress,0,84,0,0,85,7140,7140,0,0.0006,0.0124,0.9174
938,brute_force,scene_stress,0,84,0,0,85,7140,7140,0,0.0006,0.0124,0.9174
939,brute_force,scene_stress,0,84,0,0,85,7140,7140,0,0.0006,0.0124,0.9174
940,brute_force,scene_stress,0,84,0,0,85,7140,7140,0,0.0006,0.0124,0.9174
941,brute_force,scene_stress,0,84,0,0,85,7140,7140,0,0.0006,0.0124,0.9174
942,brute_force,scene_stress,0,84,0,0,85,7140,7140,0,0.0006,0.0124,0.9174
943,brute_force,scene_stress,0,84,0,0,85,7140,7140,0,0.0006,0.0124,0.9174
944,brute_force,scene_stress,0,84,0,0,85,7140,7140,0,0.0006,0.0124,0.9174
945,brute_force,scene_stress,0,84,0,0,85,7140,7140,0,0.0006,0.0124,0.9174
946,brute_force,scene_stress,0,84,0,0,85,7140,7140,0,0.0006,0.0124,0.9174
947,brute_force,scene_stress,0,84,0,0,85,7140,7140,0,0.0006,0.0124,0.9174
948,brute_force,scene_stress,0,84,0,0,85,7140,7140,0,0.0006,0.0124,0.9174
949,brute_force,scene_stress,0,84,0,0,85,7140,7140,0,0.0006,0.0124,0.9174
950,brute_force,scene_stress,0,84,0,0,85,7140,7140,0,0.0006,0.0124,0.9174
951,brute_force,scene_stress,0,84,0,0,85,7140,7140,0,0.0006,0.0124,0.9174
952,brute_force,scene_stress,0,84,0,0,85,7140,7140,0,0.0006,0.0124,0.9174
953,brute_force,scene_stress,0,84,0,0,85,7140,7140,0,0.0006,0.0124,0.9174
954,brute_force,scene_stress,0,84,0,0,85,7140,7140,0,0.0006,0.0124,0.9174
955,brute_force,scene_stress,0,84,0,0,85,7140,7140,0,0.0006,0.0124,0.9174
956,brute_force,scene_stress,0,84,0,0,85,7140,7140,0,0.0006,0.0124,0.9174
957,brute_force,scene_stress,0,84,0,0,85,7140,7140,0,0.0006,0.0124,0.9174
958,brute_force,scene_stress,0,84,0,0,85,7140,7140,0,0.0006,0.0124,0.9174
959,brute_force,scene_stress,0,84,0,0,85,7140,7140,0,0.0006,0.0124,0.9174
960,brute_force,scene_stress,0,84,0,0,85,7140,7140,0,0.0006,0.0124,0.9174
961,brute_force,scene_stress,0,84,0,0,85,7140,7140,0,0.0006,0.0124,0.9174
962,brute_force,scene_stress,0,84,0,0,85,7140,7140,0,0.0006,0.0124,0.9174
963,brute_force,scene_stress,0,84,0,0,85,7140,7140,0,0.0006,0.0124,0.9174
964,brute_force,scene_stress,0,84,0,0,85,7140,7140,0,0.0006,0.0124,0.9174
965,brute_force,scene_stress,0,84,0,0,85,7140,7140,0,0.0006,0.0124,0.9174
966,brute_force,scene_stress,0,84,0,0,85,7140,7140,0,0.0006,0.0124,0.9174
967,brute_force,scene_stress,0,84,0,0,85,7140,7140,0,0.0006,0.0124,0.9174
968,brute_force,scene_stress,0,84,0,0,85,7140,7140,0,0.0006,0.0124,0.9174
969,brute_force,scene_stress,0,84,0,0,85,7140,7140,0,0.0006,0.0124,0.9174
970,brute_force,scene_stress,0,84,0,0,85,7140,7140,0,0.0006,0.0124,0.9174
971,brute_force,scene_stress,0,84,0,0,85,7140,7140,0,0.0006,0.0124,0.9174
972,brute_force,scene_stress,0,84,0,0,85,7140,7140,0,0.0006,0.0124,0.9174
973,brute_force,scene_stress,0,84,0,0,85,7140,7140,0,0.0006,0.0124,0.9174
974,brute_force,scene_stress,0,84,0,0,85,7140,7140,0,0.0006,0.0124,0.9174
975,brute_force,scene_stress,0,84,0,0,85,7140,7140,0,0.0006,0.0124,0.9174
976,brute_force,scene_stress,0,84,0,0,85,7140,7140,0,0.0006,0.0124,0.9174
977,brute_force,scene_stress,0,84,0,0,85,7140,7140,0,0.0006,0.0124,0.9174
978,brute_force,scene_stress,0,84,0,0,85,7140,7140,0,0.0006,0.0124,0.9174
979,brute_force,scene_stress,0,84,0,0,85,7140,7140,0,0.0006,0.0124,0.9174
980,brute_force,scene_stress,0,84,0,0,85,7140,7140,0,0.0006,0.0124,0.9174
981,brute_force,scene_stress,0,84,0,0,85,7140,7140,0,0.0006,0.0124,0.9174
982,brute_force,scene_stress,0,84,0,0,85,7140,7140,0,0.0006,0.0124,0.9174
983,brute_force,scene_stress,0,84,0,0,85,7140,7140,0,0.0006,0.0124,0.9174
984,brute_force,scene_stress,0,84,0,0,85,7140,7140,0,0.0006,0.0124,0.9174
985,brute_force,scene_stress,0,84,0,0,85,7140,7140,0,0.0006,0.0124,0.9174
986,brute_force,scene_stress,0,84,0,0,85,7140,7140,0,0.0006,0.0124,0.9174
987,brute_force,scene_stress,0,84,0,0,85,7140,7140,0,0.0006,0.0124,0.9174
988,brute_force,scene_stress,0,84,0,0,85,7140,7140,0,0.0006,0.0124,0.9174
989,brute_force,scene_stress,0,84,0,0,85,7140,7140,0,0.0006,0.0124,0.9174
990,brute_force,scene_stress,0,84,0,0,85,7140,7140,0,0.0006,0.0124,0.9174
991,brute_force,scene_stress,0,84,0,0,85,7140,7140,0,0.0006,0.0124,0.9174
992,brute_force,scene_stress,0,84,0,0,85,7140,7140,0,0.0006,0.0124,0.9174
993,brute_force,scene_stress,0,84,0,0,85,7140,7140,0,0.0006,0.0124,0.9174
994,brute_force,scene_stress,0,84,0,0,85,7140,7140,0,0.0006,0.0124,0.9174
995,brute_force,scene_stress,0,84,0,0,85,7140,7140,0,0.0006,0.0124,0.9174
996,brute_force,scene_stress,0,84,0,0,85,7140,7140,0,0.0006,0.0124,0.9174
997,brute_force,scene_stress,0,84,0,0,85,7140,7140,0,0.0006,0.0124,0.9174
998,brute_force,scene_stress,0,84,0,0,85,7140,7140,0,0.0006,0.0124,0.9174
999,brute_force,scene_stress,0,84,0,0,85,7140,7140,0,0.0006,0.0124,0.9174
1000,brute_force,scene_stress,0,84,0,0,85,7140,7140,0,0.0006,0.0124,0.9174
1001,brute_force,scene_stress,0,84,0,0,85,7140,7140,0,0.0006,0.0124,0.9174
1002,brute_force,scene_stress,0,84,0,0,85,7140,7140,0,0.0006,0.0124,0.9174
1003,brute_force,scene_stress,0,84,0,0,85,7140,7140,0,0.0006,0.0124,0.9174
1004,brute_force,scene_stress,0,84,0,0,85,7140,7140,0,0.0006,0.0124,0.9174
1005,brute_force,scene_stress,0,84,0,0,85,7140,7140,0,0.0006,0.0124,0.9174
1006,brute_force,scene_stress,0,84,0,0,85,7140,7140,0,0.0006,0.0124,0.9174
1007,brute_force,scene_stress,0,84,0,0,85,7140,7140,0,0.0006,0.0124,0.9174
1008,brute_force,scene_stress,0,84,0,0,85,7140,7140,0,0.0006,0.0124,0.9174
1009,brute_force,scene_stress,0,84,0,0,85,7140,7140,0,0.0006,0.0124,0.9174
1010,brute_force,scene_stress,0,84,0,0,85,7140,7140,0,0.0006,0.0124,0.9174
1011,brute_force,scene_stress,0,84,0,0,85,7140,7140,0,0.0006,0.0124,0.9174
1012,brute_force,scene_stress,0,84,0,0,85,7140,7140,0,0.0006,0.0124,0.9174
1013,brute_force,scene_stress,0,84,0,0,85,7140,7140,0,0.0006,0.0124,0.9174
1014,brute_force,scene_stress,0,84,0,0,85,7140,7140,0,0.0006,0.0124,0.9174
1015,brute_force,scene_stress,0,84,0,0,85,7140,7140,0,0.0006,0.0124,0.9174
1016,brute_force,scene_stress,0,84,0,0,85,7140,7140,0,0.0006,0.0124,0.9174
1017,brute_force,scene_stress,0,84,0,0,85,7140,7140,0,0.0006,0.0124,0.9174
1018,brute_force,scene_stress,0,84,0,0,85,7140,7140,0,0.0006,0.0124,0.9174
1019,brute_force,scene_stress,0,84,0,0,85,7140,7140,0,0.0006,0.0124,0.9174
1020,brute_force,scene_stress,0,84,0,0,85,7140,7140,0,0.0006,0.0124,0.9174
1021,brute_force,scene_stress,0,84,0,0,85,7140,7140,0,0.0006,0.0124,0.9174
1022,brute_force,scene_stress,0,84,0,0,85,7140,7140,0,0.0006,0.0124,0.9174
1023,brute_force,scene_stress,0,84,0,0,85,7140,7140,0,0.0006,0.0124,0.9174
1024,brute_force,scene_stress,0,84,0,0,85,7140,7140,0,0.0006,0.0124,0.9174
1025,brute_force,scene_stress,0,84,0,0,85,7140,7140,0,0.0006,0.0124,0.9174
1026,brute_force,scene_stress,0,84,0,0,85,7140,7140,0,0.0006,0.0124,0.9174
1027,brute_force,scene_stress,0,84,0,0,85,7140,7140,0,0.0006,0.0124,0.9174
1028,brute_force,scene_stress,0,84,0,0,85,7140,7140,0,0.0006,0.0124,0.9174
1029,brute_force,scene_stress,0,84,0,0,85,7140,7140,0,0.0006,0.0124,0.9174
1030,brute_force,scene_stress,0,84,0,0,85,7140,7140,0,0.0006,0.0124,0.9174
1031,brute_force,scene_stress,0,84,0,0,85,7140,7140,0,0.0006,0.0124,0.9174
1032,brute_force,scene_stress,0,84,0,0,85,7140,7140,0,0.0006,0.0124,0.9174
1033,brute_force,scene_stress,0,84,0,0,85,7140,7140,0,0.0006,0.0124,0.9174
1034,brute_force,scene_stress,0,84,0,0,85,7140,7140,0,0.0006,0.0124,0.9174
1035,brute_force,scene_stress,0,84,0,0,85,7140,7140,0,0.0006,0.0124,0.9174
1036,brute_force,scene_stress,0,84,0,0,85,7140,7140,0,0.0006,0.0124,0.9174
1037,brute_force,scene_stress,0,84,0,0,85,7140,7140,0,0.0006,0.0124,0.9174
1038,brute_force,scene_stress,0,84,0,0,85,7140,7140,0,0.0006,0.0124,0.9174
1039,brute_force,scene_stress,0,84,0,0,85,7140,7140,0,0.0006,0.0124,0.9174
1040,brute_force,scene_stress,0,84,0,0,85,7140,7140,0,0.0006,0.0124,0.9174
1041,brute_force,scene_stress,0,84,0,0,85,7140,7140,0,0.0006,0.0124,0.9174
1042,brute_force,scene_stress,0,84,0,0,85,7140,7140,0,0.0006,0.0124,0.9174
1043,brute_force,scene_stress,0,84,0,0,85,7140,7140,0,0.0006,0.0124,0.9174
1044,brute_force,scene_stress,0,84,0,0,85,7140,7140,0,0.0006,0.0124,0.9174
1045,brute_force,scene_stress,0,84,0,0,85,7140,7140,0,0.0006,0.0124,0.9174
1046,brute_force,scene_stress,0,84,0,0,85,7140,7140,0,0.0006,0.0124,0.9174
1047,brute_force,scene_stress,0,84,0,0,85,7140,7140,0,0.0006,0.0124,0.9174
1048,brute_force,scene_stress,0,84,0,0,85,7140,7140,0,0.0006,0.0124,0.9174
1049,brute_force,scene_stress,0,84,0,0,85,7140,7140,0,0.0006,0.0124,0.9174
1050,brute_force,scene_stress,0,84,0,0,85,7140,7140,0,0.0006,0.0124,0.9174
1051,brute_force,scene_stress,0,84,0,0,85,7140,7140,0,0.0006,0.0124,0.9174
1052,brute_force,scene_stress,0,84,0,0,85,7140,7140,0,0.0006,0.0124,0.9174
1053,brute_force,scene_stress,0,84,0,0,85,7140,7140,0,0.0006,0.0124,0.9174
1054,brute_force,scene_stress,0,84,0,0,85,7140,7140,0,0.0006,0.0124,0.9174
1055,brute_force,scene_stress,0,84,0,0,85,7140,7140,0,0.0006,0.0124,0.9174
1056,brute_force,scene_stress,0,84,0,0,85,7140,7140,0,0.0006,0.0124,0.9174
1057,brute_force,scene_stress,0,84,0,0,85,7140,7140,0,0.0006,0.0124,0.9174
1058,brute_force,scene_stress,0,84,0,0,85,7140,7140,0,0.0006,0.0124,0.9174
1059,brute_force,scene_stress,0,84,0,0,85,7140,7140,0,0.0006,0.0124,0.9174
1060,brute_force,scene_stress,0,84,0,0,85,7140,7140,0,0.0006,0.0124,0.9174
1061,brute_force,scene_stress,0,84,0,0,85,7140,7140,0,0.0006,0.0124,0.9174
1062,brute_force,scene_stress,0,84,0,0,85,7140,7140,0,0.0006,0.0124,0.9174
1063,brute_force,scene_stress,0,84,0,0,85,7140,7140,0,0.0006,0.0124,0.9174
1064,brute_force,scene_stress,0,84,0,0,85,7140,7140,0,0.0006,0.0124,0.9174
1065,brute_force,scene_stress,0,84,0,0,85,7140,7140,0,0.0006,0.0124,0.9174
1066,brute_force,scene_stress,0,84,0,0,85,7140,7140,0,0.0006,0.0124,0.9174
1067,brute_force,scene_stress,0,84,0,0,85,7140,7140,0,0.0006,0.0124,0.9174
1068,brute_force,scene_stress,0,84,0,0,85,7140,7140,0,0.0006,0.0124,0.9174
1069,brute_force,scene_stress,0,84,0,0,85,7140,7140,0,0.0006,0.0124,0.9174
1070,brute_force,scene_stress,0,84,0,0,85,7140,7140,0,0.0006,0.0124,0.9174
1071,brute_force,scene_stress,0,84,0,0,85,7140,7140,0,0.0006,0.0124,0.9174
1072,brute_force,scene_stress,0,84,0,0,85,7140,7140,0,0.0006,0.0124,0.9174
1073,brute_force,scene_stress,0,84,0,0,85,7140,7140,0,0.0006,0.0124,0.9174
1074,brute_force,scene_stress,0,84,0,0,85,7140,7140,0,0.0006,0.0124,0.9174
1075,brute_force,scene_stress,0,84,0,0,85,7140,7140,0,0.0006,0.0124,0.9174
1076,brute_force,scene_stress,0,84,0,0,85,7140,7140,0,0.0006,0.0124,0.9174
1077,brute_force,scene_stress,0,84,0,0,85,7140,7140,0,0.0006,0.0124,0.9174
1078,brute_force,scene_stress,0,84,0,0,85,7140,7140,0,0.0006,0.0124,0.9174
1079,brute_force,scene_stress,0,84,0,0,85,7140,7140,0,0.0006,0.0124,0.9174
1080,brute_force,scene_stress,0,84,0,0,85,7140,7140,0,0.0006,0.0124,0.9174
1081,brute_force,scene_stress,0,84,0,0,85,7140,7140,0,0.0006,0.0124,0.9174
1082,brute_force,scene_stress,0,84,0,0,85,7140,7140,0,0.0006,0.0124,0.9174
1083,brute_force,scene_stress,0,84,0,0,85,7140,7140,0,0.0006,0.0124,0.9174
1084,brute_force,scene_stress,0,84,0,0,85,7140,7140,0,0.0006,0.0124,0.9174
1085,brute_force,scene_stress,0,84,0,0,85,7140,7140,0,0.0006,0.0124,0.9174
1086,brute_force,scene_stress,0,84,0,0,85,7140,7140,0,0.0006,0.0124,0.9174
1087,brute_force,scene_stress,0,84,0,0,85,7140,7140,0,0.0006,0.0124,0.9174
1088,brute_force,scene_stress,0,84,0,0,85,7140,7140,0,0.0006,0.0124,0.9174
1089,brute_force,scene_stress,0,84,0,0,85,7140,7140,0,0.0006,0.0124,0.9174
1090,brute_force,scene_stress,0,84,0,0,85,7140,7140,0,0.0006,0.0124,0.9174
1091,brute_force,scene_stress,0,84,0,0,85,7140,7140,0,0.0006,0.0124,0.9174
1092,brute_force,scene_stress,0,84,0,0,85,7140,7140,0,0.0006,0.0124,0.9174
1093,brute_force,scene_stress,0,84,0,0,85,7140,7140,0,0.0006,0.0124,0.9174
1094,brute_force,scene_stress,0,84,0,0,85,7140,7140,0,0.0006,0.0124,0.9174
1095,brute_force,scene_stress,0,84,0,0,85,7140,7140,0,0.0006,0.0124,0.9174
1096,brute_force,scene_stress,0,84,0,0,85,7140,7140,0,0.0006,0.0124,0.9174
1097,brute_force,scene_stress,0,84,0,0,85,7140,7140,0,0.0006,0.0124,0.9174
1098,brute_force,scene_stress,0,84,0,0,85,7140,7140,0,0.0006,0.0124,0.9174
1099,brute_force,scene_stress,0,84,0,0,85,7140,7140,0,0.0006,0.0124,0.9174
1100,brute_force,scene_stress,0,84,0,0,85,7140,7140,0,0.0006,0.0124,0.9174
1101,brute_force,scene_stress,0,84,0,0,85,7140,7140,0,0.0006,0.0124,0.9174
1102,brute_force,scene_stress,0,84,0,0,85,7140,7140,0,0.0006,0.0124,0.9174
1103,brute_force,scene_stress,0,84,0,0,85,7140,7140,0,0.0006,0.0124,0.9174
1104,brute_force,scene_stress,0,84,0,0,85,7140,7140,0,0.0006,0.0124,0.9174
1105,brute_force,scene_stress,0,84,0,0,85,7140,7140,0,0.0006,0.0124,0.9174
1106,brute_force,scene_stress,0,84,0,0,85,7140,7140,0,0.0006,0.0124,0.9174
1107,brute_force,scene_stress,0,84,0,0,85,7140,7140,0,0.0006,0.0124,0.9174
1108,brute_force,scene_stress,0,84,0,0,85,7140,7140,0,0.0006,0.0124,0.9174
1109,brute_force,scene_stress,0,84,0,0,85,7140,7140,0,0.0006,0.0124,0.9174
1110,brute_force,scene_stress,0,84,0,0,85,7140,7140,0,0.0006,0.0124,0.9174
1111,brute_force,scene_stress,0,84,0,0,85,7140,7140,0,0.0006,0.0124,0.9174
1112,brute_force,scene_stress,0,84,0,0,85,7140,7140,0,0.0006,0.0124,0.9174
1113,brute_force,scene_stress,0,84,0,0,85,7140,7140,0,0.0006,0.0124,0.9174
1114,brute_force,scene_stress,0,84,0,0,85,7140,7140,0,0.0006,0.0124,0.9174
1115,brute_force,scene_stress,0,84,0,0,85,7140,7140,0,0.0006,0.0124,0.9174
1116,brute_force,scene_stress,0,84,0,0,85,7140,7140,0,0.0006,0.0124,0.9174
1117,brute_force,scene_stress,0,84,0,0,85,7140,7140,0,0.0006,0.0124,0.9174
1118,brute_force,scene_stress,0,84,0,0,85,7140,7140,0,0.0006,0.0124,0.9174
1119,brute_force,scene_stress,0,84,0,0,85,7140,7140,0,0.0006,0.0124,0.9174
1120,brute_force,scene_stress,0,84,0,0,85,7140,7140,0,0.0006,0.0124,0.9174
1121,brute_force,scene_stress,0,84,0,0,85,7140,7140,0,0.0006,0.0124,0.9174
1122,brute_force,scene_stress,0,84,0,0,85,7140,7140,0,0.0006,0.0124,0.9174
1123,brute_force,scene_stress,0,84,0,0,85,7140,7140,0,0.0006,0.0124,0.9174
1124,brute_force,scene_stress,0,84,0,0,85,7140,7140,0,0.0006,0.0124,0.9174
1125,brute_force,scene_stress,0,84,0,0,85,7140,7140,0,0.0006,0.0124,0.9174
1126,brute_force,scene_stress,0,84,0,0,85,7140,7140,0,0.0006,0.0124,0.9174
1127,brute_force,scene_stress,0,84,0,0,85,7140,7140,0,0.0006,0.0124,0.9174
1128,brute_force,scene_stress,0,84,0,0,85,7140,7140,0,0.0006,0.0124,0.9174
1129,brute_force,scene_stress,0,84,0,0,85,7140,7140,0,0.0006,0.0124,0.9174
1130,brute_force,scene_stress,0,84,0,0,85,7140,7140,0,0.0006,0.0124,0.9174
1131,brute_force,scene_stress,0,84,0,0,85,7140,7140,0,0.0006,0.0124,0.9174
1132,brute_force,scene_stress,0,84,0,0,85,7140,7140,0,0.0006,0.0124,0.9174
1133,brute_force,scene_stress,0,84,0,0,85,7140,7140,0,0.0006,0.0124,0.9174
1134,brute_force,scene_stress,0,84,0,0,85,7140,7140,0,0.0006,0.0124,0.9174
1135,brute_force,scene_stress,0,84,0,0,85,7140,7140,0,0.0006,0.0124,0.9174
1136,brute_force,scene_stress,0,84,0,0,85,7140,7140,0,0.0006,0.0124,0.9174
1137,brute_force,scene_stress,0,84,0,0,85,7140,7140,0,0.0006,0.0124,0.9174
1138,brute_force,scene_stress,0,84,0,0,85,7140,7140,0,0.0006,0.0124,0.9174
1139,brute_force,scene_stress,0,84,0,0,85,7140,7140,0,0.0006,0.0124,0.9174
1140,brute_force,scene_stress,0,84,0,0,85,7140,7140,0,0.0006,0.0124,0.9174
1141,brute_force,scene_stress,0,84,0,0,85,7140,7140,0,0.0006,0.0124,0.9174
1142,brute_force,scene_stress,0,84,0,0,85,7140,7140,0,0.0006,0.0124,0.9174
1143,brute_force,scene_stress,0,84,0,0,85,7140,7140,0,0.0006,0.0124,0.9174
1144,brute_force,scene_stress,0,84,0,0,85,7140,7140,0,0.0006,0.0124,0.9174
1145,brute_force,scene_stress,0,84,0,0,85,7140,7140,0,0.0006,0.0124,0.9174
1146,brute_force,scene_stress,0,84,0,0,85,7140,7140,0,0.0006,0.0124,0.9174
1147,brute_force,scene_stress,0,84,0,0,85,7140,7140,0,0.0006,0.0124,0.9174
1148,brute_force,scene_stress,0,84,0,0,85,7140,7140,0,0.0006,0.0124,0.9174
1149,brute_force,scene_stress,0,84,0,0,85,7140,7140,0,0.0006,0.0124,0.9174
1150,brute_force,scene_stress,0,84,0,0,85,7140,7140,0,0.0006,0.0124,0.9174
1151,brute_force,scene_stress,0,84,0,0,85,7140,7140,0,0.0006,0.0124,0.9174
1152,brute_force,scene_stress,0,84,0,0,85,7140,7140,0,0.0006,0.0124,0.9174
1153,brute_force,scene_stress,0,84,0,0,85,7140,7140,0,0.0006,0.0124,0.9174
1154,brute_force,scene_stress,0,84,0,0,85,7140,7140,0,0.0006,0.0124,0.9174
1155,brute_force,scene_stress,0,84,0,0,85,7140,7140,0,0.0006,0.0124,0.9174
1156,brute_force,scene_stress,0,84,0,0,85,7140,7140,0,0.0006,0.0124,0.9174
1157,brute_force,scene_stress,0,84,0,0,85,7140,7140,0,0.0006,0.0124,0.9174
1158,brute_force,scene_stress,0,84,0,0,85,7140,7140,0,0.0006,0.0124,0.9174
1159,brute_force,scene_stress,0,84,0,0,85,7140,7140,0,0.0006,0.0124,0.9174
1160,brute_force,scene_stress,0,84,0,0,85,7140,7140,0,0.0006,0.0124,0.9174
1161,brute_force,scene_stress,0,84,0,0,85,7140,7140,0,0.0006,0.0124,0.9174
1162,brute_force,scene_stress,0,84,0,0,85,7140,7140,0,0.0006,0.0124,0.9174
1163,brute_force,scene_stress,0,84,0,0,85,7140,7140,0,0.0006,0.0124,0.9174
1164,brute_force,scene_stress,0,84,0,0,85,7140,7140,0,0.0006,0.0124,0.9174
1165,brute_force,scene_stress,0,84,0,0,85,7140,7140,0,0.0006,0.0124,0.9174
1166,brute_force,scene_stress,0,84,0,0,85,7140,7140,0,0.0006,0.0124,0.9174
1167,brute_force,scene_stress,0,84,0,0,85,7140,7140,0,0.0006,0.0124,0.9174
1168,brute_force,scene_stress,0,84,0,0,85,7140,7140,0,0.0006,0.0124,0.9174
1169,brute_force,scene_stress,0,84,0,0,85,7140,7140,0,0.0006,0.0124,0.9174
1170,brute_force,scene_stress,0,84,0,0,85,7140,7140,0,0.0006,0.0124,0.9174
1171,brute_force,scene_stress,0,84,0,0,85,7140,7140,0,0.0006,0.0124,0.9174
1172,brute_force,scene_stress,0,84,0,0,85,7140,7140,0,0.0006,0.0124,0.9174
1173,brute_force,scene_stress,0,84,0,0,85,7140,7140,0,0.0006,0.0124,0.9174
1174,brute_force,scene_stress,0,84,0,0,85,7140,7140,0,0.0006,0.0124,0.9174
1175,brute_force,scene_stress,0,84,0,0,85,7140,7140,0,0.0006,0.0124,0.9174
1176,brute_force,scene_stress,0,84,0,0,85,7140,7140,0,0.0006,0.0124,0.9174
1177,brute_force,scene_stress,0,84,0,0,85,7140,7140,0,0.0006,0.0124,0.9174
1178,brute_force,scene_stress,0,84,0,0,85,7140,7140,0,0.0006,0.0124,0.9174
1179,brute_force,scene_stress,0,84,0,0,85,7140,7140,0,0.0006,0.0124,0.9174
1180,brute_force,scene_stress,0,84,0,0,85,7140,7140,0,0.0006,0.0124,0.9174
1181,brute_force,scene_stress,0,84,0,0,85,7140,7140,0,0.0006,0.0124,0.9174
1182,brute_force,scene_stress,0,84,0,0,85,7140,7140,0,0.0006,0.0124,0.9174
1183,brute_force,scene_stress,0,84,0,0,85,7140,7140,0,0.0006,0.0124,0.9174
1184,brute_force,scene_stress,0,84,0,0,85,7140,7140,0,0.0006,0.0124,0.9174
1185,brute_force,scene_stress,0,84,0,0,85,7140,7140,0,0.0006,0.0124,0.9174
1186,brute_force,scene_stress,0,84,0,0,85,7140,7140,0,0.0006,0.0124,0.9174
1187,brute_force,scene_stress,0,84,0,0,85,7140,7140,0,0.0006,0.0124,0.9174
1188,brute_force,scene_stress,0,84,0,0,85,7140,7140,0,0.0006,0.0124,0.9174
1189,brute_force,scene_stress,0,84,0,0,85,7140,7140,0,0.0006,0.0124,0.9174
1190,brute_force,scene_stress,0,84,0,0,85,7140,7140,0,0.0006,0.0124,0.9174
1191,brute_force,scene_stress,0,84,0,0,85,7140,7140,0,0.0006,0.0124,0.9174
1192,brute_force,scene_stress,0,84,0,0,85,7140,7140,0,0.0006,0.0124,0.9174
1193,brute_force,scene_stress,0,84,0,0,85,7140,7140,0,0.0006,0.0124,0.9174
1194,brute_force,scene_stress,0,84,0,0,85,7140,7140,0,0.0006,0.0124,0.9174
1195,brute_force,scene_stress,0,84,0,0,85,7140,7140,0,0.0006,0.0124,0.9174
1196,brute_force,scene_stress,0,84,0,0,85,7140,7140,0,0.0006,0.0124,0.9174
1197,brute_force,scene_stress,0,84,0,0,85,7140,7140,0,0.0006,0.0124,0.9174
1198,brute_force,scene_stress,0,84,0,0,85,7140,7140,0,0.0006,0.0124,0.9174
1199,brute_force,scene_stress,0,84,0,0,85,7140,7140,0,0.0006,0.0124,0.9174
1200,brute_force,scene_stress,0,84,0,0,85,7140,7140,0,0.0006,0.0124,0.9174
